2024-09-05	79.41	79.41	79.41	79.41	272	14	19.4286
2024-09-06	79.07	79.24	79.24	79.24	227	13	17.4615
2024-09-09	77.52	78.67	78.67	78.67	211	14	15.0714
2024-09-10	78.43	78.61	78.61	78.61	214	16	13.375
2024-09-11	78.06	78.5	78.5	78.5	210	16	13.125
2024-09-12	78.49	78.5	78.5	78.5	239	14	17.0714
2024-09-13	79.69	78.67	78.67	78.67	270	15	18
2024-09-16	79.63	78.79	78.79	78.79	257	12	21.4167
2024-09-17	80.18	78.94	78.94	78.94	240	11	21.8182
2024-09-18	79.22	78.97	78.97	78.97	194	13	14.9231
2024-09-19	77.42	78.83	78.83	78.83	154	19	8.1053
2024-09-20	77.91	78.75	78.75	78.75	182	21	8.6667
2024-09-23	78.73	78.75	78.75	78.75	215	18	11.9444
2024-09-24	79.15	78.78	78.78	78.78	212	20	10.6
2024-09-25	78.74	78.78	78.78	78.78	198	20	9.9
2024-09-26	78.56	78.76	78.76	78.76	188	28	6.7143
2024-09-27	77.96	78.72	78.72	78.72	183	27	6.7778
2024-09-30	77.84	78.67	78.67	78.67	169	26	6.5
2024-10-01	77.43	78.6	78.6	78.6	179	26	6.8846
2024-10-03	75.81	78.46	78.46	78.46	145	29	5
2024-10-04	74.15	78.26	78.26	78.26	112	34	3.2941
2024-10-07	69.2	77.85	77.85	77.85	88	55	1.6
2024-10-08	69.08	77.46	77.46	77.46	105	46	2.2826
2024-10-09	69.74	77.14	77.14	77.14	120	38	3.1579
2024-10-10	70.87	76.89	76.89	76.89	119	25	4.76
2024-10-11	71.43	76.68	76.68	76.68	142	23	6.1739
2024-10-14	71.51	76.49	76.49	76.49	157	25	6.28
2024-10-15	72	76.33	76.33	76.33	169	23	7.3478
2024-10-16	72.35	76.19	76.19	76.19	185	18	10.2778
2024-10-17	71.67	76.04	76.04	76.04	150	28	5.3571
2024-10-18	70.61	75.75	75.87	75.87	141	36	3.9167
2024-10-21	68.23	75.39	75.63	75.63	138	56	2.4643
2024-10-22	62.91	74.9	75.24	75.24	94	80	1.175
2024-10-23	61.57	74.34	74.84	74.84	92	92	1
2024-10-24	60.14	73.74	74.42	74.42	83	100	0.83
2024-10-25	56.28	73	73.92	73.92	64	121	0.5289
2024-10-28	55.69	72.2	73.42	73.42	68	107	0.6355
2024-10-29	56.28	71.42	72.97	72.97	76	75	1.0133
2024-10-30	57.19	70.65	72.57	72.57	84	45	1.8667
2024-10-31	59.61	70	72.24	72.24	99	28	3.5357
2024-11-01	61.68	69.48	71.99	71.99	107	13	8.2308
2024-11-04	61.09	68.92	71.73	71.73	105	13	8.0769
2024-11-05	61.38	68.34	71.49	71.49	119	11	10.8182
2024-11-06	64.04	67.83	71.32	71.32	145	12	12.0833
2024-11-07	63.95	67.34	71.15	71.15	145	13	11.1538
2024-11-08	62.77	66.81	70.97	70.97	129	16	8.0625
2024-11-11	61.35	66.26	70.77	70.77	108	31	3.4839
2024-11-12	58.98	65.63	70.52	70.52	99	61	1.623
2024-11-13	54.31	64.86	70.19	70.19	79	113	0.6991
2024-11-14	51.56	64.05	69.82	69.82	77	120	0.6417
2024-11-18	50.5	63.27	69.44	69.44	77	136	0.5662
2024-11-19	50.03	62.63	69.07	69.07	81	124	0.6532
2024-11-21	48.88	61.95	68.68	68.68	94	161	0.5839
2024-11-22	49	61.26	68.32	68.32	96	111	0.8649
2024-11-25	51.33	60.61	68.01	68.01	117	81	1.4444
2024-11-26	52.33	59.97	67.73	67.73	126	52	2.4231
2024-11-27	54.74	59.41	67.5	67.5	135	32	4.2188
2024-11-28	55.48	58.86	67.3	67.3	122	25	4.88
2024-11-29	56.83	58.35	67.12	67.12	141	19	7.4211
2024-12-02	58.09	57.89	66.97	66.97	165	22	7.5
2024-12-03	60.8	57.57	66.87	66.87	160	15	10.6667
2024-12-04	61.94	57.36	66.79	66.79	178	11	16.1818
2024-12-05	62.88	57.36	66.73	66.73	181	13	13.9231
2024-12-06	64.04	57.44	66.68	66.68	178	12	14.8333
2024-12-09	65.1	57.6	66.66	66.66	205	10	20.5
2024-12-10	65.79	57.92	66.65	66.65	202	10	20.2
2024-12-11	67.21	58.31	66.65	66.65	215	11	19.5455
2024-12-12	66.12	58.63	66.65	66.65	179	14	12.7857
2024-12-13	64.77	58.89	66.62	66.62	162	19	8.5263
2024-12-16	65.12	59.07	66.6	66.6	176	21	8.381
2024-12-17	63.95	59.15	66.56	66.56	176	33	5.3333
2024-12-18	62.19	59.18	66.5	66.5	154	38	4.0526
2024-12-19	61.72	59.19	66.43	66.43	140	45	3.1111
2024-12-20	57.9	58.99	66.32	66.32	108	65	1.6615
2024-12-23	55.91	58.72	66.18	66.18	89	72	1.2361
2024-12-24	54.57	58.45	66.03	66.03	90	79	1.1392
2024-12-26	54.07	58.21	65.87	65.87	87	78	1.1154
2024-12-27	53.59	58.03	65.71	65.71	94	70	1.3429
2024-12-30	53.19	57.99	65.56	65.56	106	89	1.191
2024-12-31	53.36	58.05	65.4	65.4	98	75	1.3067
2025-01-01	54.56	58.18	65.27	65.27	117	51	2.2941
2025-01-02	55.84	58.38	65.15	65.15	120	38	3.1579
2025-01-03	56.63	58.64	65.05	65.05	128	24	5.3333
2025-01-06	53.38	58.78	64.91	64.91	83	75	1.1067
2025-01-07	52.89	58.83	64.77	64.77	105	71	1.4789
2025-01-08	51.72	58.81	64.62	64.62	88	83	1.0602
2025-01-09	49.8	58.65	64.45	64.45	81	115	0.7043
2025-01-10	46.39	58.35	64.24	64.24	81	156	0.5192
2025-01-13	41.5	57.83	63.99	63.99	70	254	0.2756
2025-01-14	39.87	57.23	63.72	63.72	70	150	0.4667
2025-01-15	38.1	56.47	63.44	63.44	71	132	0.5379
2025-01-16	39.44	55.72	63.18	63.18	65	69	0.942
2025-01-17	40	54.96	62.93	62.93	74	49	1.5102
2025-01-20	41.1	54.19	62.7	62.7	83	46	1.8043
2025-01-21	40.12	53.36	62.46	62.46	66	57	1.1579
2025-01-22	38.47	52.45	62.21	62.21	63	100	0.63
2025-01-23	38.27	51.48	61.96	61.96	67	116	0.5776
2025-01-24	36.56	50.5	61.7	61.7	61	165	0.3697
2025-01-27	32.33	49.42	61.41	61.41	54	266	0.203
2025-01-28	29.41	48.23	61.09	61.09	53	303	0.1749
2025-01-29	30.39	47.11	60.6	60.78	50	183	0.2732
2025-01-30	29.9	46.03	60.1	60.48	47	131	0.3588
2025-01-31	31.75	45.03	59.65	60.2	58	85	0.6824
2025-02-01	33.26	44.21	59.2	59.94	64	51	1.2549
2025-02-03	32.44	43.43	58.74	59.68	64	87	0.7356
2025-02-04	33.2	42.72	58.29	59.43	74	69	1.0725
2025-02-05	33.66	42.04	57.83	59.19	66	63	1.0476
2025-02-06	34.51	41.4	57.37	58.96	69	53	1.3019
2025-02-07	35.32	40.81	56.93	58.74	66	76	0.8684
2025-02-10	32.54	40.11	56.46	58.51	55	143	0.3846
2025-02-11	28.6	39.25	55.97	58.24	48	278	0.1727
2025-02-12	26.89	38.28	55.46	57.96	46	350	0.1314
2025-02-13	24.58	37.21	54.92	57.66	48	356	0.1348
2025-02-14	22.95	36.2	54.36	57.36	43	442	0.0973
2025-02-17	21.1	35.14	53.78	57.04	42	463	0.0907
2025-02-18	19.13	34.05	53.19	56.71	45	542	0.083
2025-02-19	19.36	33.04	52.6	56.4	48	329	0.1459
2025-02-20	20	32.16	52.02	56.09	51	205	0.2488
2025-02-21	20.52	31.46	51.45	55.79	53	140	0.3786
2025-02-24	19.88	30.79	50.89	55.49	48	187	0.2567
2025-02-25	19.12	30.16	50.34	55.19	54	259	0.2085
2025-02-27	17.91	29.44	49.83	54.88	53	394	0.1345
2025-02-28	15.92	28.64	49.3	54.57	43	502	0.0857
2025-03-03	15.17	27.78	48.75	54.25	38	536	0.0709
2025-03-04	14.65	26.93	48.19	53.93	38	446	0.0852
2025-03-05	15.63	26.17	47.63	53.63	43	256	0.168
2025-03-06	17.01	25.46	47.09	53.34	45	104	0.4327
2025-03-07	18.21	24.85	46.55	53.06	47	27	1.7407
2025-03-10	17.51	24.35	46	52.79	49	71	0.6901
2025-03-11	17.05	23.94	45.46	52.51	48	125	0.384
2025-03-12	16.7	23.48	44.92	52.24	51	209	0.244
2025-03-13	15.83	23.01	44.39	51.97	49	281	0.1744
2025-03-17	15.54	22.47	43.92	51.69	50	366	0.1366
2025-03-18	15.48	21.88	43.46	51.42	50	377	0.1326
2025-03-19	17.49	21.38	43.03	51.17	66	209	0.3158
2025-03-20	19.21	20.92	42.66	50.93	72	80	0.9
2025-03-21	21.16	20.5	42.32	50.72	80	28	2.8571
2025-03-24	22.77	20.11	41.98	50.51	70	23	3.0435
2025-03-25	22.36	19.68	41.63	50.31	67	27	2.4815
2025-03-26	21.47	19.31	41.25	50.11	61	68	0.8971
2025-03-27	21	19.05	40.84	49.9	61	106	0.5755
2025-03-28	21.51	18.87	40.45	49.7	60	161	0.3727
2025-04-01	20.65	18.74	40.04	49.5	51	147	0.3469
2025-04-02	21.44	18.69	39.62	49.3	57	69	0.8261
2025-04-03	22.81	18.75	39.2	49.12	56	31	1.8065
2025-04-04	21.6	18.83	38.79	48.93	55	77	0.7143
2025-04-07	18.22	18.79	38.36	48.72	49	217	0.2258
2025-04-08	18.28	18.74	37.95	48.52	46	121	0.3802
2025-04-09	17.19	18.63	37.58	48.31	41	169	0.2426
2025-04-11	19.03	18.6	37.26	48.11	48	71	0.6761
2025-04-15	21.65	18.68	36.97	47.94	59	51	1.1569
2025-04-16	23.68	18.87	36.71	47.78	60	11	5.4545
2025-04-17	25.23	19.18	36.47	47.63	75	7	10.7143
2025-04-21	27.22	19.59	36.25	47.5	78	8	9.75
2025-04-22	28.02	20.03	36.02	47.37	77	7	11
2025-04-23	29.74	20.5	35.79	47.26	73	5	14.6
2025-04-24	30.33	20.95	35.55	47.15	75	8	9.375
2025-04-25	28.11	21.28	35.27	47.03	61	11	5.5455
2025-04-28	27.88	21.62	34.98	46.91	70	18	3.8889
2025-04-29	26.4	21.93	34.67	46.78	59	19	3.1053
2025-04-30	25.26	22.22	34.31	46.65	50	23	2.1739
2025-05-02	23.65	22.48	33.93	46.5	53	33	1.6061
2025-05-05	24.2	22.77	33.54	46.37	60	21	2.8571
2025-05-06	23.15	23.02	33.13	46.23	57	44	1.2955
2025-05-07	22.91	23.2	32.71	46.08	56	53	1.0566
2025-05-08	21.89	23.29	32.27	45.94	51	67	0.7612
2025-05-09	21.6	23.31	31.82	45.79	43	87	0.4943
2025-05-12	24.73	23.37	31.4	45.67	57	46	1.2391
2025-05-13	26.78	23.52	31.02	45.56	68	26	2.6154
2025-05-14	30.28	23.81	30.67	45.47	85	10	8.5
2025-05-15	32.44	24.2	30.36	45.39	87	8	10.875
2025-05-16	34.58	24.63	30.08	45.33	85	10	8.5
2025-05-19	36.8	25.17	29.83	45.28	92	10	9.2
2025-05-20	36.34	25.67	29.62	45.23	82	12	6.8333
2025-05-21	36.95	26.14	29.43	45.18	89	9	9.8889
2025-05-22	37.15	26.66	29.25	45.13	96	14	6.8571
2025-05-23	38.4	27.33	29.1	45.1	91	12	7.5833
2025-05-26	40.27	28.06	28.96	45.07	96	13	7.3846
2025-05-27	40.95	28.85	28.84	45.05	101	10	10.1
2025-05-28	41.29	29.6	28.72	45.02	99	11	9
2025-05-29	41.69	30.26	28.59	45.01	99	11	9
2025-05-30	41.28	30.85	28.45	44.99	108	18	6
2025-06-02	41.82	31.4	28.3	44.97	102	16	6.375
2025-06-03	41.66	31.89	28.18	44.95	83	16	5.1875
2025-06-04	42.88	32.38	28.08	44.94	97	17	5.7059
2025-06-05	44.01	32.86	28.01	44.93	108	15	7.2
2025-06-06	45.14	33.35	27.96	44.94	104	15	6.9333
2025-06-09	47.94	34.01	27.97	44.95	125	11	11.3636
2025-06-10	50.06	34.75	28.06	44.98	135	11	12.2727
2025-06-11	50.76	35.56	28.17	45.01	116	10	11.6
2025-06-12	49.01	36.35	28.28	45.03	105	12	8.75
2025-06-13	48.17	37.17	28.36	45.05	97	14	6.9286
2025-06-16	48.11	37.97	28.45	45.06	102	12	8.5
2025-06-17	47.38	38.78	28.51	45.07	90	13	6.9231
2025-06-18	46.03	39.55	28.57	45.08	87	19	4.5789
2025-06-19	43.33	40.26	28.62	45.07	68	26	2.6154
2025-06-20	42.77	40.97	28.66	45.06	81	27	3
2025-06-23	42.18	41.55	28.72	45.04	74	31	2.3871
2025-06-24	44.8	42.15	28.84	45.04	88	23	3.8261
2025-06-25	47.58	42.73	29.02	45.06	103	19	5.4211
2025-06-26	48.68	43.27	29.21	44.9	113	17	6.6471
2025-06-27	50.14	43.79	29.41	44.76	126	15	8.4
2025-06-30	51.68	44.28	29.61	44.63	138	16	8.625
2025-07-01	52.58	44.82	29.8	44.5	133	14	9.5
2025-07-02	52.78	45.35	30.01	44.37	137	17	8.0588
2025-07-03	53.62	45.9	30.21	44.25	131	19	6.8947
2025-07-04	54.37	46.43	30.42	44.12	126	17	7.4118
2025-07-07	54.64	46.91	30.62	44	112	17	6.5882
2025-07-08	54.36	47.36	30.81	43.87	112	18	6.2222
2025-07-09	55.2	47.82	31.04	43.75	115	17	6.7647
2025-07-10	55.09	48.27	31.3	43.64	113	15	7.5333
2025-07-11	54.87	48.72	31.58	43.52	113	19	5.9474
2025-07-14	55.03	49.16	31.88	43.4	121	18	6.7222
2025-07-15	56.56	49.66	32.22	43.29	136	16	8.5
2025-07-16	58.35	50.17	32.59	43.19	140	15	9.3333
2025-07-17	60.13	50.71	33	43.09	158	13	12.1538
2025-07-18	60.25	51.22	33.41	43.01	135	9	15
2025-07-21	59.74	51.61	33.81	42.92	141	12	11.75
2025-07-22	59.23	51.91	34.2	42.82	136	15	9.0667
2025-07-23	59.17	52.2	34.59	42.74	140	21	6.6667
2025-07-24	59.4	52.54	34.99	42.67	116	23	5.0435
2025-07-25	56.8	52.83	35.38	42.61	99	29	3.4138
2025-07-28	53.12	53	35.75	42.53	85	34	2.5
2025-07-29	53.46	53.2	36.14	42.44	94	36	2.6111
2025-07-30	52.92	53.43	36.52	42.35	109	32	3.4063
2025-07-31	52.53	53.73	36.89	42.26	116	41	2.8293
2025-08-01	50.39	53.99	37.22	42.15	89	55	1.6182
2025-08-04	50.95	54.28	37.55	42.05	95	51	1.8627
2025-08-05	50.89	54.48	37.88	41.94	90	54	1.6667
2025-08-06	49.81	54.56	38.21	41.83	80	73	1.0959
2025-08-07	48.42	54.55	38.53	41.72	74	80	0.925
2025-08-08	46.67	54.43	38.84	41.61	63	90	0.7
2025-08-11	45.83	54.24	39.14	41.53	66	89	0.7416
2025-08-12	46	54.02	39.44	41.45	78	83	0.9398
2025-08-13	47.44	53.84	39.74	41.39	93	70	1.3286
2025-08-14	46.81	53.61	40.02	41.34	80	82	0.9756
2025-08-18	47.86	53.4	40.29	41.3	107	57	1.8772
2025-08-19	49.86	53.24	40.56	41.27	123	32	3.8438
2025-08-20	50.61	53.11	40.84	41.24	133	20	6.65
2025-08-21	51.36	52.98	41.14	41.19	128	19	6.7368
2025-08-22	51.22	52.86	41.44	41.14	129	31	4.1613
2025-08-25	51.27	52.74	41.74	41.09	129	29	4.4483
2025-08-26	49.89	52.56	42.03	41.04	93	48	1.9375
2025-08-28	47.34	52.26	42.29	40.95	80	64	1.25
2025-08-29	45.37	51.83	42.52	40.86	79	74	1.0676
2025-09-01	47.15	51.39	42.77	40.78	97	51	1.902
2025-09-02	49.39	51.03	43.08	40.72	97	32	3.0313
2025-09-03	51.71	50.76	43.42	40.69	114	26	4.3846
2025-09-04	51.33	50.5	43.76	40.67	102	26	3.9231
2025-09-05	51.52	50.24	44.08	40.67	113	24	4.7083
2025-09-08	52.35	50.01	44.39	40.68	125	23	5.4348
2025-09-09	52.46	49.86	44.68	40.69	112	27	4.1481
2025-09-10	53.26	49.87	44.96	40.71	101	24	4.2083
2025-09-11	54.5	49.9	45.23	40.74	89	26	3.4231
2025-09-12	55.94	50	45.51	40.76	91	26	3.5
2025-09-15	56.9	50.15	45.78	40.79	113	21	5.381
2025-09-16	58.17	50.41	46.06	40.8	115	18	6.3889
2025-09-17	59.74	50.7	46.38	40.83	117	16	7.3125
2025-09-18	60.23	51.01	46.7	40.84	124	19	6.5263
2025-09-19	60.67	51.38	47.04	40.86	125	21	5.9524
2025-09-22	59.79	51.75	47.39	40.85	109	26	4.1923
2025-09-23	58.91	52.16	47.74	40.84	121	31	3.9032
2025-09-24	57.39	52.55	48.07	40.81	109	47	2.3191
2025-09-25	55.76	52.87	48.4	40.77	89	56	1.5893
2025-09-26	52.42	53.04	48.69	40.7	65	82	0.7927
2025-09-29	50.74	53.17	48.98	40.63	82	87	0.9425
2025-09-30	48.93	53.21	49.26	40.54	85	103	0.8252
2025-10-01	51.68	53.27	49.52	40.46	81	71	1.1408
2025-10-03	53.38	53.36	49.79	40.41	100	48	2.0833
2025-10-06	54.37	53.46	50.03	40.35	96	56	1.7143
2025-10-07	55.54	53.6	50.26	40.31	97	60	1.6167
2025-10-08	54.83	53.72	50.47	40.27	98	76	1.2895
2025-10-09	54.8	53.89	50.65	40.24	106	77	1.3766
2025-10-10	55.32	54.15	50.84	40.23	92	61	1.5082
2025-10-13	54.68	54.46	51.01	40.22	89	63	1.4127
2025-10-14	52.82	54.65	51.17	40.21	74	91	0.8132
2025-10-15	52.57	54.76	51.31	40.2	93	97	0.9588
2025-10-16	53.22	54.81	51.44	40.2	104	78	1.3333
2025-10-17	53.19	54.87	51.56	40.2	86	80	1.075
2025-10-20	53.79	54.94	51.69	40.2	116	85	1.3647
2025-10-21	54.66	55.02	51.82	40.21	134	47	2.8511
2025-10-23	55.59	55.13	51.96	40.2	107	49	2.1837
2025-10-24	55.53	55.2	52.1	40.2	100	49	2.0408
2025-10-27	56.19	55.26	52.24	40.21	124	52	2.3846
2025-10-28	56.37	55.27	52.38	40.23	132	65	2.0308
2025-10-29	57.63	55.3	52.51	40.26	126	61	2.0656
2025-10-30	57.84	55.29	52.64	40.3	126	54	2.3333
2025-10-31	57.52	55.21	52.74	40.36	114	70	1.6286
2025-11-03	58.16	55.14	52.82	40.44	130	69	1.8841
2025-11-04	56.99	55.02	52.88	40.52	122	69	1.7681
2025-11-06	53.64	54.81	52.93	40.6	100	108	0.9259
2025-11-07	52.71	54.61	52.97	40.67	114	124	0.9194
2025-11-10	51.82	54.42	53.01	40.73	116	144	0.8056
2025-11-11	50.35	54.24	53.04	40.77	118	120	0.9833
2025-11-12	51.76	54.22	53.1	40.83	119	104	1.1442
2025-11-13	52.06	54.26	53.18	40.9	125	106	1.1792
2025-11-14	51.38	54.35	53.27	40.97	115	103	1.1165
2025-11-17	52.57	54.38	53.37	41.05	141	115	1.2261
2025-11-18	52.36	54.34	53.45	41.15	131	133	0.985
2025-11-19	50.92	54.23	53.48	41.25	117	148	0.7905
2025-11-20	50.24	54.05	53.5	41.35	105	148	0.7095
2025-11-21	47.64	53.81	53.47	41.44	89	168	0.5298
2025-11-24	45.43	53.5	53.41	41.51	81	214	0.3785
2025-11-25	44.48	53.14	53.33	41.57	64	192	0.3333
2025-11-26	45.45	52.83	53.26	41.63	92	127	0.7244
2025-11-27	45.65	52.59	53.18	41.69	88	127	0.6929
2025-11-28	46.03	52.37	53.09	41.75	85	128	0.6641
2025-12-01	46.03	52.13	53.01	41.81	105	134	0.7836
2025-12-02	45.82	51.89	52.92	41.86	86	146	0.589
2025-12-03	44.74	51.59	52.82	41.93	66	190	0.3474
2025-12-04	43.44	51.21	52.7	42	67	202	0.3317
2025-12-05	42.31	50.77	52.57	42.08	76	229	0.3319
2025-12-08	39.56	50.24	52.42	42.15	53	283	0.1873
2025-12-09	39	49.66	52.24	42.23	48	223	0.2152
2025-12-10	38.11	49.05	52.04	42.32	51	202	0.2525
2025-12-11	38.98	48.43	51.83	42.42	55	165	0.3333
2025-12-12	39.17	47.81	51.62	42.52	76	127	0.5984
2025-12-15	40.52	47.24	51.43	42.62	79	111	0.7117
2025-12-16	39.72	46.63	51.23	42.71	71	127	0.5591
2025-12-17	39.43	46.04	51.03	42.81	60	182	0.3297
2025-12-18	38.73	45.55	50.83	42.91	63	204	0.3088
2025-12-19	38.78	45.08	50.65	43.01	82	148	0.5541
2025-12-22	40.67	44.71	50.52	43.14	97	104	0.9327
2025-12-23	41.2	44.41	50.4	43.27	92	67	1.3731
2025-12-24	41.34	44.06	50.28	43.4	84	69	1.2174
2025-12-26	41.45	43.71	50.17	43.53	77	89	0.8652
2025-12-29	40.54	43.34	50.08	43.65	79	121	0.6529
2025-12-30	39.09	42.89	49.96	43.75	85	149	0.5705
2025-12-31	39.41	42.46	49.84	43.86	112	106	1.0566
2026-01-01	40.22	42.11	49.75	43.98	123	91	1.3516
2026-01-02	42.04	41.83	49.68	44.1	148	62	2.3871
2026-01-05	41.51	41.63	49.63	44.23	143	76	1.8816
2026-01-06	41.4	41.49	49.59	44.36	139	90	1.5444
2026-01-07	41.4	41.39	49.54	44.49	127	101	1.2574
2026-01-08	38.15	41.15	49.45	44.6	74	138	0.5362
2026-01-09	35.57	40.81	49.34	44.68	58	243	0.2387
2026-01-12	33.15	40.38	49.19	44.74	47	299	0.1572
2026-01-13	32.28	39.92	49.01	44.78	55	288	0.191
2026-01-14	32.58	39.48	48.83	44.84	66	282	0.234
2026-01-15	32.64	39.08	48.64	44.89	67	280	0.2393
2026-01-16	31.94	38.7	48.45	44.95	66	282	0.234
2026-01-19	30.38	38.3	48.24	44.99	60	344	0.1744
2026-01-20	27.16	37.88	48.02	45.02	35	462	0.0758
2026-01-21	24.69	37.41	47.79	45.04	36	521	0.0691
2026-01-22	25.66	36.99	47.59	45.05	47	310	0.1516
2026-01-23	24.53	36.51	47.37	45.07	42	375	0.112
2026-01-27	23.46	35.99	47.11	45.09	44	429	0.1026
2026-01-28	24.73	35.46	46.84	45.13	68	228	0.2982
2026-01-29	25.64	34.99	46.58	45.17	72	194	0.3711
2026-01-30	26.61	34.56	46.33	45.21	58	159	0.3648
2026-02-02	25.59	34.13	46.06	45.23	39	202	0.1931
2026-02-03	28.7	33.79	45.83	45.25	58	117	0.4957
2026-02-04	30.67	33.46	45.6	45.28	79	47	1.6809
2026-02-05	30.44	33.1	45.36	45.3	71	54	1.3148
2026-02-06	30.28	32.73	45.1	45.31	58	86	0.6744
2026-02-09	32.89	32.44	44.86	45.32	96	52	1.8462
2026-02-10	34.49	32.24	44.63	45.34	104	36	2.8889
2026-02-11	35.03	32.11	44.38	45.38	116	43	2.6977
2026-02-12	34.55	31.95	44.12	45.41	105	75	1.4
2026-02-13	32.62	31.69	43.84	45.44	68	106	0.6415
2026-02-16	31.12	31.33	43.55	45.47	75	148	0.5068
2026-02-17	31.55	31	43.28	45.51	96	100	0.96
2026-02-18	31.96	30.68	43.03	45.55	106	99	1.0707
2026-02-19	30.78	30.33	42.78	45.59	65	134	0.4851
2026-02-20	29.71	30.05	42.55	45.62	73	171	0.4269
2026-02-23	30.03	29.86	42.34	45.66	91	188	0.484
2026-02-24	28.75	29.72	42.14	45.7	85	229	0.3712
2026-02-25	28.69	29.6	41.91	45.72	92	243	0.3786
2026-02-26	30.09	29.51	41.68	45.73	99	226	0.4381
2026-02-27	28.27	29.37	41.42	45.72	82	223	0.3677
2026-03-02	25.64	29.16	41.12	45.69	42	337	0.1246
2026-03-04	22.86	28.91	40.8	45.63	32	443	0.0722
2026-03-05	22.75	28.76	40.48	45.56	48	374	0.1283
2026-03-06	23.29	28.71	40.16	45.5	54	337	0.1602
2026-03-09	21.31	28.57	39.82	45.42	35	472	0.0742
2026-03-10	21.57	28.47	39.51	45.34	45	297	0.1515
2026-03-11	22.32	28.43	39.21	45.26	54	212	0.2547
2026-03-12	22	28.34	38.9	45.17	54	254	0.2126
2026-03-13	19.85	28.15	38.56	45.06	32	432	0.0741
2026-03-16	18.76	27.89	38.21	44.95	23	542	0.0424
2026-03-17	19.62	27.69	37.86	44.84	29	458	0.0633
2026-03-18	20.98	27.43	37.52	44.74	31	181	0.1713
2026-03-19	19.74	27.06	37.16	44.63	32	311	0.1029
2026-03-20	19.72	26.71	36.79	44.52	34	334	0.1018
2026-03-23	17.06	26.27	36.4	44.39	31	604	0.0513
2026-03-24	17.27	25.75	36	44.26	29	401	0.0723
2026-03-25	19.51	25.25	35.61	44.13	41	184	0.2228
2026-03-27	18.39	24.69	35.22	43.98	41	394	0.1041
2026-03-30	16.63	24.09	34.81	43.81	28	744	0.0376
2026-04-01	18.1	23.61	34.42	43.65	33	328	0.1006
2026-04-02	18.53	23.19	34.07	43.5	34	44	0.7727
2026-04-06	19.38	22.79	33.73	43.35	45	29	1.5517
2026-04-07	20.77	22.41	33.42	43.22	47	34	1.3824
2026-04-08	24.65	22.21	33.17	43.1	69	8	8.625
2026-04-09	26.24	22.09	32.91	43	76	5	15.2
2026-04-10	28.14	22.03	32.67	42.93	97	3	32.3333
2026-04-13	28.94	22.04	32.45	42.86	101	4	25.25
2026-04-15	31.53	22.13	32.24	42.81	128	4	32
2026-04-16	34.27	22.27	32.06	42.75	131	1	131
2026-04-17	36.61	22.55	31.91	42.7	138	0	\N
2026-04-20	37.3	22.94	31.78	42.64	130	6	21.6667
2026-04-21	38.15	23.45	31.69	42.58	127	6	21.1667
2026-04-22	38.87	23.98	31.62	42.52	144	4	36
2026-04-23	39.11	24.51	31.57	42.45	121	5	24.2
2026-04-24	38.24	25.08	31.5	42.38	99	7	14.1429
2026-04-27	39.7	25.68	31.44	42.31	138	2	69
2026-04-28	41.29	26.31	31.39	42.24	144	4	36
2026-04-29	41.22	26.95	31.34	42.17	138	4	34.5
2026-04-30	40.93	27.66	31.29	42.11	132	8	16.5
2026-05-01	40.75	28.39	31.25	42.04	139	8	17.375
2026-05-04	43.23	29.18	31.25	41.98	180	8	22.5
2026-05-05	44.3	29.95	31.27	41.92	165	8	20.625
2026-05-06	48.63	30.92	31.36	41.89	166	4	41.5
2026-05-07	51.85	31.99	31.49	41.87	209	4	52.25
2026-05-08	51.8	33.14	31.63	41.83	182	2	91
2026-05-11	48.13	34.17	31.72	41.77	135	7	19.2857
2026-05-12	40.61	34.88	31.73	41.68	62	25	2.48
2026-05-13	42.19	35.67	31.75	41.59	89	29	3.069
2026-05-14	42.56	36.53	31.78	41.51	96	27	3.5556
2026-05-15	42.31	37.34	31.81	41.42	88	29	3.0345
2026-05-18	38.62	38.01	31.81	41.32	68	42	1.619
2026-05-19	41.25	38.74	31.83	41.24	85	24	3.5417
2026-05-20	41.15	39.42	31.84	41.18	97	26	3.7308
2026-05-21	43.05	40.03	31.85	41.13	127	27	4.7037
2026-05-22	43.53	40.61	31.88	41.08	112	27	4.1481
2026-05-25	46.21	41.21	31.92	41.05	147	14	10.5
2026-05-26	46.93	41.81	31.99	41.03	143	17	8.4118
2026-05-27	47.69	42.35	32.07	41.02	167	19	8.7895
2026-05-28	47.67	42.8	32.16	41	165	19	8.6842
2026-05-29	45.57	43.09	32.21	40.98	126	36	3.5
2026-06-01	43.46	43.3	32.22	40.95	108	46	2.3478
2026-06-02	45.03	43.53	32.26	40.95	132	32	4.125
2026-06-03	45.24	43.74	32.3	40.94	133	46	2.8913
2026-06-04	46.91	44	32.35	40.95	149	42	3.5476
2026-06-05	46.91	44.29	32.44	40.94	125	33	3.7879
2026-06-08	43.1	44.4	32.52	40.93	78	66	1.1818
2026-06-09	45.76	44.55	32.64	40.91	119	37	3.2162
2026-06-10	44.51	44.66	32.76	40.89	70	45	1.5556
2026-06-11	41.67	44.69	32.86	40.84	54	71	0.7606
2026-06-12	47.31	44.91	33	40.82	108	15	7.2
2026-06-15	50.39	45.14	33.19	40.82	135	6	22.5
2026-06-16	51.09	45.37	33.39	40.82	132	6	22
2026-06-17	52.01	45.48	33.64	40.83	158	9	17.5556
2026-06-18	53.28	45.53	33.93	40.86	156	5	31.2
2026-06-19	53.91	45.6	34.21	40.9	200	7	28.5714
2026-06-22	56.72	45.89	34.53	40.95	213	9	23.6667
2026-06-23	54.4	46.35	34.84	40.97	139	17	8.1765
2026-06-24	55.25	46.78	35.15	40.99	154	16	9.625
2026-06-25	54.53	47.18	35.44	41.01	124	24	5.1667
2026-06-26	54.5	47.59	35.71	41.02	124	24	5.1667
2026-06-29	53.33	48.08	35.99	41.03	153	33	4.6364
2026-06-30	54.52	48.52	36.25	41.04	171	28	6.1071
2026-07-01	55.53	49	36.5	41.05	149	29	5.1379
2026-07-02	57.94	49.5	36.77	41.07	179	13	13.7692
2026-07-03	58.43	49.99	37.06	41.08	184	14	13.1429
2026-07-06	58.69	50.41	37.31	41.09	171	18	9.5
2026-07-07	57.05	50.75	37.54	41.08	129	20	6.45
2026-07-08	52.88	50.92	37.72	41.05	72	40	1.8
2026-07-09	55.11	51.17	37.92	41.02	145	29	5
2026-07-10	57.77	51.57	38.17	41.01	177	15	11.8
2026-07-13	59.45	52.11	38.46	41.01	180	16	11.25
2026-07-14	58.07	52.54	38.72	41	114	26	4.3846
2026-07-15	58.9	53	38.99	41.01	128	28	4.5714
2026-07-16	58.14	53.37	39.27	41.02	147	28	5.25
2026-07-17	57.61	53.73	39.55	41.05	84	32	2.625
2026-07-20	58.11	54.23	39.83	41.08	132	33	4
2026-07-21	58.59	54.66	40.12	41.13	151	28	5.3929
2026-07-22	55.94	55.04	40.4	41.15	110	47	2.3404
2026-07-23	55.2	55.49	40.65	41.16	96	53	1.8113
2026-07-24	55.23	55.75	40.92	41.17	97	39	2.4872
2026-07-27	56.4	55.95	41.23	41.17	133	31	4.2903
2026-07-28	55.45	56.1	41.55	41.17	89	48	1.8542
2026-07-29	57.41	56.28	41.9	41.19	113	29	3.8966
2026-07-30	56.46	56.38	42.23	41.19	103	40	2.575
2026-07-31	57.78	56.51	42.59	41.21	122	25	4.88
2026-08-03	60.49	56.64	42.98	41.25	173	11	15.7273
2026-08-04	60.41	56.84	43.36	41.29	166	18	9.2222
2026-08-05	60.75	57.02	43.75	41.32	195	25	7.8
2026-08-06	61.44	57.25	44.17	41.37	172	20	8.6
2026-08-07	61.51	57.49	44.6	41.4	167	29	5.7586
2026-08-10	61.41	57.76	45.01	41.44	189	39	4.8462
2026-08-11	60.54	57.96	45.41	41.46	158	42	3.7619
2026-08-12	59.8	58.1	45.81	41.48	165	45	3.6667
2026-08-13	60	58.17	46.21	41.5	158	44	3.5909
2026-08-14	59.13	58.19	46.63	41.52	147	50	2.94
2026-08-17	59.85	58.23	47.06	41.53	161	53	3.0377
2026-08-18	59.13	58.3	47.45	41.53	178	55	3.2364
2026-08-19	58.58	58.49	47.86	41.54	149	60	2.4833
2026-08-20	60	58.65	48.29	41.55	176	43	4.093
2026-08-21	60.58	58.75	48.72	41.57	163	38	4.2895
2026-08-24	60.62	58.78	49.14	41.6	155	45	3.4444
2026-08-25	61.05	58.88	49.55	41.64	123	42	2.9286
2026-08-26	61.2	58.96	49.96	41.69	153	44	3.4773
2026-08-27	60.78	59.05	50.32	41.74	141	56	2.5179
2026-08-28	61.36	59.17	50.67	41.79	167	55	3.0364
2026-08-31	60.01	59.24	50.99	41.83	180	79	2.2785
2026-09-01	59.1	59.25	51.29	41.87	134	68	1.9706
2026-09-02	58.05	59.32	51.55	41.9	115	80	1.4375
2026-09-03	59.59	59.47	51.81	41.93	164	56	2.9286
2026-09-04	60.61	59.65	52.05	41.98	164	48	3.4167
