Refineries/Petro-Products	2026-09-04	9	350.0221	0.2938	350.0221	229.6467	0	52.4177	349.4173	345.1731	338.7822	326.6577	300.3469	279.2541	61.88	{"3":true,"8":true,"30":true,"50":true,"100":true,"200":true}	{"3":true,"8":true,"30":true,"100":true}	{"3":{"streak":5,"capped":false},"8":{"streak":4,"capped":false},"30":{"streak":78,"capped":false},"50":{"streak":102,"capped":false},"100":{"streak":79,"capped":false},"200":{"streak":79,"capped":false}}	{"3":{"streak":4,"capped":false},"8":{"streak":101,"capped":false},"30":{"streak":79,"capped":false},"100":{"streak":273,"capped":false}}	85	green	37	false	\N	2.8258	true	true	68	16.9751
Telecom Services	2026-09-04	5	254.5852	0.4029	295.0558	201.1047	-13.7163	26.5933	253.9484	255.4024	255.9595	259.6387	263.5013	262.0377	47.06	{"3":true,"8":false,"30":false,"50":false,"100":false,"200":false}	{"3":false,"8":false,"30":false,"100":true}	{"3":{"streak":1,"capped":false},"8":{"streak":5,"capped":false},"30":{"streak":5,"capped":false},"50":{"streak":44,"capped":false},"100":{"streak":22,"capped":false},"200":{"streak":40,"capped":false}}	{"3":{"streak":5,"capped":false},"8":{"streak":1,"capped":false},"30":{"streak":16,"capped":false},"100":{"streak":6,"capped":false}}	16	red	149	false	\N	-1.2307	false	false	9	-0.9155
Banks	2026-09-04	32	304.6082	0.0132	305.3988	233.7694	-0.2589	30.3028	303.24	303.0345	299.7834	298.6339	291.0582	283.1889	64.25	{"3":true,"8":true,"30":true,"50":true,"100":true,"200":true}	{"3":true,"8":true,"30":true,"100":true}	{"3":{"streak":2,"capped":false},"8":{"streak":2,"capped":false},"30":{"streak":12,"capped":false},"50":{"streak":12,"capped":false},"100":{"streak":68,"capped":false},"200":{"streak":107,"capped":false}}	{"3":{"streak":1,"capped":false},"8":{"streak":23,"capped":false},"30":{"streak":80,"capped":false},"100":{"streak":283,"capped":false}}	51	red	32	false	\N	1.1163	true	true	309	5.454
IT Consulting & Software	2026-09-04	73	1283.3828	0.6449	1298.127	929.1924	-1.1358	38.1181	1276.6321	1279.85	1276.3169	1250.5137	1202.8522	1170.8765	55.01	{"3":true,"8":true,"30":true,"50":true,"100":true,"200":true}	{"3":false,"8":true,"30":true,"100":true}	{"3":{"streak":2,"capped":false},"8":{"streak":1,"capped":false},"30":{"streak":2,"capped":false},"50":{"streak":107,"capped":false},"100":{"streak":79,"capped":false},"200":{"streak":47,"capped":false}}	{"3":{"streak":3,"capped":false},"8":{"streak":73,"capped":false},"30":{"streak":81,"capped":false},"100":{"streak":15,"capped":false}}	46	red	156	false	\N	0.1304	true	true	39	6.8015
Finance (including NBFCs)	2026-09-04	60	338.3524	1.0182	338.3524	251.6558	0	34.4505	335.0248	334.854	334.128	331.9902	317.3087	302.3643	61.55	{"3":true,"8":true,"30":true,"50":true,"100":true,"200":true}	{"3":true,"8":true,"30":true,"100":true}	{"3":{"streak":2,"capped":false},"8":{"streak":2,"capped":false},"30":{"streak":2,"capped":false},"50":{"streak":105,"capped":false},"100":{"streak":103,"capped":false},"200":{"streak":103,"capped":false}}	{"3":{"streak":1,"capped":false},"8":{"streak":8,"capped":false},"30":{"streak":84,"capped":false},"100":{"streak":41,"capped":false}}	60	amber	2	false	\N	1.2306	true	true	67	9.7981
Construction & Engineering	2026-09-04	65	573.1772	0.8022	589.3233	410.6752	-2.7398	39.5695	568.5725	557.4752	552.4209	552.6165	544.8581	522.957	76.51	{"3":true,"8":true,"30":true,"50":true,"100":true,"200":true}	{"3":true,"8":true,"30":true,"100":true}	{"3":{"streak":4,"capped":false},"8":{"streak":4,"capped":false},"30":{"streak":4,"capped":false},"50":{"streak":4,"capped":false},"100":{"streak":103,"capped":false},"200":{"streak":61,"capped":false}}	{"3":{"streak":4,"capped":false},"8":{"streak":4,"capped":false},"30":{"streak":86,"capped":false},"100":{"streak":22,"capped":false}}	45	red	310	false	\N	-0.3074	false	true	58	5.6715
Life Insurance	2026-09-04	6	112.8003	1.3463	130.619	106.8717	-13.6417	5.5474	111.5468	112.5251	112.4773	112.8393	112.8875	117.6536	52.65	{"3":true,"8":true,"30":true,"50":false,"100":false,"200":false}	{"3":false,"8":true,"30":false,"100":false}	{"3":{"streak":2,"capped":false},"8":{"streak":1,"capped":false},"30":{"streak":1,"capped":false},"50":{"streak":4,"capped":false},"100":{"streak":4,"capped":false},"200":{"streak":124,"capped":false}}	{"3":{"streak":5,"capped":false},"8":{"streak":8,"capped":false},"30":{"streak":115,"capped":false},"100":{"streak":69,"capped":false}}	18	red	102	false	\N	-0.6214	false	false	96	-4.0919
Personal Products	2026-09-04	13	184.3198	-0.1027	195.8013	153.8549	-5.8638	19.8011	184.3352	185.3567	190.9169	190.6172	186.3217	179.3523	12.81	{"3":false,"8":false,"30":false,"50":false,"100":false,"200":true}	{"3":false,"8":false,"30":true,"100":true}	{"3":{"streak":11,"capped":false},"8":{"streak":16,"capped":false},"30":{"streak":15,"capped":false},"50":{"streak":11,"capped":false},"100":{"streak":5,"capped":false},"200":{"streak":101,"capped":false}}	{"3":{"streak":17,"capped":false},"8":{"streak":11,"capped":false},"30":{"streak":85,"capped":false},"100":{"streak":60,"capped":false}}	31	red	43	false	\N	0.8645	true	true	70	6.2809
Pharmaceuticals	2026-09-04	109	299.0152	0.0948	299.0152	191.4586	0	56.1775	297.8081	294.3474	284.109	279.237	259.6721	233.3102	93.81	{"3":true,"8":true,"30":true,"50":true,"100":true,"200":true}	{"3":true,"8":true,"30":true,"100":true}	{"3":{"streak":12,"capped":false},"8":{"streak":26,"capped":false},"30":{"streak":109,"capped":false},"50":{"streak":109,"capped":false},"100":{"streak":107,"capped":false},"200":{"streak":105,"capped":false}}	{"3":{"streak":26,"capped":false},"8":{"streak":105,"capped":false},"30":{"streak":94,"capped":false},"100":{"streak":64,"capped":false}}	88	green	50	false	\N	3.191	true	true	81	19.6849
Gems & Jewellery	2026-09-04	30	625.319	3.9681	625.319	401.3337	0	55.8103	606.9268	597.6687	580.2622	561.7115	522.4024	501.3728	77.77	{"3":true,"8":true,"30":true,"50":true,"100":true,"200":true}	{"3":true,"8":true,"30":true,"100":true}	{"3":{"streak":4,"capped":false},"8":{"streak":11,"capped":false},"30":{"streak":61,"capped":false},"50":{"streak":61,"capped":false},"100":{"streak":61,"capped":false},"200":{"streak":60,"capped":false}}	{"3":{"streak":2,"capped":false},"8":{"streak":65,"capped":false},"30":{"streak":83,"capped":false},"100":{"streak":21,"capped":false}}	83	green	1	false	\N	1.3877	true	true	40	12.0347
Power - Electric Utilities	2026-09-04	35	451.7889	1.1455	536.522	379.6561	-15.793	18.9995	448.4654	448.5944	455.6745	462.6592	476.626	457.5771	52	{"3":true,"8":true,"30":false,"50":false,"100":false,"200":false}	{"3":false,"8":false,"30":false,"100":true}	{"3":{"streak":3,"capped":false},"8":{"streak":1,"capped":false},"30":{"streak":53,"capped":false},"50":{"streak":54,"capped":false},"100":{"streak":32,"capped":false},"200":{"streak":19,"capped":false}}	{"3":{"streak":5,"capped":false},"8":{"streak":50,"capped":false},"30":{"streak":22,"capped":false},"100":{"streak":29,"capped":false}}	13	red	68	false	\N	-1.3862	false	true	66	1.1106
Cars & Utility Vehicles	2026-09-04	6	796.005	0.0763	1013.4424	675.5337	-21.4553	17.8335	796.0161	809.4626	820.6314	810.3859	797.5769	815.051	29.86	{"3":false,"8":false,"30":false,"50":false,"100":false,"200":false}	{"3":false,"8":false,"30":true,"100":false}	{"3":{"streak":7,"capped":false},"8":{"streak":10,"capped":false},"30":{"streak":5,"capped":false},"50":{"streak":4,"capped":false},"100":{"streak":3,"capped":false},"200":{"streak":5,"capped":false}}	{"3":{"streak":9,"capped":false},"8":{"streak":3,"capped":false},"30":{"streak":42,"capped":false},"100":{"streak":141,"capped":false}}	10	red	124	false	\N	-0.6518	false	false	166	-0.5724
Commodity Trading  & Distribution	2026-09-04	34	830.623	0.2097	833.9327	622.5273	-0.3969	33.4276	828.0467	824.2901	817.146	814.7298	794.0134	757.1914	76.41	{"3":true,"8":true,"30":true,"50":true,"100":true,"200":true}	{"3":true,"8":true,"30":true,"100":true}	{"3":{"streak":3,"capped":false},"8":{"streak":10,"capped":false},"30":{"streak":8,"capped":false},"50":{"streak":8,"capped":false},"100":{"streak":103,"capped":false},"200":{"streak":107,"capped":false}}	{"3":{"streak":10,"capped":false},"8":{"streak":6,"capped":false},"30":{"streak":84,"capped":false},"100":{"streak":751,"capped":true}}	58	red	19	false	\N	0.8328	true	true	751	7.5989
Marine Port & Services	2026-09-04	7	522.9212	0.5324	522.9212	327.3319	0	59.7526	516.7677	508.9679	483.6216	476.0711	452.5728	421.3895	76.79	{"3":true,"8":true,"30":true,"50":true,"100":true,"200":true}	{"3":true,"8":true,"30":true,"100":true}	{"3":{"streak":3,"capped":false},"8":{"streak":25,"capped":false},"30":{"streak":25,"capped":false},"50":{"streak":61,"capped":false},"100":{"streak":102,"capped":false},"200":{"streak":103,"capped":false}}	{"3":{"streak":24,"capped":false},"8":{"streak":57,"capped":false},"30":{"streak":86,"capped":false},"100":{"streak":267,"capped":false}}	87	green	8	false	\N	2.2014	true	true	79	12.9765
Cement & Cement Products	2026-09-04	32	112.9869	0.8633	144.5753	95.9473	-21.8491	17.7593	112.0954	112.7946	114.178	114.3674	113.7029	115.9335	46.69	{"3":true,"8":true,"30":false,"50":false,"100":false,"200":false}	{"3":false,"8":false,"30":true,"100":false}	{"3":{"streak":2,"capped":false},"8":{"streak":1,"capped":false},"30":{"streak":18,"capped":false},"50":{"streak":7,"capped":false},"100":{"streak":6,"capped":false},"200":{"streak":210,"capped":false}}	{"3":{"streak":5,"capped":false},"8":{"streak":14,"capped":false},"30":{"streak":43,"capped":false},"100":{"streak":160,"capped":false}}	11	red	251	false	\N	-1.5432	false	false	185	-1.3509
2/3 Wheelers	2026-09-04	8	507.0234	-0.2483	527.3582	326.3707	-3.856	55.352	509.7968	516.72	507.641	485.4795	449.9502	408.1381	44.03	{"3":false,"8":false,"30":false,"50":true,"100":true,"200":true}	{"3":false,"8":true,"30":true,"100":true}	{"3":{"streak":3,"capped":false},"8":{"streak":3,"capped":false},"30":{"streak":1,"capped":false},"50":{"streak":109,"capped":false},"100":{"streak":107,"capped":false},"200":{"streak":111,"capped":false}}	{"3":{"streak":2,"capped":false},"8":{"streak":72,"capped":false},"30":{"streak":94,"capped":false},"100":{"streak":252,"capped":false}}	87	green	254	false	\N	3.7464	true	true	259	18.9498
Cigarettes-Tobacco Products	2026-09-04	3	245.3941	0.2677	354.4251	233.206	-30.7628	5.2263	244.9827	247.4861	255.2746	259.3167	267.4354	272.0802	30.32	{"3":true,"8":false,"30":false,"50":false,"100":false,"200":false}	{"3":false,"8":false,"30":false,"100":false}	{"3":{"streak":1,"capped":false},"8":{"streak":7,"capped":false},"30":{"streak":20,"capped":false},"50":{"streak":54,"capped":false},"100":{"streak":22,"capped":false},"200":{"streak":194,"capped":false}}	{"3":{"streak":5,"capped":false},"8":{"streak":16,"capped":false},"30":{"streak":26,"capped":false},"100":{"streak":161,"capped":false}}	2	red	183	false	\N	-2.7618	false	false	177	-4.6911
Aerospace & Defence	2026-09-04	25	1242.2173	0.286	1283.106	762.5343	-3.1867	62.9064	1241.2278	1252.3006	1244.6751	1235.4175	1176.0246	1010.7291	45.85	{"3":true,"8":false,"30":false,"50":true,"100":true,"200":true}	{"3":false,"8":true,"30":true,"100":true}	{"3":{"streak":1,"capped":false},"8":{"streak":7,"capped":false},"30":{"streak":2,"capped":false},"50":{"streak":25,"capped":false},"100":{"streak":108,"capped":false},"200":{"streak":107,"capped":false}}	{"3":{"streak":5,"capped":false},"8":{"streak":21,"capped":false},"30":{"streak":107,"capped":false},"100":{"streak":86,"capped":false}}	83	green	139	false	\N	3.6773	true	true	98	22.2303
Iron & Steel/Interm.Products	2026-09-04	42	541.3267	0.3169	541.3267	357.6326	0	51.3639	537.9273	531.3401	510.6811	506.4555	499.1416	448.9644	89.77	{"3":true,"8":true,"30":true,"50":true,"100":true,"200":true}	{"3":true,"8":true,"30":true,"100":true}	{"3":{"streak":3,"capped":false},"8":{"streak":15,"capped":false},"30":{"streak":25,"capped":false},"50":{"streak":25,"capped":false},"100":{"streak":107,"capped":false},"200":{"streak":107,"capped":false}}	{"3":{"streak":15,"capped":false},"8":{"streak":21,"capped":false},"30":{"streak":95,"capped":false},"100":{"streak":90,"capped":false}}	79	amber	1	false	\N	2.1354	true	true	94	12.8053
Holding Companies	2026-09-04	14	279.1128	0.2733	305.6879	216.7343	-8.6935	28.7811	277.2974	276.8121	277.1085	274.966	268.0761	267.4063	59.4	{"3":true,"8":true,"30":true,"50":true,"100":true,"200":true}	{"3":true,"8":false,"30":true,"100":true}	{"3":{"streak":2,"capped":false},"8":{"streak":2,"capped":false},"30":{"streak":2,"capped":false},"50":{"streak":2,"capped":false},"100":{"streak":61,"capped":false},"200":{"streak":30,"capped":false}}	{"3":{"streak":1,"capped":false},"8":{"streak":3,"capped":false},"30":{"streak":73,"capped":false},"100":{"streak":3,"capped":false}}	30	red	163	false	\N	-0.6893	false	true	22	2.8271
Internet & Catalogue Retail	2026-09-04	9	146.8021	-0.1174	149.8756	106.7399	-2.0507	37.5326	146.8253	148.1421	146.0789	141.7687	131.3163	129.8255	46.61	{"3":false,"8":false,"30":true,"50":true,"100":true,"200":true}	{"3":false,"8":true,"30":true,"100":true}	{"3":{"streak":4,"capped":false},"8":{"streak":6,"capped":false},"30":{"streak":65,"capped":false},"50":{"streak":65,"capped":false},"100":{"streak":61,"capped":false},"200":{"streak":48,"capped":false}}	{"3":{"streak":5,"capped":false},"8":{"streak":61,"capped":false},"30":{"streak":57,"capped":false},"100":{"streak":6,"capped":false}}	59	red	2	false	\N	0.2127	true	true	25	9.1995
Exploration & Production	2026-09-04	8	563.3009	0.6706	563.3009	398.5062	0	41.3531	556.7984	538.7862	514.81	505.7307	499.7261	466.3276	78.07	{"3":true,"8":true,"30":true,"50":true,"100":true,"200":true}	{"3":true,"8":true,"30":true,"100":true}	{"3":{"streak":4,"capped":false},"8":{"streak":4,"capped":false},"30":{"streak":20,"capped":false},"50":{"streak":20,"capped":false},"100":{"streak":27,"capped":false},"200":{"streak":111,"capped":false}}	{"3":{"streak":3,"capped":false},"8":{"streak":22,"capped":false},"30":{"streak":143,"capped":false},"100":{"streak":90,"capped":false}}	71	amber	4	false	\N	1.8435	true	true	123	8.4497
Packaged Foods	2026-09-04	29	345.4669	-0.3552	347.783	251.259	-0.666	37.4943	345.8134	345.9403	333.867	329.1013	312.1366	296.4214	83.86	{"3":false,"8":false,"30":true,"50":true,"100":true,"200":true}	{"3":false,"8":true,"30":true,"100":true}	{"3":{"streak":1,"capped":false},"8":{"streak":1,"capped":false},"30":{"streak":69,"capped":false},"50":{"streak":107,"capped":false},"100":{"streak":103,"capped":false},"200":{"streak":79,"capped":false}}	{"3":{"streak":1,"capped":false},"8":{"streak":67,"capped":false},"30":{"streak":85,"capped":false},"100":{"streak":40,"capped":false}}	70	amber	20	false	\N	1.5999	true	true	65	11.0248
Coal & Mining	2026-09-04	14	719.5503	0.0353	772.8193	586.0258	-6.8928	22.7848	718.4351	726.3725	731.6801	730.9364	732.7805	696.5159	38.15	{"3":true,"8":false,"30":false,"50":false,"100":false,"200":true}	{"3":false,"8":false,"30":false,"100":true}	{"3":{"streak":2,"capped":false},"8":{"streak":7,"capped":false},"30":{"streak":5,"capped":false},"50":{"streak":5,"capped":false},"100":{"streak":5,"capped":false},"200":{"streak":111,"capped":false}}	{"3":{"streak":5,"capped":false},"8":{"streak":3,"capped":false},"30":{"streak":4,"capped":false},"100":{"streak":751,"capped":true}}	41	red	21	false	\N	1.2083	true	true	340	4.9418
Other Non-Ferrous Metals	2026-09-04	6	1306.5603	0.2911	1678.7424	1230.293	-22.1703	6.1991	1309.5982	1340.5517	1383.8166	1417.2702	1460.0833	1430.7189	35.3	{"3":false,"8":false,"30":false,"50":false,"100":false,"200":false}	{"3":false,"8":false,"30":false,"100":true}	{"3":{"streak":5,"capped":false},"8":{"streak":5,"capped":false},"30":{"streak":24,"capped":false},"50":{"streak":24,"capped":false},"100":{"streak":24,"capped":false},"200":{"streak":24,"capped":false}}	{"3":{"streak":5,"capped":false},"8":{"streak":30,"capped":false},"30":{"streak":21,"capped":false},"100":{"streak":261,"capped":false}}	9	red	52	false	\N	-0.303	false	false	7	-0.94
Department Stores	2026-09-04	10	657.2606	-0.0384	681.5203	461.1473	-3.5596	42.5273	656.769	665.5988	649.0198	641.1191	613.7533	578.1825	51.55	{"3":true,"8":false,"30":true,"50":true,"100":true,"200":true}	{"3":false,"8":true,"30":true,"100":true}	{"3":{"streak":1,"capped":false},"8":{"streak":7,"capped":false},"30":{"streak":25,"capped":false},"50":{"streak":28,"capped":false},"100":{"streak":101,"capped":false},"200":{"streak":76,"capped":false}}	{"3":{"streak":6,"capped":false},"8":{"streak":20,"capped":false},"30":{"streak":85,"capped":false},"100":{"streak":24,"capped":false}}	53	red	7	false	\N	0.5035	true	true	55	10.8852
Paints	2026-09-04	7	107.2162	0.4495	114.363	77.8697	-6.2492	37.6867	106.4111	106.5232	107.262	103.4572	99.5271	98.784	31.67	{"3":true,"8":true,"30":false,"50":true,"100":true,"200":true}	{"3":false,"8":false,"30":true,"100":true}	{"3":{"streak":2,"capped":false},"8":{"streak":2,"capped":false},"30":{"streak":4,"capped":false},"50":{"streak":35,"capped":false},"100":{"streak":78,"capped":false},"200":{"streak":31,"capped":false}}	{"3":{"streak":13,"capped":false},"8":{"streak":3,"capped":false},"30":{"streak":71,"capped":false},"100":{"streak":4,"capped":false}}	43	red	152	false	\N	-0.1068	false	true	22	4.7307
Aluminium and Aluminium Products	2026-09-04	11	710.1397	-0.3537	761.5369	419.529	-6.7491	69.2707	709.0121	712.9093	693.3682	686.7414	702.2733	687.2797	64.98	{"3":true,"8":false,"30":true,"50":true,"100":true,"200":true}	{"3":false,"8":true,"30":false,"100":true}	{"3":{"streak":2,"capped":false},"8":{"streak":4,"capped":false},"30":{"streak":25,"capped":false},"50":{"streak":15,"capped":false},"100":{"streak":11,"capped":false},"200":{"streak":26,"capped":false}}	{"3":{"streak":3,"capped":false},"8":{"streak":21,"capped":false},"30":{"streak":54,"capped":false},"100":{"streak":297,"capped":false}}	65	amber	35	false	\N	2.2541	true	false	2	-0.0783
Green & Renewable Energy	2026-09-04	14	763.8257	0.9677	915.5783	637.5773	-16.5745	19.8013	756.0483	758.8812	781.9968	803.1659	821.8866	781.271	47.89	{"3":true,"8":true,"30":false,"50":false,"100":false,"200":false}	{"3":false,"8":false,"30":false,"100":true}	{"3":{"streak":2,"capped":false},"8":{"streak":1,"capped":false},"30":{"streak":40,"capped":false},"50":{"streak":44,"capped":false},"100":{"streak":23,"capped":false},"200":{"streak":18,"capped":false}}	{"3":{"streak":6,"capped":false},"8":{"streak":40,"capped":false},"30":{"streak":15,"capped":false},"100":{"streak":31,"capped":false}}	15	red	60	false	\N	-1.4338	false	true	67	2.8025
Oil Marketing & Distribution	2026-09-04	9	282.5576	-0.1098	284.8459	187.0233	-0.8033	51.0815	281.4673	280.6647	278.6162	274.7016	256.8607	234.1089	60.31	{"3":true,"8":true,"30":true,"50":true,"100":true,"200":true}	{"3":true,"8":true,"30":true,"100":true}	{"3":{"streak":2,"capped":false},"8":{"streak":2,"capped":false},"30":{"streak":76,"capped":false},"50":{"streak":111,"capped":false},"100":{"streak":108,"capped":false},"200":{"streak":103,"capped":false}}	{"3":{"streak":1,"capped":false},"8":{"streak":73,"capped":false},"30":{"streak":93,"capped":false},"100":{"streak":49,"capped":false}}	78	amber	8	false	\N	2.1065	true	true	71	17.3392
Other Industrial Products	2026-09-04	21	856.93	0.6165	858.9706	443.4487	-0.2376	93.2422	850.3812	848.577	784.7341	761.7884	693.0772	594.3714	79.61	{"3":true,"8":true,"30":true,"50":true,"100":true,"200":true}	{"3":true,"8":true,"30":true,"100":true}	{"3":{"streak":2,"capped":false},"8":{"streak":26,"capped":false},"30":{"streak":24,"capped":false},"50":{"streak":109,"capped":false},"100":{"streak":108,"capped":false},"200":{"streak":107,"capped":false}}	{"3":{"streak":26,"capped":false},"8":{"streak":20,"capped":false},"30":{"streak":99,"capped":false},"100":{"streak":73,"capped":false}}	97	green	111	false	\N	4.8239	true	true	90	28.1671
Airlines	2026-09-04	3	400.0709	0.3168	446.0419	284.1728	-10.3064	40.7844	398.008	408.1158	416.774	408.604	369.8283	347.8717	33.14	{"3":true,"8":false,"30":false,"50":false,"100":true,"200":true}	{"3":false,"8":false,"30":true,"100":true}	{"3":{"streak":2,"capped":false},"8":{"streak":5,"capped":false},"30":{"streak":5,"capped":false},"50":{"streak":4,"capped":false},"100":{"streak":74,"capped":false},"200":{"streak":64,"capped":false}}	{"3":{"streak":4,"capped":false},"8":{"streak":8,"capped":false},"30":{"streak":68,"capped":false},"100":{"streak":25,"capped":false}}	62	amber	11	false	\N	1.4492	true	true	45	17.4583
Auto Parts & Equipment	2026-09-04	85	396.2215	0.452	396.9587	276.8506	-0.1857	43.1174	394.0903	394.9655	390.5712	384.4632	363.1587	338.4306	56.1	{"3":true,"8":true,"30":true,"50":true,"100":true,"200":true}	{"3":false,"8":true,"30":true,"100":true}	{"3":{"streak":2,"capped":false},"8":{"streak":1,"capped":false},"30":{"streak":79,"capped":false},"50":{"streak":107,"capped":false},"100":{"streak":105,"capped":false},"200":{"streak":105,"capped":false}}	{"3":{"streak":3,"capped":false},"8":{"streak":104,"capped":false},"30":{"streak":87,"capped":false},"100":{"streak":59,"capped":false}}	72	amber	22	false	\N	2.1	true	true	75	13.6018
Realty	2026-09-04	59	415.0157	0.6172	443.2349	319.2057	-6.3666	30.0151	411.8783	413.0889	410.1487	408.7447	401.9634	396.0248	57.98	{"3":true,"8":true,"30":true,"50":true,"100":true,"200":true}	{"3":false,"8":true,"30":true,"100":true}	{"3":{"streak":2,"capped":false},"8":{"streak":1,"capped":false},"30":{"streak":2,"capped":false},"50":{"streak":60,"capped":false},"100":{"streak":61,"capped":false},"200":{"streak":42,"capped":false}}	{"3":{"streak":4,"capped":false},"8":{"streak":11,"capped":false},"30":{"streak":81,"capped":false},"100":{"streak":11,"capped":false}}	34	red	389	false	\N	-0.5909	false	true	30	3.2119
Commercial Vehicles	2026-09-04	13	560.5316	0.726	579.1006	437.1249	-3.2065	28.2314	554.6997	555.706	556.0691	547.7186	533.1241	527.1559	51.49	{"3":true,"8":true,"30":true,"50":true,"100":true,"200":true}	{"3":false,"8":false,"30":true,"100":true}	{"3":{"streak":2,"capped":false},"8":{"streak":2,"capped":false},"30":{"streak":2,"capped":false},"50":{"streak":30,"capped":false},"100":{"streak":60,"capped":false},"200":{"streak":30,"capped":false}}	{"3":{"streak":5,"capped":false},"8":{"streak":1,"capped":false},"30":{"streak":54,"capped":false},"100":{"streak":12,"capped":false}}	41	red	99	false	\N	0.258	true	true	27	3.9007
Specialty Chemicals	2026-09-04	57	202.5069	0.3272	202.5069	130.1954	0	55.5407	201.5531	201.1496	197.9923	192.8371	181.3442	165.1518	63.23	{"3":true,"8":true,"30":true,"50":true,"100":true,"200":true}	{"3":true,"8":true,"30":true,"100":true}	{"3":{"streak":3,"capped":false},"8":{"streak":2,"capped":false},"30":{"streak":108,"capped":false},"50":{"streak":107,"capped":false},"100":{"streak":105,"capped":false},"200":{"streak":99,"capped":false}}	{"3":{"streak":2,"capped":false},"8":{"streak":105,"capped":false},"30":{"streak":90,"capped":false},"100":{"streak":46,"capped":false}}	78	amber	1	false	\N	2.1347	true	true	69	16.7636
Heavy Electrical Equipment	2026-09-04	35	927.1758	0.6199	948.079	589.5372	-2.2048	57.2718	920.5212	922.5902	911.8702	906.7663	896.8697	784.9818	51.51	{"3":true,"8":true,"30":true,"50":true,"100":true,"200":true}	{"3":false,"8":true,"30":true,"100":true}	{"3":{"streak":2,"capped":false},"8":{"streak":2,"capped":false},"30":{"streak":24,"capped":false},"50":{"streak":24,"capped":false},"100":{"streak":111,"capped":false},"200":{"streak":107,"capped":false}}	{"3":{"streak":2,"capped":false},"8":{"streak":21,"capped":false},"30":{"streak":121,"capped":false},"100":{"streak":84,"capped":false}}	74	amber	15	false	\N	2.7403	true	true	99	15.5143
Asset Management Cos.	2026-09-04	9	237.4229	-0.0692	256.57	207.6926	-7.4627	14.3145	237.8007	240.4955	242.6644	245.2865	245.0973	237.2211	34.99	{"3":false,"8":false,"30":false,"50":false,"100":false,"200":true}	{"3":false,"8":false,"30":false,"100":true}	{"3":{"streak":7,"capped":false},"8":{"streak":7,"capped":false},"30":{"streak":7,"capped":false},"50":{"streak":24,"capped":false},"100":{"streak":7,"capped":false},"200":{"streak":61,"capped":false}}	{"3":{"streak":6,"capped":false},"8":{"streak":3,"capped":false},"30":{"streak":10,"capped":false},"100":{"streak":48,"capped":false}}	24	red	81	false	\N	0.0455	true	true	70	3.3999
Industrial Machinery	2026-09-04	56	647.0321	1.2279	647.0321	430.9929	0	50.1259	638.898	634.8365	622.9178	615.7782	591.5337	540.5037	76.21	{"3":true,"8":true,"30":true,"50":true,"100":true,"200":true}	{"3":true,"8":true,"30":true,"100":true}	{"3":{"streak":2,"capped":false},"8":{"streak":2,"capped":false},"30":{"streak":26,"capped":false},"50":{"streak":108,"capped":false},"100":{"streak":107,"capped":false},"200":{"streak":105,"capped":false}}	{"3":{"streak":2,"capped":false},"8":{"streak":23,"capped":false},"30":{"streak":95,"capped":false},"100":{"streak":60,"capped":false}}	76	amber	109	false	\N	1.9792	true	true	81	13.9267
Capital Markets	2026-09-04	27	450.9758	1.4188	483.4735	348.0041	-6.7217	29.5892	446.4293	449.704	455.8574	461.8111	453.5057	440.3597	41.34	{"3":true,"8":true,"30":false,"50":false,"100":false,"200":true}	{"3":false,"8":false,"30":true,"100":true}	{"3":{"streak":1,"capped":false},"8":{"streak":1,"capped":false},"30":{"streak":27,"capped":false},"50":{"streak":23,"capped":false},"100":{"streak":5,"capped":false},"200":{"streak":61,"capped":false}}	{"3":{"streak":6,"capped":false},"8":{"streak":24,"capped":false},"30":{"streak":83,"capped":false},"100":{"streak":20,"capped":false}}	35	red	76	false	\N	-0.2465	false	true	61	4.8713
Other Food & Beverages	2026-09-04	17	484.5302	0.5396	492.3985	320.414	-1.5979	51.2201	481.5122	480.5076	478.5959	480.1268	473.6321	447.8006	39.32	{"3":true,"8":true,"30":true,"50":true,"100":true,"200":true}	{"3":true,"8":true,"30":true,"100":true}	{"3":{"streak":2,"capped":false},"8":{"streak":2,"capped":false},"30":{"streak":17,"capped":false},"50":{"streak":2,"capped":false},"100":{"streak":107,"capped":false},"200":{"streak":333,"capped":false}}	{"3":{"streak":1,"capped":false},"8":{"streak":15,"capped":false},"30":{"streak":94,"capped":false},"100":{"streak":283,"capped":false}}	64	amber	26	false	\N	2.28	true	true	311	7.2189
Wires & Cables	2026-09-04	16	966.9989	-2.326	990.0265	519.7726	-2.326	86.0427	977.8191	973.8148	919.7474	885.1074	835.1919	712.0091	62.68	{"3":false,"8":false,"30":true,"50":true,"100":true,"200":true}	{"3":true,"8":true,"30":true,"100":true}	{"3":{"streak":1,"capped":false},"8":{"streak":1,"capped":false},"30":{"streak":26,"capped":false},"50":{"streak":26,"capped":false},"100":{"streak":107,"capped":false},"200":{"streak":107,"capped":false}}	{"3":{"streak":26,"capped":false},"8":{"streak":23,"capped":false},"30":{"streak":96,"capped":false},"100":{"streak":92,"capped":false}}	94	green	107	false	\N	5.3055	true	true	96	24.3113
Healthcare Facilities	2026-09-04	21	454.0955	0.3848	455.5974	343.7782	-0.3297	32.0897	451.7936	452.8767	449.8461	445.6193	427.7494	399.8742	59.27	{"3":true,"8":true,"30":true,"50":true,"100":true,"200":true}	{"3":false,"8":true,"30":true,"100":true}	{"3":{"streak":2,"capped":false},"8":{"streak":1,"capped":false},"30":{"streak":107,"capped":false},"50":{"streak":108,"capped":false},"100":{"streak":103,"capped":false},"200":{"streak":101,"capped":false}}	{"3":{"streak":3,"capped":false},"8":{"streak":104,"capped":false},"30":{"streak":89,"capped":false},"100":{"streak":49,"capped":false}}	55	red	14	false	\N	1.1321	true	true	71	11.4399
Other Apparels & Accessories	2026-09-04	26	392.6332	1.2247	401.5271	311.6118	-2.215	26.0007	389.2098	390.5102	385.9581	385.7634	379.6456	371.12	63.19	{"3":true,"8":true,"30":true,"50":true,"100":true,"200":true}	{"3":false,"8":true,"30":true,"100":true}	{"3":{"streak":1,"capped":false},"8":{"streak":1,"capped":false},"30":{"streak":15,"capped":false},"50":{"streak":15,"capped":false},"100":{"streak":77,"capped":false},"200":{"streak":60,"capped":false}}	{"3":{"streak":4,"capped":false},"8":{"streak":19,"capped":false},"30":{"streak":85,"capped":false},"100":{"streak":18,"capped":false}}	36	red	94	false	\N	-0.1974	false	true	52	3.9457
Financial Institutions	2026-09-04	8	652.3622	1.1339	658.6594	532.9536	-0.9561	22.4051	649.1392	649.9897	647.4433	639.0022	632.9986	617.2908	56.94	{"3":true,"8":true,"30":true,"50":true,"100":true,"200":true}	{"3":false,"8":true,"30":true,"100":true}	{"3":{"streak":1,"capped":false},"8":{"streak":1,"capped":false},"30":{"streak":1,"capped":false},"50":{"streak":30,"capped":false},"100":{"streak":69,"capped":false},"200":{"streak":42,"capped":false}}	{"3":{"streak":4,"capped":false},"8":{"streak":26,"capped":false},"30":{"streak":85,"capped":false},"100":{"streak":24,"capped":false}}	38	red	81	false	\N	0.1473	true	true	61	3.5172
Utilities:Non-Electrical	2026-09-04	12	174.1044	1.0883	198.242	133.9741	-12.1759	29.9537	172.5198	172.4805	174.7947	177.2117	174.2213	165.9319	61.19	{"3":true,"8":true,"30":false,"50":false,"100":false,"200":true}	{"3":true,"8":false,"30":true,"100":true}	{"3":{"streak":3,"capped":false},"8":{"streak":2,"capped":false},"30":{"streak":23,"capped":false},"50":{"streak":18,"capped":false},"100":{"streak":6,"capped":false},"200":{"streak":60,"capped":false}}	{"3":{"streak":1,"capped":false},"8":{"streak":31,"capped":false},"30":{"streak":88,"capped":false},"100":{"streak":27,"capped":false}}	33	red	501	true	\N	-0.487	false	true	57	6.7978
Consumer Electronics	2026-09-04	18	317.3495	0.3829	322.0299	241.5288	-1.4534	31.392	315.578	316.4726	314.5528	314.1264	306.4693	290.732	64.7	{"3":true,"8":true,"30":true,"50":true,"100":true,"200":true}	{"3":false,"8":true,"30":true,"100":true}	{"3":{"streak":2,"capped":false},"8":{"streak":1,"capped":false},"30":{"streak":2,"capped":false},"50":{"streak":2,"capped":false},"100":{"streak":103,"capped":false},"200":{"streak":61,"capped":false}}	{"3":{"streak":3,"capped":false},"8":{"streak":7,"capped":false},"30":{"streak":88,"capped":false},"100":{"streak":33,"capped":false}}	44	red	82	false	\N	0.1803	true	true	61	8.0467
Breweries & Distilleries	2026-09-04	12	293.3484	0.0694	356.7489	239.8308	-17.7717	22.3147	292.7926	295.3578	296.4565	292.0528	287.3605	287.732	27.66	{"3":true,"8":false,"30":false,"50":true,"100":true,"200":true}	{"3":false,"8":false,"30":true,"100":false}	{"3":{"streak":2,"capped":false},"8":{"streak":7,"capped":false},"30":{"streak":5,"capped":false},"50":{"streak":35,"capped":false},"100":{"streak":61,"capped":false},"200":{"streak":25,"capped":false}}	{"3":{"streak":5,"capped":false},"8":{"streak":1,"capped":false},"30":{"streak":80,"capped":false},"100":{"streak":117,"capped":false}}	27	red	158	false	\N	-1.5625	false	true	9	1.5017
Internet Software & Services	2026-09-04	20	210.7684	0.7005	224.0648	150.1198	-5.9342	40.4001	209.7575	210.0898	207.6865	202.4112	191.024	186.9166	43.92	{"3":true,"8":true,"30":true,"50":true,"100":true,"200":true}	{"3":false,"8":true,"30":true,"100":true}	{"3":{"streak":1,"capped":false},"8":{"streak":1,"capped":false},"30":{"streak":61,"capped":false},"50":{"streak":99,"capped":false},"100":{"streak":79,"capped":false},"200":{"streak":41,"capped":false}}	{"3":{"streak":2,"capped":false},"8":{"streak":103,"capped":false},"30":{"streak":74,"capped":false},"100":{"streak":9,"capped":false}}	50	red	204	false	\N	-0.2976	false	true	27	8.2896
Hotels	2026-09-04	31	374.4836	0.2338	431.719	299.1435	-13.2576	25.1853	373.7229	374.5668	370.284	371.4669	366.298	362.8867	79.63	{"3":true,"8":false,"30":true,"50":true,"100":true,"200":true}	{"3":false,"8":true,"30":true,"100":true}	{"3":{"streak":2,"capped":false},"8":{"streak":4,"capped":false},"30":{"streak":11,"capped":false},"50":{"streak":11,"capped":false},"100":{"streak":61,"capped":false},"200":{"streak":13,"capped":false}}	{"3":{"streak":3,"capped":false},"8":{"streak":8,"capped":false},"30":{"streak":79,"capped":false},"100":{"streak":10,"capped":false}}	22	red	343	false	\N	-0.7632	false	true	27	2.3644
Tea & Coffee	2026-09-04	5	199.2287	-0.1377	222.6496	156.2784	-10.5192	27.4832	199.4997	204.1113	202.6646	205.1693	208.7752	193.9314	54.73	{"3":false,"8":false,"30":false,"50":false,"100":false,"200":true}	{"3":false,"8":true,"30":false,"100":true}	{"3":{"streak":5,"capped":false},"8":{"streak":3,"capped":false},"30":{"streak":3,"capped":false},"50":{"streak":5,"capped":false},"100":{"streak":5,"capped":false},"200":{"streak":105,"capped":false}}	{"3":{"streak":3,"capped":false},"8":{"streak":5,"capped":false},"30":{"streak":14,"capped":false},"100":{"streak":80,"capped":false}}	32	red	31	false	\N	0.1612	true	true	86	5.7948
Other Telecom Services	2026-09-04	6	142.821	0.3952	172.393	136.9729	-17.1538	4.2696	142.6881	145.1221	155.0088	159.3601	157.9733	158.8072	6.92	{"3":true,"8":false,"30":false,"50":false,"100":false,"200":false}	{"3":false,"8":false,"30":false,"100":false}	{"3":{"streak":1,"capped":false},"8":{"streak":22,"capped":false},"30":{"streak":23,"capped":false},"50":{"streak":20,"capped":false},"100":{"streak":15,"capped":false},"200":{"streak":19,"capped":false}}	{"3":{"streak":21,"capped":false},"8":{"streak":32,"capped":false},"30":{"streak":7,"capped":false},"100":{"streak":126,"capped":false}}	6	red	118	false	\N	-1.016	false	true	33	0.3482
Castings & Forgings	2026-09-04	14	591.8813	0.2675	591.8813	321.2927	0	84.2187	588.6327	586.2541	564.0204	540.5059	494.0389	431.3718	67.81	{"3":true,"8":true,"30":true,"50":true,"100":true,"200":true}	{"3":true,"8":true,"30":true,"100":true}	{"3":{"streak":2,"capped":false},"8":{"streak":2,"capped":false},"30":{"streak":61,"capped":false},"50":{"streak":111,"capped":false},"100":{"streak":111,"capped":false},"200":{"streak":111,"capped":false}}	{"3":{"streak":4,"capped":false},"8":{"streak":73,"capped":false},"30":{"streak":132,"capped":false},"100":{"streak":101,"capped":false}}	95	green	58	false	\N	5.2456	true	true	115	25.2993
Microfinance Institutions	2026-09-04	14	146.0094	0.0197	159.164	101.8781	-8.2648	43.3177	145.7234	147.0648	150.7434	151.2068	142.1361	132.7245	41.38	{"3":true,"8":false,"30":false,"50":false,"100":true,"200":true}	{"3":false,"8":false,"30":true,"100":true}	{"3":{"streak":2,"capped":false},"8":{"streak":7,"capped":false},"30":{"streak":21,"capped":false},"50":{"streak":7,"capped":false},"100":{"streak":99,"capped":false},"200":{"streak":95,"capped":false}}	{"3":{"streak":7,"capped":false},"8":{"streak":19,"capped":false},"30":{"streak":83,"capped":false},"100":{"streak":41,"capped":false}}	55	red	4	false	\N	1.4495	true	true	65	13.9253
Other Electrical Equipment/Products	2026-09-04	40	1386.4629	0.2386	1403.0146	905.0159	-1.1797	53.1976	1379.4784	1386.6668	1363.5283	1352.5112	1302.2989	1155.886	61.55	{"3":true,"8":false,"30":true,"50":true,"100":true,"200":true}	{"3":false,"8":true,"30":true,"100":true}	{"3":{"streak":2,"capped":false},"8":{"streak":4,"capped":false},"30":{"streak":25,"capped":false},"50":{"streak":26,"capped":false},"100":{"streak":107,"capped":false},"200":{"streak":105,"capped":false}}	{"3":{"streak":3,"capped":false},"8":{"streak":23,"capped":false},"30":{"streak":97,"capped":false},"100":{"streak":57,"capped":false}}	77	amber	5	false	\N	2.0364	true	true	81	17.0108
General Insurance	2026-09-04	6	146.315	3.4197	156.2527	128.1614	-6.36	14.1646	143.3702	142.5856	143.1545	145.3132	145.1382	141.9339	67.01	{"3":true,"8":true,"30":true,"50":true,"100":true,"200":true}	{"3":true,"8":false,"30":false,"100":true}	{"3":{"streak":1,"capped":false},"8":{"streak":1,"capped":false},"30":{"streak":1,"capped":false},"50":{"streak":1,"capped":false},"100":{"streak":1,"capped":false},"200":{"streak":1,"capped":false}}	{"3":{"streak":1,"capped":false},"8":{"streak":34,"capped":false},"30":{"streak":11,"capped":false},"100":{"streak":28,"capped":false}}	29	red	98	false	\N	-0.4013	false	true	62	2.3809
Housing Finance	2026-09-04	12	149.7813	0.8249	164.0288	126.2947	-8.686	18.5967	148.5482	147.4655	149.406	153.0727	152.2832	149.2711	61.2	{"3":true,"8":true,"30":true,"50":false,"100":false,"200":true}	{"3":true,"8":false,"30":false,"100":true}	{"3":{"streak":3,"capped":false},"8":{"streak":3,"capped":false},"30":{"streak":1,"capped":false},"50":{"streak":32,"capped":false},"100":{"streak":17,"capped":false},"200":{"streak":1,"capped":false}}	{"3":{"streak":2,"capped":false},"8":{"streak":31,"capped":false},"30":{"streak":8,"capped":false},"100":{"streak":18,"capped":false}}	25	red	150	false	\N	-0.9008	false	true	55	2.5468
Iron & Steel Products	2026-09-04	38	589.378	0.9092	589.378	360.3816	0	63.5428	584.6819	582.1127	565.4568	558.2552	531.6495	471.8245	77.4	{"3":true,"8":true,"30":true,"50":true,"100":true,"200":true}	{"3":true,"8":true,"30":true,"100":true}	{"3":{"streak":3,"capped":false},"8":{"streak":3,"capped":false},"30":{"streak":25,"capped":false},"50":{"streak":107,"capped":false},"100":{"streak":107,"capped":false},"200":{"streak":107,"capped":false}}	{"3":{"streak":2,"capped":false},"8":{"streak":23,"capped":false},"30":{"streak":94,"capped":false},"100":{"streak":88,"capped":false}}	86	green	104	false	\N	3.0482	true	true	91	18.3184
Biotechnology	2026-09-04	4	132.9001	-1.5522	153.892	105.3351	-13.6407	26.1689	133.9332	135.9309	138.6786	141.3449	138.9614	129.5558	23.49	{"3":false,"8":false,"30":false,"50":false,"100":false,"200":true}	{"3":false,"8":false,"30":false,"100":true}	{"3":{"streak":1,"capped":false},"8":{"streak":10,"capped":false},"30":{"streak":34,"capped":false},"50":{"streak":33,"capped":false},"100":{"streak":7,"capped":false},"200":{"streak":90,"capped":false}}	{"3":{"streak":8,"capped":false},"8":{"streak":44,"capped":false},"30":{"streak":1,"capped":false},"100":{"streak":46,"capped":false}}	17	red	31	false	\N	0.4901	true	true	63	9.0996
Abrasives & Bearings	2026-09-04	7	185.3574	0.217	203.7905	145.3118	-9.0452	27.5584	184.6082	185.4233	184.7924	184.3711	179.3916	170.4428	40.41	{"3":true,"8":false,"30":true,"50":true,"100":true,"200":true}	{"3":false,"8":true,"30":true,"100":true}	{"3":{"streak":2,"capped":false},"8":{"streak":4,"capped":false},"30":{"streak":2,"capped":false},"50":{"streak":2,"capped":false},"100":{"streak":103,"capped":false},"200":{"streak":61,"capped":false}}	{"3":{"streak":3,"capped":false},"8":{"streak":20,"capped":false},"30":{"streak":87,"capped":false},"100":{"streak":35,"capped":false}}	36	red	501	true	\N	0.5955	true	true	56	8.1719
Fertilizers	2026-09-04	16	442.7864	0.2915	546.0477	350.035	-18.9107	26.4978	440.6738	445.9197	444.8758	439.5981	433.8836	431.4046	45.17	{"3":true,"8":false,"30":false,"50":true,"100":true,"200":true}	{"3":false,"8":true,"30":true,"100":true}	{"3":{"streak":2,"capped":false},"8":{"streak":5,"capped":false},"30":{"streak":5,"capped":false},"50":{"streak":2,"capped":false},"100":{"streak":64,"capped":false},"200":{"streak":28,"capped":false}}	{"3":{"streak":5,"capped":false},"8":{"streak":26,"capped":false},"30":{"streak":81,"capped":false},"100":{"streak":6,"capped":false}}	22	red	149	false	\N	-1.3054	false	true	15	1.8993
Auto Tyres & Rubber Products	2026-09-04	10	256.5464	-0.4198	261.7187	209.4594	-1.9763	22.4803	257.3646	259.617	257.4481	253.0548	241.9054	239.0535	34.4	{"3":false,"8":false,"30":false,"50":true,"100":true,"200":true}	{"3":false,"8":true,"30":true,"100":true}	{"3":{"streak":5,"capped":false},"8":{"streak":3,"capped":false},"30":{"streak":1,"capped":false},"50":{"streak":61,"capped":false},"100":{"streak":60,"capped":false},"200":{"streak":58,"capped":false}}	{"3":{"streak":3,"capped":false},"8":{"streak":28,"capped":false},"30":{"streak":50,"capped":false},"100":{"streak":11,"capped":false}}	48	red	14	false	\N	0.4734	true	true	30	5.8569
Industrial Gases	2026-09-04	3	567.3413	0.3939	702.3616	408.8965	-19.2238	38.7494	561.8952	565.4442	570.1616	574.5024	563.2296	529.2205	35.57	{"3":true,"8":true,"30":false,"50":false,"100":true,"200":true}	{"3":false,"8":false,"30":true,"100":true}	{"3":{"streak":2,"capped":false},"8":{"streak":1,"capped":false},"30":{"streak":6,"capped":false},"50":{"streak":10,"capped":false},"100":{"streak":2,"capped":false},"200":{"streak":26,"capped":false}}	{"3":{"streak":11,"capped":false},"8":{"streak":4,"capped":false},"30":{"streak":88,"capped":false},"100":{"streak":23,"capped":false}}	26	red	289	false	\N	-1.1323	false	true	52	8.5563
Copper	2026-09-04	3	1217.6046	1.1047	1340.4784	544.8396	-9.1664	123.4794	1211.9133	1250.1043	1224.5245	1178.8724	1175.5618	1126.8698	39.17	{"3":true,"8":false,"30":false,"50":true,"100":true,"200":true}	{"3":false,"8":true,"30":true,"100":true}	{"3":{"streak":1,"capped":false},"8":{"streak":5,"capped":false},"30":{"streak":3,"capped":false},"50":{"streak":25,"capped":false},"100":{"streak":25,"capped":false},"200":{"streak":333,"capped":false}}	{"3":{"streak":4,"capped":false},"8":{"streak":24,"capped":false},"30":{"streak":15,"capped":false},"100":{"streak":285,"capped":false}}	89	green	303	false	\N	3.2385	true	true	298	4.6148
Agrochemicals	2026-09-04	26	123.0705	-0.237	145.6947	96.8193	-15.5285	27.1136	123.0573	122.5906	121.5037	119.9787	119.427	119.0566	63.36	{"3":true,"8":true,"30":true,"50":true,"100":true,"200":true}	{"3":true,"8":true,"30":true,"100":true}	{"3":{"streak":3,"capped":false},"8":{"streak":3,"capped":false},"30":{"streak":41,"capped":false},"50":{"streak":38,"capped":false},"100":{"streak":42,"capped":false},"200":{"streak":26,"capped":false}}	{"3":{"streak":2,"capped":false},"8":{"streak":43,"capped":false},"30":{"streak":82,"capped":false},"100":{"streak":6,"capped":false}}	20	red	236	false	\N	-0.8321	false	true	7	0.7744
Plastic Products	2026-09-04	22	329.4505	0.4835	329.4505	240.3919	0	37.0472	327.4426	325.9577	315.7187	307.1863	292.4916	281.4591	76.35	{"3":true,"8":true,"30":true,"50":true,"100":true,"200":true}	{"3":true,"8":true,"30":true,"100":true}	{"3":{"streak":2,"capped":false},"8":{"streak":20,"capped":false},"30":{"streak":61,"capped":false},"50":{"streak":61,"capped":false},"100":{"streak":77,"capped":false},"200":{"streak":60,"capped":false}}	{"3":{"streak":40,"capped":false},"8":{"streak":60,"capped":false},"30":{"streak":83,"capped":false},"100":{"streak":25,"capped":false}}	64	amber	8	false	\N	0.9884	true	true	47	9.1406
Commodity Chemicals	2026-09-04	38	218.2627	0.2859	235.5218	165.5002	-7.328	31.8806	217.4825	219.811	219.3712	216.363	211.0852	201.2405	50.44	{"3":true,"8":false,"30":false,"50":true,"100":true,"200":true}	{"3":false,"8":true,"30":true,"100":true}	{"3":{"streak":1,"capped":false},"8":{"streak":3,"capped":false},"30":{"streak":3,"capped":false},"50":{"streak":42,"capped":false},"100":{"streak":105,"capped":false},"200":{"streak":60,"capped":false}}	{"3":{"streak":3,"capped":false},"8":{"streak":55,"capped":false},"30":{"streak":89,"capped":false},"100":{"streak":25,"capped":false}}	37	red	249	false	\N	-0.144	false	true	56	7.5146
IT Networking Equipment	2026-09-04	4	768.8985	-1.4763	800.7624	432.8009	-3.9792	77.6564	774.5635	782.9408	763.9542	746.4936	687.2503	591.3551	45.69	{"3":false,"8":false,"30":true,"50":true,"100":true,"200":true}	{"3":false,"8":true,"30":true,"100":true}	{"3":{"streak":1,"capped":false},"8":{"streak":5,"capped":false},"30":{"streak":26,"capped":false},"50":{"streak":123,"capped":false},"100":{"streak":111,"capped":false},"200":{"streak":111,"capped":false}}	{"3":{"streak":3,"capped":false},"8":{"streak":25,"capped":false},"30":{"streak":108,"capped":false},"100":{"streak":83,"capped":false}}	90	green	114	false	\N	4.5034	true	true	99	26.2344
Textiles	2026-09-04	62	391.1594	1.3029	391.1594	279.3862	0	40.0067	386.9615	385.7656	383.1313	380.1184	362.1556	334.8198	77.92	{"3":true,"8":true,"30":true,"50":true,"100":true,"200":true}	{"3":true,"8":true,"30":true,"100":true}	{"3":{"streak":2,"capped":false},"8":{"streak":2,"capped":false},"30":{"streak":12,"capped":false},"50":{"streak":109,"capped":false},"100":{"streak":107,"capped":false},"200":{"streak":105,"capped":false}}	{"3":{"streak":1,"capped":false},"8":{"streak":8,"capped":false},"30":{"streak":97,"capped":false},"100":{"streak":62,"capped":false}}	67	amber	57	false	\N	1.6101	true	true	80	13.5292
Diversified	2026-09-04	7	196.8391	0.987	216.3761	151.8727	-9.0292	29.6079	195.5623	196.5146	197.0603	194.8511	188.9645	181.3775	55.68	{"3":true,"8":true,"30":false,"50":true,"100":true,"200":true}	{"3":false,"8":false,"30":true,"100":true}	{"3":{"streak":1,"capped":false},"8":{"streak":1,"capped":false},"30":{"streak":4,"capped":false},"50":{"streak":60,"capped":false},"100":{"streak":101,"capped":false},"200":{"streak":59,"capped":false}}	{"3":{"streak":7,"capped":false},"8":{"streak":2,"capped":false},"30":{"streak":85,"capped":false},"100":{"streak":24,"capped":false}}	39	red	233	false	\N	0.1365	true	true	52	7.4285
Warehousing & Logistics	2026-09-04	24	193.2658	-0.0912	194.9316	131.4484	-0.8545	47.0278	192.9413	192.9404	188.1566	183.9011	175.2003	165.6241	59.45	{"3":true,"8":true,"30":true,"50":true,"100":true,"200":true}	{"3":true,"8":true,"30":true,"100":true}	{"3":{"streak":2,"capped":false},"8":{"streak":2,"capped":false},"30":{"streak":30,"capped":false},"50":{"streak":105,"capped":false},"100":{"streak":103,"capped":false},"200":{"streak":61,"capped":false}}	{"3":{"streak":1,"capped":false},"8":{"streak":26,"capped":false},"30":{"streak":85,"capped":false},"100":{"streak":26,"capped":false}}	63	amber	11	false	\N	0.9183	true	true	55	11.0353
Telecom Cables	2026-09-04	4	306.492	3.9517	306.492	92.2775	0	232.1416	297.9758	292.8435	271.3661	260.6986	233.2814	172.0361	76.77	{"3":true,"8":true,"30":true,"50":true,"100":true,"200":true}	{"3":true,"8":true,"30":true,"100":true}	{"3":{"streak":2,"capped":false},"8":{"streak":10,"capped":false},"30":{"streak":25,"capped":false},"50":{"streak":26,"capped":false},"100":{"streak":111,"capped":false},"200":{"streak":107,"capped":false}}	{"3":{"streak":9,"capped":false},"8":{"streak":22,"capped":false},"30":{"streak":130,"capped":false},"100":{"streak":87,"capped":false}}	99	green	130	false	\N	10.6137	true	true	105	51.5371
Travel Support Services	2026-09-04	7	224.6551	0.84	302.8235	193.4252	-25.8132	16.1458	222.6791	223.1111	227.0849	227.6043	224.721	237.0701	40.82	{"3":true,"8":true,"30":false,"50":false,"100":false,"200":false}	{"3":false,"8":false,"30":true,"100":false}	{"3":{"streak":2,"capped":false},"8":{"streak":1,"capped":false},"30":{"streak":10,"capped":false},"50":{"streak":10,"capped":false},"100":{"streak":7,"capped":false},"200":{"streak":166,"capped":false}}	{"3":{"streak":8,"capped":false},"8":{"streak":6,"capped":false},"30":{"streak":47,"capped":false},"100":{"streak":128,"capped":false}}	7	red	161	false	\N	-2.4595	false	false	147	-3.9928
Edible Oils	2026-09-04	11	542.619	-0.2929	596.1408	402.302	-8.978	34.8785	542.906	548.1802	545.7113	538.1136	531.8901	505.8212	44.97	{"3":false,"8":false,"30":false,"50":true,"100":true,"200":true}	{"3":false,"8":true,"30":true,"100":true}	{"3":{"streak":1,"capped":false},"8":{"streak":6,"capped":false},"30":{"streak":3,"capped":false},"50":{"streak":26,"capped":false},"100":{"streak":101,"capped":false},"200":{"streak":98,"capped":false}}	{"3":{"streak":5,"capped":false},"8":{"streak":25,"capped":false},"30":{"streak":86,"capped":false},"100":{"streak":23,"capped":false}}	40	red	59	false	\N	-0.1594	false	true	60	6.3842
Education	2026-09-04	7	1929.0457	0.8085	2094.5695	1596.445	-7.9025	20.8338	1917.2751	1926.1037	1943.6472	1970.8006	1936.4431	1910.7971	45.21	{"3":true,"8":true,"30":false,"50":false,"100":false,"200":true}	{"3":false,"8":false,"30":true,"100":true}	{"3":{"streak":3,"capped":false},"8":{"streak":1,"capped":false},"30":{"streak":7,"capped":false},"50":{"streak":24,"capped":false},"100":{"streak":5,"capped":false},"200":{"streak":2,"capped":false}}	{"3":{"streak":5,"capped":false},"8":{"streak":33,"capped":false},"30":{"streak":79,"capped":false},"100":{"streak":25,"capped":false}}	23	red	39	false	\N	0.7397	true	true	61	3.1402
Other Financial Services	2026-09-04	37	1138.1982	0.9225	1205.6723	696.5763	-5.5964	63.3989	1127.9269	1122.4054	1118.6126	1116.1519	1107.7844	1116.3202	71.75	{"3":true,"8":true,"30":true,"50":true,"100":true,"200":true}	{"3":true,"8":true,"30":true,"100":false}	{"3":{"streak":3,"capped":false},"8":{"streak":3,"capped":false},"30":{"streak":8,"capped":false},"50":{"streak":8,"capped":false},"100":{"streak":61,"capped":false},"200":{"streak":3,"capped":false}}	{"3":{"streak":2,"capped":false},"8":{"streak":5,"capped":false},"30":{"streak":54,"capped":false},"100":{"streak":23,"capped":false}}	57	red	15	false	\N	1.8452	true	false	9	-0.0151
IT Software Products	2026-09-04	16	275.6594	0.4942	353.6713	211.1724	-22.0577	30.5376	274.4416	276.1561	280.641	283.3547	279.8661	281.2123	48.46	{"3":true,"8":false,"30":false,"50":false,"100":false,"200":false}	{"3":false,"8":false,"30":true,"100":false}	{"3":{"streak":1,"capped":false},"8":{"streak":9,"capped":false},"30":{"streak":10,"capped":false},"50":{"streak":17,"capped":false},"100":{"streak":8,"capped":false},"200":{"streak":10,"capped":false}}	{"3":{"streak":8,"capped":false},"8":{"streak":15,"capped":false},"30":{"streak":77,"capped":false},"100":{"streak":147,"capped":false}}	13	red	408	false	\N	-2.1104	false	true	12	0.7618
Restaurants	2026-09-04	9	130.9725	0.6139	138.1362	82.6266	-5.1859	58.5112	130.3976	131.9464	129.7367	123.8373	114.0954	105.7876	41.64	{"3":true,"8":false,"30":true,"50":true,"100":true,"200":true}	{"3":false,"8":true,"30":true,"100":true}	{"3":{"streak":2,"capped":false},"8":{"streak":8,"capped":false},"30":{"streak":28,"capped":false},"50":{"streak":105,"capped":false},"100":{"streak":95,"capped":false},"200":{"streak":73,"capped":false}}	{"3":{"streak":6,"capped":false},"8":{"streak":24,"capped":false},"30":{"streak":81,"capped":false},"100":{"streak":26,"capped":false}}	75	amber	6	false	\N	2.1932	true	true	51	17.0623
Healthcare Services	2026-09-04	18	304.1796	-0.0669	304.3831	201.1814	-0.0669	51.1967	303.2759	302.5266	293.3945	287.1894	269.4317	248.1078	72.7	{"3":true,"8":true,"30":true,"50":true,"100":true,"200":true}	{"3":true,"8":true,"30":true,"100":true}	{"3":{"streak":2,"capped":false},"8":{"streak":2,"capped":false},"30":{"streak":109,"capped":false},"50":{"streak":107,"capped":false},"100":{"streak":105,"capped":false},"200":{"streak":107,"capped":false}}	{"3":{"streak":30,"capped":false},"8":{"streak":105,"capped":false},"30":{"streak":88,"capped":false},"100":{"streak":279,"capped":false}}	81	green	48	false	\N	2.9118	true	true	78	15.7519
Special Consumer Services	2026-09-04	6	94.5589	2.2057	112.7371	65.5126	-16.1244	44.3371	93.122	92.891	89.198	86.7643	83.3774	83.8616	69.93	{"3":true,"8":true,"30":true,"50":true,"100":true,"200":true}	{"3":true,"8":true,"30":true,"100":false}	{"3":{"streak":2,"capped":false},"8":{"streak":1,"capped":false},"30":{"streak":35,"capped":false},"50":{"streak":61,"capped":false},"100":{"streak":61,"capped":false},"200":{"streak":23,"capped":false}}	{"3":{"streak":1,"capped":false},"8":{"streak":59,"capped":false},"30":{"streak":71,"capped":false},"100":{"streak":138,"capped":false}}	52	red	197	false	\N	-1.6774	false	true	11	3.4613
Telecom Equipment	2026-09-04	10	601.7317	3.1654	601.7317	380.4122	0	58.1789	588.2679	579.1894	563.775	560.5803	548.4335	496.2249	80.31	{"3":true,"8":true,"30":true,"50":true,"100":true,"200":true}	{"3":true,"8":true,"30":true,"100":true}	{"3":{"streak":2,"capped":false},"8":{"streak":10,"capped":false},"30":{"streak":22,"capped":false},"50":{"streak":11,"capped":false},"100":{"streak":106,"capped":false},"200":{"streak":103,"capped":false}}	{"3":{"streak":9,"capped":false},"8":{"streak":19,"capped":false},"30":{"streak":93,"capped":false},"100":{"streak":43,"capped":false}}	66	amber	6	false	\N	0.9419	true	true	70	12.969
Footwear	2026-09-04	8	106.6766	0.692	139.7504	87.2755	-23.6663	22.2298	105.9912	107.3128	109.3653	110.3881	107.5557	108.9018	30.27	{"3":true,"8":false,"30":false,"50":false,"100":false,"200":false}	{"3":false,"8":false,"30":true,"100":false}	{"3":{"streak":1,"capped":false},"8":{"streak":7,"capped":false},"30":{"streak":20,"capped":false},"50":{"streak":19,"capped":false},"100":{"streak":4,"capped":false},"200":{"streak":14,"capped":false}}	{"3":{"streak":5,"capped":false},"8":{"streak":27,"capped":false},"30":{"streak":53,"capped":false},"100":{"streak":175,"capped":false}}	17	red	501	true	\N	-1.4401	false	true	15	1.3648
Movies & Entertainment	2026-09-04	10	662.3167	2.8455	786.2025	505.7031	-15.7575	30.9695	644.0098	638.259	633.4855	627.3487	626.696	636.7842	75.63	{"3":true,"8":true,"30":true,"50":true,"100":true,"200":true}	{"3":true,"8":true,"30":true,"100":false}	{"3":{"streak":2,"capped":false},"8":{"streak":2,"capped":false},"30":{"streak":2,"capped":false},"50":{"streak":14,"capped":false},"100":{"streak":2,"capped":false},"200":{"streak":2,"capped":false}}	{"3":{"streak":2,"capped":false},"8":{"streak":41,"capped":false},"30":{"streak":77,"capped":false},"100":{"streak":149,"capped":false}}	21	red	140	false	\N	-1.0519	false	false	162	-1.4817
Roads & Highways	2026-09-04	6	153.7911	-0.2693	232.7639	150.1604	-33.9283	2.4179	153.5765	155.6732	162.3455	166.1188	170.7578	177.8748	23.37	{"3":true,"8":false,"30":false,"50":false,"100":false,"200":false}	{"3":false,"8":false,"30":false,"100":false}	{"3":{"streak":1,"capped":false},"8":{"streak":22,"capped":false},"30":{"streak":22,"capped":false},"50":{"streak":22,"capped":false},"100":{"streak":22,"capped":false},"200":{"streak":238,"capped":false}}	{"3":{"streak":21,"capped":false},"8":{"streak":38,"capped":false},"30":{"streak":22,"capped":false},"100":{"streak":186,"capped":false}}	1	red	469	false	\N	-2.8407	false	false	442	-6.6091
Misc. Commercial Services	2026-09-04	20	453.3503	0.0536	454.3299	298.0924	-0.2156	52.0838	452.5643	449.7002	438.5775	431.6674	408.3996	382.041	84.05	{"3":true,"8":true,"30":true,"50":true,"100":true,"200":true}	{"3":true,"8":true,"30":true,"100":true}	{"3":{"streak":2,"capped":false},"8":{"streak":11,"capped":false},"30":{"streak":12,"capped":false},"50":{"streak":107,"capped":false},"100":{"streak":103,"capped":false},"200":{"streak":75,"capped":false}}	{"3":{"streak":10,"capped":false},"8":{"streak":72,"capped":false},"30":{"streak":86,"capped":false},"100":{"streak":27,"capped":false}}	69	amber	10	false	\N	0.9485	true	true	59	12.9898
Compressors & Pumps	2026-09-04	10	418.676	0.2907	471.9157	316.1013	-11.2816	32.4499	416.7782	417.5173	412.2167	421.9034	414.7197	393.0999	60.51	{"3":true,"8":true,"30":true,"50":false,"100":true,"200":true}	{"3":false,"8":true,"30":false,"100":true}	{"3":{"streak":2,"capped":false},"8":{"streak":2,"capped":false},"30":{"streak":8,"capped":false},"50":{"streak":32,"capped":false},"100":{"streak":2,"capped":false},"200":{"streak":61,"capped":false}}	{"3":{"streak":1,"capped":false},"8":{"streak":8,"capped":false},"30":{"streak":6,"capped":false},"100":{"streak":28,"capped":false}}	31	red	47	false	\N	-0.6098	false	true	56	7.3273
Ceramics	2026-09-04	5	159.8606	-0.3161	160.3675	117.0019	-0.3161	36.6308	159.7164	156.7928	152.2822	151.3567	150.0486	140.1182	74.9	{"3":true,"8":true,"30":true,"50":true,"100":true,"200":true}	{"3":true,"8":true,"30":true,"100":true}	{"3":{"streak":11,"capped":false},"8":{"streak":10,"capped":false},"30":{"streak":10,"capped":false},"50":{"streak":10,"capped":false},"100":{"streak":11,"capped":false},"200":{"streak":104,"capped":false}}	{"3":{"streak":9,"capped":false},"8":{"streak":6,"capped":false},"30":{"streak":95,"capped":false},"100":{"streak":54,"capped":false}}	61	amber	3	false	\N	0.8596	true	true	75	8.0208
Shipping	2026-09-04	6	623.2619	1.1456	623.2619	271.1887	0	129.8259	613.4334	606.3511	597.6198	582.981	561.583	496.0462	70.13	{"3":true,"8":true,"30":true,"50":true,"100":true,"200":true}	{"3":true,"8":true,"30":true,"100":true}	{"3":{"streak":3,"capped":false},"8":{"streak":3,"capped":false},"30":{"streak":35,"capped":false},"50":{"streak":35,"capped":false},"100":{"streak":342,"capped":false},"200":{"streak":325,"capped":false}}	{"3":{"streak":2,"capped":false},"8":{"streak":55,"capped":false},"30":{"streak":334,"capped":false},"100":{"streak":277,"capped":false}}	96	green	280	false	\N	5.8219	true	true	302	17.5255
Data Processing Services	2026-09-04	3	77.7629	0.3286	106.3143	67.3999	-26.8557	15.3754	77.7356	78.5984	81.865	82.1256	82.9421	86.571	27.81	{"3":true,"8":false,"30":false,"50":false,"100":false,"200":false}	{"3":false,"8":false,"30":false,"100":false}	{"3":{"streak":1,"capped":false},"8":{"streak":4,"capped":false},"30":{"streak":19,"capped":false},"50":{"streak":18,"capped":false},"100":{"streak":17,"capped":false},"200":{"streak":148,"capped":false}}	{"3":{"streak":3,"capped":false},"8":{"streak":17,"capped":false},"30":{"streak":8,"capped":false},"100":{"streak":126,"capped":false}}	3	red	145	false	\N	-2.2831	false	false	140	-5.1349
Broadcasting & Cable TV	2026-09-04	13	92.8155	1.4973	127.2249	79.0479	-27.0461	17.4168	91.8298	93.0547	93.8349	95.2818	97.0022	97.9521	39.16	{"3":true,"8":false,"30":false,"50":false,"100":false,"200":false}	{"3":false,"8":false,"30":false,"100":false}	{"3":{"streak":1,"capped":false},"8":{"streak":7,"capped":false},"30":{"streak":7,"capped":false},"50":{"streak":37,"capped":false},"100":{"streak":33,"capped":false},"200":{"streak":237,"capped":false}}	{"3":{"streak":7,"capped":false},"8":{"streak":3,"capped":false},"30":{"streak":20,"capped":false},"100":{"streak":180,"capped":false}}	4	red	501	true	\N	-1.869	false	false	203	-2.7261
BPO/KPO	2026-09-04	7	1062.372	0.2244	1066.4556	643.3422	-0.3829	65.1333	1062.9404	1056.868	994.8338	942.1844	861.0695	817.8738	86.99	{"3":false,"8":true,"30":true,"50":true,"100":true,"200":true}	{"3":true,"8":true,"30":true,"100":true}	{"3":{"streak":2,"capped":false},"8":{"streak":17,"capped":false},"30":{"streak":48,"capped":false},"50":{"streak":48,"capped":false},"100":{"streak":79,"capped":false},"200":{"streak":92,"capped":false}}	{"3":{"streak":16,"capped":false},"8":{"streak":55,"capped":false},"30":{"streak":74,"capped":false},"100":{"streak":22,"capped":false}}	92	green	39	false	\N	2.9674	true	true	60	15.1992
Consulting Services	2026-09-04	4	544.8599	3.9231	544.8599	331.0499	0	64.5854	527.8885	508.6604	490.4189	491.8425	472.9495	425.2166	87.87	{"3":true,"8":true,"30":true,"50":true,"100":true,"200":true}	{"3":true,"8":true,"30":true,"100":true}	{"3":{"streak":6,"capped":false},"8":{"streak":11,"capped":false},"30":{"streak":10,"capped":false},"50":{"streak":6,"capped":false},"100":{"streak":107,"capped":false},"200":{"streak":103,"capped":false}}	{"3":{"streak":10,"capped":false},"8":{"streak":7,"capped":false},"30":{"streak":97,"capped":false},"100":{"streak":56,"capped":false}}	82	green	1	false	\N	1.6901	true	true	80	15.6687
Healthcare Supplies	2026-09-04	4	126.4714	0.4009	168.0742	106.4781	-24.7527	18.7769	125.9392	126.1921	127.3573	129.3045	130.1125	132.3341	53.03	{"3":true,"8":true,"30":false,"50":false,"100":false,"200":false}	{"3":false,"8":false,"30":false,"100":false}	{"3":{"streak":2,"capped":false},"8":{"streak":1,"capped":false},"30":{"streak":33,"capped":false},"50":{"streak":33,"capped":false},"100":{"streak":18,"capped":false},"200":{"streak":280,"capped":false}}	{"3":{"streak":4,"capped":false},"8":{"streak":28,"capped":false},"30":{"streak":11,"capped":false},"100":{"streak":324,"capped":false}}	5	red	316	false	\N	-2.238	false	false	365	-2.2893
Forest Products	2026-09-04	6	295.2553	1.2965	309.6654	217.7465	-4.6534	35.5959	291.9995	289.8353	295.0342	297.9029	290.1544	263.6927	51.41	{"3":true,"8":true,"30":true,"50":false,"100":true,"200":true}	{"3":true,"8":false,"30":true,"100":true}	{"3":{"streak":2,"capped":false},"8":{"streak":4,"capped":false},"30":{"streak":1,"capped":false},"50":{"streak":19,"capped":false},"100":{"streak":2,"capped":false},"200":{"streak":108,"capped":false}}	{"3":{"streak":3,"capped":false},"8":{"streak":27,"capped":false},"30":{"streak":98,"capped":false},"100":{"streak":80,"capped":false}}	59	red	9	false	\N	1.3909	true	true	95	12.9735
Containers & Packaging	2026-09-04	22	296.6072	-0.2952	297.4855	191.5482	-0.2952	54.8473	296.5509	294.1363	286.2544	278.6515	259.0498	237.095	59.3	{"3":true,"8":true,"30":true,"50":true,"100":true,"200":true}	{"3":true,"8":true,"30":true,"100":true}	{"3":{"streak":6,"capped":false},"8":{"streak":3,"capped":false},"30":{"streak":108,"capped":false},"50":{"streak":107,"capped":false},"100":{"streak":105,"capped":false},"200":{"streak":94,"capped":false}}	{"3":{"streak":2,"capped":false},"8":{"streak":104,"capped":false},"30":{"streak":90,"capped":false},"100":{"streak":48,"capped":false}}	80	green	19	false	\N	2.4777	true	true	66	17.5273
Investment Companies	2026-09-04	8	365.2332	0.1124	396.8459	272.9568	-7.966	33.8062	363.4746	362.2456	364.6447	364.2811	348.2116	334.1263	55.89	{"3":true,"8":true,"30":true,"50":true,"100":true,"200":true}	{"3":true,"8":false,"30":true,"100":true}	{"3":{"streak":2,"capped":false},"8":{"streak":2,"capped":false},"30":{"streak":2,"capped":false},"50":{"streak":2,"capped":false},"100":{"streak":79,"capped":false},"200":{"streak":61,"capped":false}}	{"3":{"streak":1,"capped":false},"8":{"streak":14,"capped":false},"30":{"streak":84,"capped":false},"100":{"streak":20,"capped":false}}	42	red	188	false	\N	-0.3758	false	true	43	9.025
Other Agricultural Products	2026-09-04	18	285.0273	0.3845	285.0273	215.2372	0	32.4247	283.0674	280.3775	272.1449	269.2758	267.1954	257.9201	65.11	{"3":true,"8":true,"30":true,"50":true,"100":true,"200":true}	{"3":true,"8":true,"30":true,"100":true}	{"3":{"streak":5,"capped":false},"8":{"streak":5,"capped":false},"30":{"streak":19,"capped":false},"50":{"streak":25,"capped":false},"100":{"streak":107,"capped":false},"200":{"streak":61,"capped":false}}	{"3":{"streak":4,"capped":false},"8":{"streak":21,"capped":false},"30":{"streak":90,"capped":false},"100":{"streak":38,"capped":false}}	47	red	103	false	\N	0.5405	true	true	68	4.4028
Paper & Paper Products	2026-09-04	14	241.5848	1.8159	245.9199	192.9044	-1.7628	25.2355	236.2624	233.9957	232.872	228.0362	227.7387	223.5491	73.02	{"3":true,"8":true,"30":true,"50":true,"100":true,"200":true}	{"3":true,"8":true,"30":true,"100":true}	{"3":{"streak":2,"capped":false},"8":{"streak":2,"capped":false},"30":{"streak":2,"capped":false},"50":{"streak":35,"capped":false},"100":{"streak":33,"capped":false},"200":{"streak":33,"capped":false}}	{"3":{"streak":2,"capped":false},"8":{"streak":2,"capped":false},"30":{"streak":24,"capped":false},"100":{"streak":27,"capped":false}}	45	red	82	false	\N	0.4298	true	true	21	2.0072
Household Appliances	2026-09-04	13	145.1163	-0.0534	186.1675	120.3493	-22.0507	20.5793	144.2912	147.043	151.2492	150.9804	147.5446	148.2858	29.23	{"3":true,"8":false,"30":false,"50":false,"100":false,"200":false}	{"3":false,"8":false,"30":true,"100":false}	{"3":{"streak":2,"capped":false},"8":{"streak":7,"capped":false},"30":{"streak":7,"capped":false},"50":{"streak":7,"capped":false},"100":{"streak":5,"capped":false},"200":{"streak":6,"capped":false}}	{"3":{"streak":14,"capped":false},"8":{"streak":5,"capped":false},"30":{"streak":75,"capped":false},"100":{"streak":151,"capped":false}}	12	red	501	true	\N	-1.8949	false	true	13	1.8172
Sugar	2026-09-04	17	181.4936	-2.6946	197.9928	126.8245	-8.3332	43.106	183.9262	185.2051	173.1897	167.5074	162.4163	151.1631	54.84	{"3":false,"8":false,"30":true,"50":true,"100":true,"200":true}	{"3":false,"8":true,"30":true,"100":true}	{"3":{"streak":1,"capped":false},"8":{"streak":1,"capped":false},"30":{"streak":25,"capped":false},"50":{"streak":25,"capped":false},"100":{"streak":25,"capped":false},"200":{"streak":112,"capped":false}}	{"3":{"streak":7,"capped":false},"8":{"streak":20,"capped":false},"30":{"streak":108,"capped":false},"100":{"streak":58,"capped":false}}	73	amber	3	false	\N	2.1678	true	true	88	10.8124
Petrochemicals	2026-09-04	7	202.6241	1.1764	202.6241	122.263	0	65.728	199.5892	193.9146	186.619	180.3906	170.9055	157.3777	85.28	{"3":true,"8":true,"30":true,"50":true,"100":true,"200":true}	{"3":true,"8":true,"30":true,"100":true}	{"3":{"streak":6,"capped":false},"8":{"streak":14,"capped":false},"30":{"streak":35,"capped":false},"50":{"streak":106,"capped":false},"100":{"streak":105,"capped":false},"200":{"streak":90,"capped":false}}	{"3":{"streak":13,"capped":false},"8":{"streak":105,"capped":false},"30":{"streak":87,"capped":false},"100":{"streak":41,"capped":false}}	84	green	5	false	\N	1.9744	true	true	65	14.6227
Specialty Retail	2026-09-04	9	438.145	1.2631	483.1299	312.6311	-9.3111	40.1476	433.1405	434.9675	428.3744	413.8718	393.7441	385.3265	49	{"3":true,"8":true,"30":true,"50":true,"100":true,"200":true}	{"3":false,"8":true,"30":true,"100":true}	{"3":{"streak":2,"capped":false},"8":{"streak":1,"capped":false},"30":{"streak":60,"capped":false},"50":{"streak":61,"capped":false},"100":{"streak":78,"capped":false},"200":{"streak":39,"capped":false}}	{"3":{"streak":11,"capped":false},"8":{"streak":60,"capped":false},"30":{"streak":80,"capped":false},"100":{"streak":10,"capped":false}}	54	red	501	true	\N	-0.7228	false	true	22	7.4081
Electrodes & Refractories	2026-09-04	8	282.9148	-0.2677	284.7451	198.1592	-0.6428	42.7715	282.4594	282.1803	276.8817	270.504	257.5584	243.3247	60.28	{"3":true,"8":true,"30":true,"50":true,"100":true,"200":true}	{"3":true,"8":true,"30":true,"100":true}	{"3":{"streak":2,"capped":false},"8":{"streak":2,"capped":false},"30":{"streak":60,"capped":false},"50":{"streak":61,"capped":false},"100":{"streak":103,"capped":false},"200":{"streak":103,"capped":false}}	{"3":{"streak":2,"capped":false},"8":{"streak":72,"capped":false},"30":{"streak":87,"capped":false},"100":{"streak":43,"capped":false}}	68	amber	32	false	\N	1.7306	true	true	71	11.17
Commodity Printing/Stationery	2026-09-04	4	242.716	0.361	316.9146	237.3255	-23.4128	2.2714	242.1336	243.1545	248.1722	252.9868	259.3705	264.5462	27.03	{"3":true,"8":false,"30":false,"50":false,"100":false,"200":false}	{"3":false,"8":false,"30":false,"100":false}	{"3":{"streak":1,"capped":false},"8":{"streak":14,"capped":false},"30":{"streak":38,"capped":false},"50":{"streak":39,"capped":false},"100":{"streak":39,"capped":false},"200":{"streak":85,"capped":false}}	{"3":{"streak":20,"capped":false},"8":{"streak":37,"capped":false},"30":{"streak":29,"capped":false},"100":{"streak":162,"capped":false}}	3	red	501	true	\N	-1.8505	false	false	182	-4.3695
Transport Related Services	2026-09-04	7	762.8101	0.8847	826.6165	509.2914	-7.719	49.7787	755.0866	755.6602	779.5633	779.3518	733.3204	694.7607	54.74	{"3":true,"8":true,"30":false,"50":false,"100":true,"200":true}	{"3":false,"8":false,"30":true,"100":true}	{"3":{"streak":2,"capped":false},"8":{"streak":1,"capped":false},"30":{"streak":18,"capped":false},"50":{"streak":15,"capped":false},"100":{"streak":77,"capped":false},"200":{"streak":61,"capped":false}}	{"3":{"streak":7,"capped":false},"8":{"streak":13,"capped":false},"30":{"streak":80,"capped":false},"100":{"streak":21,"capped":false}}	50	red	16	false	\N	-0.0392	false	true	47	12.1756
Electronic Components	2026-09-04	16	1542.6895	0.9653	1542.6895	774.2308	0	99.2545	1528.5996	1515.173	1448.9146	1405.2872	1283.9803	1080.2509	78.79	{"3":true,"8":true,"30":true,"50":true,"100":true,"200":true}	{"3":true,"8":true,"30":true,"100":true}	{"3":{"streak":2,"capped":false},"8":{"streak":26,"capped":false},"30":{"streak":109,"capped":false},"50":{"streak":109,"capped":false},"100":{"streak":107,"capped":false},"200":{"streak":107,"capped":false}}	{"3":{"streak":26,"capped":false},"8":{"streak":105,"capped":false},"30":{"streak":98,"capped":false},"100":{"streak":71,"capped":false}}	97	green	107	false	\N	4.8545	true	true	90	30.089
Dyes & Pigments	2026-09-04	8	177.8267	0.312	177.8267	95.8723	0	85.4829	176.0226	166.5977	147.8293	139.9089	131.1331	123.9309	98.89	{"3":true,"8":true,"30":true,"50":true,"100":true,"200":true}	{"3":true,"8":true,"30":true,"100":true}	{"3":{"streak":13,"capped":false},"8":{"streak":13,"capped":false},"30":{"streak":42,"capped":false},"50":{"streak":108,"capped":false},"100":{"streak":102,"capped":false},"200":{"streak":60,"capped":false}}	{"3":{"streak":13,"capped":false},"8":{"streak":73,"capped":false},"30":{"streak":85,"capped":false},"100":{"streak":20,"capped":false}}	92	green	9	false	\N	1.3395	true	true	44	12.8927
Other Industrial Goods	2026-09-04	11	616.114	-0.1876	617.2718	338.2535	-0.1876	82.1457	615.1082	608.1823	580.3097	560.2341	513.6126	457.2405	74.63	{"3":true,"8":true,"30":true,"50":true,"100":true,"200":true}	{"3":true,"8":true,"30":true,"100":true}	{"3":{"streak":2,"capped":false},"8":{"streak":6,"capped":false},"30":{"streak":108,"capped":false},"50":{"streak":107,"capped":false},"100":{"streak":103,"capped":false},"200":{"streak":101,"capped":false}}	{"3":{"streak":5,"capped":false},"8":{"streak":105,"capped":false},"30":{"streak":88,"capped":false},"100":{"streak":52,"capped":false}}	91	green	55	false	\N	3.8035	true	true	70	22.525
Houseware	2026-09-04	6	128.8949	1.6097	171.9373	113.8564	-25.0338	13.2083	127.5283	127.6122	131.4865	133.537	131.7575	134.5064	27.48	{"3":true,"8":true,"30":false,"50":false,"100":false,"200":false}	{"3":false,"8":false,"30":false,"100":false}	{"3":{"streak":3,"capped":false},"8":{"streak":1,"capped":false},"30":{"streak":22,"capped":false},"50":{"streak":15,"capped":false},"100":{"streak":11,"capped":false},"200":{"streak":198,"capped":false}}	{"3":{"streak":14,"capped":false},"8":{"streak":29,"capped":false},"30":{"streak":3,"capped":false},"100":{"streak":158,"capped":false}}	8	red	501	true	\N	-2.6832	false	false	172	-0.7207
Other Leisure Facilities	2026-09-04	4	235.2216	1.2325	250.6311	167.4339	-6.1483	40.4863	233.735	237.333	220.3185	216.2915	209.7361	205.0237	75.14	{"3":true,"8":false,"30":true,"50":true,"100":true,"200":true}	{"3":false,"8":true,"30":true,"100":true}	{"3":{"streak":1,"capped":false},"8":{"streak":3,"capped":false},"30":{"streak":12,"capped":false},"50":{"streak":47,"capped":false},"100":{"streak":57,"capped":false},"200":{"streak":26,"capped":false}}	{"3":{"streak":3,"capped":false},"8":{"streak":10,"capped":false},"30":{"streak":86,"capped":false},"100":{"streak":14,"capped":false}}	56	red	3	false	\N	0.0607	true	true	23	5.4958
Furniture-Furnishing	2026-09-04	7	214.5132	0.0881	248.6084	174.4261	-13.7144	22.9823	213.9793	213.2971	218.894	223.1478	215.4414	214.907	54.98	{"3":true,"8":true,"30":false,"50":false,"100":false,"200":false}	{"3":true,"8":false,"30":true,"100":true}	{"3":{"streak":5,"capped":false},"8":{"streak":4,"capped":false},"30":{"streak":22,"capped":false},"50":{"streak":20,"capped":false},"100":{"streak":10,"capped":false},"200":{"streak":19,"capped":false}}	{"3":{"streak":3,"capped":false},"8":{"streak":27,"capped":false},"30":{"streak":65,"capped":false},"100":{"streak":2,"capped":false}}	19	red	189	false	\N	-1.3172	false	true	33	3.8346
Computer Hardware	2026-09-04	5	1127.9997	1.7255	1133.6801	621.7768	-0.5011	81.4155	1113.047	1078.5382	980.8447	959.2774	893.4364	828.6705	75.09	{"3":true,"8":true,"30":true,"50":true,"100":true,"200":true}	{"3":true,"8":true,"30":true,"100":true}	{"3":{"streak":1,"capped":false},"8":{"streak":6,"capped":false},"30":{"streak":20,"capped":false},"50":{"streak":61,"capped":false},"100":{"streak":105,"capped":false},"200":{"streak":59,"capped":false}}	{"3":{"streak":6,"capped":false},"8":{"streak":17,"capped":false},"30":{"streak":88,"capped":false},"100":{"streak":27,"capped":false}}	93	green	19	false	\N	1.371	true	true	56	15.761
Oil Equipment & Services	2026-09-04	3	1507.948	4.4346	1507.948	711.3931	0	111.9711	1444.0841	1382.4746	1218.0977	1090.8016	1005.5759	903.6097	74.56	{"3":true,"8":true,"30":true,"50":true,"100":true,"200":true}	{"3":true,"8":true,"30":true,"100":true}	{"3":{"streak":3,"capped":false},"8":{"streak":3,"capped":false},"30":{"streak":32,"capped":false},"50":{"streak":30,"capped":false},"100":{"streak":42,"capped":false},"200":{"streak":106,"capped":false}}	{"3":{"streak":3,"capped":false},"8":{"streak":33,"capped":false},"30":{"streak":101,"capped":false},"100":{"streak":55,"capped":false}}	98	green	26	false	\N	5.0807	true	true	76	20.716
Publishing	2026-09-04	9	195.035	-0.4659	215.7066	152.9781	-9.5832	27.4921	195.3817	196.3669	201.2482	198.8579	191.4266	187.9731	25.16	{"3":false,"8":false,"30":false,"50":false,"100":true,"200":true}	{"3":false,"8":false,"30":true,"100":true}	{"3":{"streak":3,"capped":false},"8":{"streak":10,"capped":false},"30":{"streak":12,"capped":false},"50":{"streak":7,"capped":false},"100":{"streak":75,"capped":false},"200":{"streak":46,"capped":false}}	{"3":{"streak":10,"capped":false},"8":{"streak":11,"capped":false},"30":{"streak":78,"capped":false},"100":{"streak":12,"capped":false}}	28	red	501	true	\N	-0.588	false	true	30	5.7906
Construction Materials	2026-09-04	6	417.4436	-0.5619	455.7993	322.6	-8.4151	29.3997	417.8386	427.6633	439.4401	438.6032	427.3681	406.0031	24.99	{"3":false,"8":false,"30":false,"50":false,"100":false,"200":true}	{"3":false,"8":false,"30":true,"100":true}	{"3":{"streak":1,"capped":false},"8":{"streak":7,"capped":false},"30":{"streak":16,"capped":false},"50":{"streak":7,"capped":false},"100":{"streak":4,"capped":false},"200":{"streak":61,"capped":false}}	{"3":{"streak":7,"capped":false},"8":{"streak":12,"capped":false},"30":{"streak":89,"capped":false},"100":{"streak":53,"capped":false}}	49	red	16	false	\N	0.6732	true	true	98	8.0295
Household Products	2026-09-04	3	239.7956	-0.5553	316.8818	212.181	-24.3265	13.0146	240.454	241.5251	257.5746	270.0122	278.2248	256.3533	9.22	{"3":false,"8":false,"30":false,"50":false,"100":false,"200":false}	{"3":false,"8":false,"30":false,"100":true}	{"3":{"streak":1,"capped":false},"8":{"streak":16,"capped":false},"30":{"streak":39,"capped":false},"50":{"streak":39,"capped":false},"100":{"streak":38,"capped":false},"200":{"streak":14,"capped":false}}	{"3":{"streak":15,"capped":false},"8":{"streak":39,"capped":false},"30":{"streak":16,"capped":false},"100":{"streak":253,"capped":false}}	8	red	30	false	\N	0.6022	true	true	278	5.3281
IT Training Services	2026-09-04	4	180.1448	-0.1124	184.5729	92.8842	-2.3991	93.9456	180.611	182.5756	179.5109	177.1392	162.3548	145.9873	57.34	{"3":false,"8":false,"30":true,"50":true,"100":true,"200":true}	{"3":false,"8":true,"30":true,"100":true}	{"3":{"streak":4,"capped":false},"8":{"streak":4,"capped":false},"30":{"streak":26,"capped":false},"50":{"streak":103,"capped":false},"100":{"streak":95,"capped":false},"200":{"streak":75,"capped":false}}	{"3":{"streak":3,"capped":false},"8":{"streak":24,"capped":false},"30":{"streak":80,"capped":false},"100":{"streak":28,"capped":false}}	69	amber	7	false	\N	1.5736	true	true	56	21.3388
Waste Management	2026-09-04	4	278.5593	-0.4936	412.5333	213.7752	-32.4759	30.3048	279.2052	280.8101	289.4229	300.8514	295.6975	295.184	39.81	{"3":false,"8":false,"30":false,"50":false,"100":false,"200":false}	{"3":false,"8":false,"30":false,"100":true}	{"3":{"streak":1,"capped":false},"8":{"streak":4,"capped":false},"30":{"streak":32,"capped":false},"50":{"streak":22,"capped":false},"100":{"streak":19,"capped":false},"200":{"streak":24,"capped":false}}	{"3":{"streak":3,"capped":false},"8":{"streak":30,"capped":false},"30":{"streak":7,"capped":false},"100":{"streak":4,"capped":false}}	14	red	388	false	\N	-2.8275	false	true	19	1.9199
Medical Equipment	2026-09-04	4	235.2713	0.988	236.5468	135.1582	-0.5392	74.071	233.0437	231.3202	228.0439	224.6673	210.2962	191.4584	52.73	{"3":true,"8":true,"30":true,"50":true,"100":true,"200":true}	{"3":true,"8":true,"30":true,"100":true}	{"3":{"streak":4,"capped":false},"8":{"streak":2,"capped":false},"30":{"streak":4,"capped":false},"50":{"streak":105,"capped":false},"100":{"streak":102,"capped":false},"200":{"streak":79,"capped":false}}	{"3":{"streak":2,"capped":false},"8":{"streak":104,"capped":false},"30":{"streak":83,"capped":false},"100":{"streak":35,"capped":false}}	73	amber	9	false	\N	1.7517	true	true	58	17.3452
Advertising & Media	2026-09-04	5	523.6521	0.5233	591.7328	396.9258	-11.5053	31.927	520.6214	528.3559	544.7484	545.0144	530.7255	502.4261	32.6	{"3":true,"8":false,"30":false,"50":false,"100":false,"200":true}	{"3":false,"8":false,"30":true,"100":true}	{"3":{"streak":2,"capped":false},"8":{"streak":5,"capped":false},"30":{"streak":18,"capped":false},"50":{"streak":13,"capped":false},"100":{"streak":5,"capped":false},"200":{"streak":60,"capped":false}}	{"3":{"streak":5,"capped":false},"8":{"streak":16,"capped":false},"30":{"streak":84,"capped":false},"100":{"streak":31,"capped":false}}	27	red	501	true	\N	0.1094	true	true	59	8.4765
