ISIN,Symbol,Name,Sector,IndustryGroup,MarketCap,PE,PB
INE002A01018,RELIANCE,Reliance Industries Ltd.,Refineries/Petro-Products,Oil & Gas,1806323.27,,
INE397D01024,BHARTIARTL,Bharti Airtel Ltd.,Telecom Services,Telecom Services,1194276.82,,
INE040A01034,HDFCBANK,HDFC Bank Ltd.,Banks,Banking and Finance,1126426.53,,
INE090A01021,ICICIBANK,ICICI Bank Ltd.,Banks,Banking and Finance,1019688.1,,
INE062A01020,SBIN,State Bank of India,Banks,Banking and Finance,1012783.36,,
INE467B01029,TCS,Tata Consultancy Services Ltd.,IT Consulting & Software,Software & Services,887408.32,,
INE296A01032,BAJFINANCE,Bajaj Finance Ltd.,Finance (including NBFCs),Banking and Finance,671157.87,,
INE018A01030,LT,Larsen & Toubro Ltd.,Construction & Engineering,Cement and Construction,570643.63,,
INE0J1Y01017,LICI,Life Insurance Corporation of India,Life Insurance,Banking and Finance,498409.82,,
INE030A01027,HINDUNILVR,Hindustan Unilever Ltd.,Personal Products,FMCG,492474.34,,
INE009A01021,INFY,Infosys Ltd.,IT Consulting & Software,Software & Services,476862.23,,
INE044A01036,SUNPHARMA,Sun Pharmaceutical Industries Ltd.,Pharmaceuticals,Pharmaceuticals & Biotechnology,466670.66,,
INE585B01010,MARUTI,Maruti Suzuki India Ltd.,Cars & Utility Vehicles,Automobiles & Auto Components,441326.93,,
INE280A01028,TITAN,Titan Company Ltd.,Gems & Jewellery,Textiles Apparels & Accessories,438655.16,,
INE423A01024,ADANIENT,Adani Enterprises Ltd.,Commodity Trading  & Distribution,Commercial Services & Supplies,408730.21,,
INE814H01029,ADANIPOWER,Adani Power Ltd.,Power - Electric Utilities,Utilities,403050.12,,
INE237A01036,KOTAKBANK,Kotak Mahindra Bank Ltd.,Banks,Banking and Finance,388693.51,,
INE238A01034,AXISBANK,Axis Bank Ltd.,Banks,Banking and Finance,385222.21,,
INE860A01027,HCLTECH,HCL Technologies Ltd.,IT Consulting & Software,Software & Services,368135.81,,
INE742F01042,ADANIPORTS,Adani Ports & Special Economic Zone Ltd.,Marine Port & Services,Transportation,365819.52,,
INE154A01025,ITC,ITC Ltd.,Cigarettes-Tobacco Products,"Food, Beverages & Tobacco",358468.09,,
INE481G01011,ULTRACEMCO,UltraTech Cement Ltd.,Cement & Cement Products,Cement and Construction,356709.17,,
INE733E01010,NTPC,NTPC Ltd.,Power - Electric Utilities,Utilities,332110.81,,
INE066F01020,HAL,Hindustan Aeronautics Ltd.,Aerospace & Defence,General Industrials,328368.52,,
INE918I01026,BAJAJFINSV,Bajaj Finserv Ltd.,Holding Companies,Diversified,321534.49,,
INE019A01038,JSWSTEEL,JSW Steel Ltd.,Iron & Steel/Interm.Products,Metals & Mining,317786.75,,
INE758T01015,ETERNAL,Eternal Ltd.,Internet & Catalogue Retail,Retailing,303986.04,,
INE213A01029,ONGC,Oil And Natural Gas Corporation Ltd.,Exploration & Production,Oil & Gas,300479.97,,
INE239A01024,NESTLEIND,Nestle India Ltd.,Packaged Foods,FMCG,296960.4,,
INE263A01024,BEL,Bharat Electronics Ltd.,Aerospace & Defence,General Industrials,293122.13,,
INE721A01047,SHRIRAMFIN,Shriram Finance Ltd.,Finance (including NBFCs),Banking and Finance,262353.75,,
INE021A01026,ASIANPAINT,Asian Paints Ltd.,Paints,Consumer Durables,262340.6,,
INE522F01014,COALINDIA,Coal India Ltd.,Coal & Mining,Metals & Mining,255907.29,,
INE267A01025,HINDZINC,Hindustan Zinc Ltd.,Other Non-Ferrous Metals,Metals & Mining,254786.74,,
INE192R01011,DMART,Avenue Supermarts Ltd.,Department Stores,Retailing,254375.94,,
INE752E01010,POWERGRID,Power Grid Corporation of India Ltd.,Power - Electric Utilities,Utilities,252604.4,,
INE038A01020,HINDALCO,Hindalco Industries Ltd.,Aluminium and Aluminium Products,Metals & Mining,238116.12,,
INE081A01020,TATASTEEL,Tata Steel Ltd.,Iron & Steel/Interm.Products,Metals & Mining,234128.63,,
INE047A01021,GRASIM,Grasim Industries Ltd.,Cement & Cement Products,Cement and Construction,226137.19,,
INE364U01010,ADANIGREEN,Adani Green Energy Ltd.,Green & Renewable Energy,Utilities,226058.46,,
INE066A01021,EICHERMOT,Eicher Motors Ltd.,2/3 Wheelers,Automobiles & Auto Components,220162.55,,
INE361B01024,DIVISLAB,Divi's Laboratories Ltd.,Pharmaceuticals,Pharmaceuticals & Biotechnology,219675.27,,
INE494B01023,TVSMOTOR,TVS Motor Company Ltd.,2/3 Wheelers,Automobiles & Auto Components,210981.43,,
INE646L01027,INDIGO,InterGlobe Aviation Ltd.,Airlines,Transportation,206209.3,,
INE242A01010,IOC,Indian Oil Corporation Ltd.,Oil Marketing & Distribution,Oil & Gas,202470.32,,
INE931S01010,ADANIENSOL,Adani Energy Solutions Ltd.,Power - Electric Utilities,Utilities,199353.81,,
INE685A01028,TORNTPHARM,Torrent Pharmaceuticals Ltd.,Pharmaceuticals,Pharmaceuticals & Biotechnology,187293.15,,
INE123W01016,SBILIFE,SBI Life Insurance Company Ltd.,Life Insurance,Banking and Finance,186155.08,,
INE075A01022,WIPRO,Wipro Ltd.,IT Consulting & Software,Software & Services,185737.13,,
INE0V6F01027,HYUNDAI,Hyundai Motor India Ltd.,Cars & Utility Vehicles,Automobiles & Auto Components,178799.67,,
INE775A01035,MOTHERSON,Samvardhana Motherson International Ltd.,Auto Parts & Equipment,Automobiles & Auto Components,177842.36,,
INE758E01017,JIOFIN,Jio Financial Services Ltd.,Finance (including NBFCs),Banking and Finance,169568.68,,
INE318A01026,PIDILITIND,Pidilite Industries Ltd.,Specialty Chemicals,Chemicals & Petrochemicals,168953.19,,
INE343H01029,SOLARINDS,Solar Industries India Ltd.,Other Industrial Products,General Industrials,168764.04,,
INE1TAE01010,TMCV,Tata Motors Ltd.,Commercial Vehicles,Automobiles & Auto Components,166863.15,,
INE117A01022,ABB,ABB India Ltd.,Heavy Electrical Equipment,General Industrials,161050.38,,
INE669C01036,TECHM,Tech Mahindra Ltd.,IT Consulting & Software,Software & Services,160243.86,,
INE849A01020,TRENT,Trent Ltd.,Department Stores,Retailing,159809.72,,
INE271C01023,DLF,DLF Ltd.,Realty,Realty,158915.01,,
INE121A01024,CHOLAFIN,Cholamandalam Investment & Finance Company Ltd.,Finance (including NBFCs),Banking and Finance,157282.2,,
INE976I01016,TATACAP,Tata Capital Ltd.,Finance (including NBFCs),Banking and Finance,157187.5,,
INE346A01027,ICICIAMC,ICICI Prudential Asset Management Company Ltd.,Asset Management Cos.,Banking and Finance,151875.75,,
INE298A01020,CUMMINSIND,Cummins India Ltd.,Industrial Machinery,General Industrials,150408.72,,
INE200M01039,VBL,Varun Beverages Ltd.,Other Food & Beverages,"Food, Beverages & Tobacco",149504.95,,
INE07Y701011,POWERINDIA,Hitachi Energy India Ltd.,Heavy Electrical Equipment,General Industrials,145306.02,,
INE257A01026,BHEL,Bharat Heavy Electricals Ltd.,Heavy Electrical Equipment,General Industrials,141093.21,,
INE118H01025,BSE,BSE Ltd.,Capital Markets,Banking and Finance,140402.89,,
INE003A01024,SIEMENS,Siemens Ltd.,Heavy Electrical Equipment,General Industrials,140315.04,,
INE692A01016,UNIONBANK,Union Bank of India,Banks,Banking and Finance,140153.0,,
INE029A01011,BPCL,Bharat Petroleum Corporation Ltd.,Refineries/Petro-Products,Oil & Gas,139266.03,,
INE455K01017,POLYCAB,Polycab India Ltd.,Wires & Cables,Consumer Durables,138893.69,,
INE134E01011,PFC,Power Finance Corporation Ltd.,Financial Institutions,Banking and Finance,138604.28,,
INE067A01029,CGPOWER,CG Power and Industrial Solutions Ltd.,Heavy Electrical Equipment,General Industrials,138482.06,,
INE214T01019,LTM,LTM Ltd.,IT Consulting & Software,Software & Services,138169.17,,
INE669E01016,IDEA,Vodafone Idea Ltd.,Telecom Services,Telecom Services,137920.68,,
INE216A01030,BRITANNIA,Britannia Industries Ltd.,Packaged Foods,FMCG,132718.43,,
INE160A01022,PNB,Punjab National Bank,Banks,Banking and Finance,131950.48,,
INE1NPP01017,ENRIN,Siemens Energy India Ltd.,Green & Renewable Energy,Utilities,129941.25,,
INE028A01039,BANKBARODA,Bank of Baroda,Banks,Banking and Finance,129646.05,,
INE437A01024,APOLLOHOSP,Apollo Hospitals Enterprise Ltd.,Healthcare Facilities,Healthcare,128615.41,,
INE155A01022,TMPV,Tata Motors Passenger Vehicles Ltd.,Cars & Utility Vehicles,Automobiles & Auto Components,127796.34,,
INE323A01026,BOSCHLTD,Bosch Ltd.,Auto Parts & Equipment,Automobiles & Auto Components,126685.75,,
INE118A01012,BAJAJHLDNG,Bajaj Holdings & Investment Ltd.,Holding Companies,Diversified,125349.87,,
INE670K01029,LODHA,Lodha Developers Ltd.,Realty,Realty,121763.86,,
INE245A01021,TATAPOWER,Tata Power Company Ltd.,Power - Electric Utilities,Utilities,121598.64,,
INE562A01011,INDIANB,Indian Bank,Banks,Banking and Finance,119812.45,,
INE476A01022,CANBK,Canara Bank,Banks,Banking and Finance,119687.24,,
INE0HOQ01053,GROWW,Billionbrains Garage Ventures Ltd.,Capital Markets,Banking and Finance,119530.59,,
INE281B01032,LLOYDSME,Lloyds Metals & Energy Ltd.,Coal & Mining,Metals & Mining,118278.02,,
INE059A01026,CIPLA,Cipla Ltd.,Pharmaceuticals,Pharmaceuticals & Biotechnology,118253.55,,
INE795G01014,HDFCLIFE,HDFC Life Insurance Company Ltd.,Life Insurance,Banking and Finance,117313.65,,
INE414G01012,MUTHOOTFIN,Muthoot Finance Ltd.,Finance (including NBFCs),Banking and Finance,116024.4,,
INE053F01010,IRFC,Indian Railway Finance Corporation Ltd.,Financial Institutions,Banking and Finance,115982.99,,
INE158A01026,HEROMOTOCO,Hero MotoCorp Ltd.,2/3 Wheelers,Automobiles & Auto Components,114580.84,,
INE129A01019,GAIL,GAIL (India) Ltd.,Utilities:Non-Electrical,Utilities,114163.45,,
INE776C01039,GMRAIRPORT,GMR Airports Ltd.,Construction & Engineering,Cement and Construction,113192.22,,
INE749A01030,JINDALSTEL,Jindal Steel Ltd.,Iron & Steel/Interm.Products,Metals & Mining,112515.72,,
INE010B01027,ZYDUSLIFE,Zydus Lifesciences Ltd.,Pharmaceuticals,Pharmaceuticals & Biotechnology,112114.59,,
INE196A01026,MARICO,Marico Ltd.,Personal Products,FMCG,111920.91,,
INE674K01013,ABCAPITAL,Aditya Birla Capital Ltd.,Holding Companies,Diversified,111661.45,,
INE854D01024,UNITDSPR,United Spirits Ltd.,Breweries & Distilleries,"Food, Beverages & Tobacco",110004.55,,
INE127D01025,HDFCAMC,HDFC Asset Management Company Ltd.,Asset Management Cos.,Banking and Finance,109126.24,,
INE205A01025,VEDL,Vedanta Ltd.,Aluminium and Aluminium Products,Metals & Mining,109041.17,,
INE465A01025,BHARATFORG,Bharat Forge Ltd.,Castings & Forgings,General Industrials,108296.63,,
INE326A01037,LUPIN,Lupin Ltd.,Pharmaceuticals,Pharmaceuticals & Biotechnology,108067.47,,
INE324D01010,LGEINDIA,LG Electronics India Ltd.,Consumer Electronics,Consumer Durables,107687.24,,
INE102D01028,GODREJCP,Godrej Consumer Products Ltd.,Personal Products,FMCG,107447.02,,
INE079A01024,AMBUJACEM,Ambuja Cements Ltd.,Cement & Cement Products,Cement and Construction,107277.14,,
INE192A01025,TATACONSUM,Tata Consumer Products Ltd.,Tea & Coffee,"Food, Beverages & Tobacco",107114.15,,
INE208A01029,ASHOKLEY,Ashok Leyland Ltd.,Commercial Vehicles,Automobiles & Auto Components,104260.92,,
INE027H01010,MAXHEALTH,Max Healthcare Institute Ltd.,Healthcare Facilities,Healthcare,104140.25,,
INE053A01029,INDHOTEL,Indian Hotels Company Ltd.,Hotels,Hotels Restaurants & Tourism,104052.89,,
INE121E01018,JSWENERGY,JSW Energy Ltd.,Power - Electric Utilities,Utilities,103481.76,,
INE881D01027,OFSS,Oracle Financial Services Software Ltd.,IT Consulting & Software,Software & Services,102792.63,,
INE121J01017,INDUSTOWER,Indus Towers Ltd.,Other Telecom Services,Telecom Services,101833.08,,
INE249Z01020,MAZDOCK,Mazagon Dock Shipbuilders Ltd.,Aerospace & Defence,General Industrials,101446.04,,
INE634S01028,MANKIND,Mankind Pharma Ltd.,Pharmaceuticals,Pharmaceuticals & Biotechnology,101431.82,,
INE947Q01028,LAURUSLABS,Laurus Labs Ltd.,Pharmaceuticals,Pharmaceuticals & Biotechnology,99649.78,,
INE956O01016,LENSKART,Lenskart Solutions Ltd.,Other Apparels & Accessories,Textiles Apparels & Accessories,99054.91,,
INE089A01031,DRREDDY,Dr. Reddy's Laboratories Ltd.,Pharmaceuticals,Pharmaceuticals & Biotechnology,97824.0,,
INE020B01018,RECLTD,REC Ltd.,Financial Institutions,Banking and Finance,96639.32,,
INE406A01037,AUROPHARMA,Aurobindo Pharma Ltd.,Pharmaceuticals,Pharmaceuticals & Biotechnology,96296.91,,
INE388Y01029,NYKAA,FSN E-Commerce Ventures Ltd.,Internet & Catalogue Retail,Retailing,95081.07,,
INE070A01015,SHREECEM,Shree Cements Ltd.,Cement & Cement Products,Cement and Construction,93845.9,,
INE982J01020,PAYTM,One97 Communications Ltd.,Internet Software & Services,Software & Services,92425.75,,
INE008A01015,IDBI,IDBI Bank Ltd.,Banks,Banking and Finance,90556.73,,
INE0VDM01015,MEESHO,Meesho Ltd.,Internet & Catalogue Retail,Retailing,88472.0,,
INE171A01029,FEDERALBNK,Federal Bank Ltd.,Banks,Banking and Finance,87999.64,,
INE935N01020,DIXON,Dixon Technologies (India) Ltd.,Consumer Electronics,Consumer Durables,86821.78,,
INE262H01021,PERSISTENT,Persistent Systems Ltd.,IT Consulting & Software,Software & Services,85629.0,,
INE094A01015,HINDPETRO,Hindustan Petroleum Corporation Ltd.,Refineries/Petro-Products,Oil & Gas,83634.06,,
INE765G01017,ICICIGI,ICICI Lombard General Insurance Company Ltd.,General Insurance,Banking and Finance,81870.25,,
INE176B01034,HAVELLS,Havells India Ltd.,Other Electrical Equipment/Products,Consumer Durables,80750.09,,
INE949L01017,AUBANK,Au Small Finance Bank Ltd.,Microfinance Institutions,Banking and Finance,79981.16,,
INE095A01012,INDUSINDBK,IndusInd Bank Ltd.,Banks,Banking and Finance,79627.37,,
INE663F01032,NAUKRI,Info Edge (India) Ltd.,Internet & Catalogue Retail,Retailing,79450.98,,
INE591G01025,COFORGE,Coforge Ltd.,IT Consulting & Software,Software & Services,78662.68,,
INE880J01026,JSWINFRA,JSW Infrastructure Ltd.,Marine Port & Services,Transportation,78229.8,,
INE377N01017,WAAREEENER,Waaree Energies Ltd.,Other Electrical Equipment/Products,Consumer Durables,78154.86,,
INE647A01010,SRF,SRF Ltd.,Specialty Chemicals,Chemicals & Petrochemicals,77515.09,,
INE00H001014,SWIGGY,Swiggy Ltd.,Internet & Catalogue Retail,Retailing,77495.8,,
INE848E01016,NHPC,NHPC Ltd.,Green & Renewable Energy,Utilities,77266.41,,
INE498L01015,LTF,L&T Finance Ltd.,Finance (including NBFCs),Banking and Finance,77186.21,,
INE0ONG01011,NTPCGREEN,NTPC Green Energy Ltd.,Green & Renewable Energy,Utilities,77100.92,,
INE343G01021,BHARTIHEXA,Bharti Hexacom Ltd.,Other Telecom Services,Telecom Services,76940.0,,
INE584A01023,NMDC,NMDC Ltd.,Coal & Mining,Metals & Mining,74660.12,,
INE417T01026,POLICYBZR,PB Fintech Ltd.,Internet Software & Services,Software & Services,74239.4,,
INE405E01023,UNOMINDA,UNO Minda Ltd.,Auto Parts & Equipment,Automobiles & Auto Components,74204.54,,
INE092T01019,IDFCFIRSTB,IDFC First Bank Ltd.,Banks,Banking and Finance,72952.76,,
INE114A01011,SAIL,Steel Authority of India (SAIL) Ltd.,Iron & Steel/Interm.Products,Metals & Mining,72936.82,,
INE016A01026,DABUR,Dabur India Ltd.,Personal Products,FMCG,72732.05,,
INE726G01019,ICICIPRULI,ICICI Prudential Life Insurance Company Ltd.,Life Insurance,Banking and Finance,72690.92,,
INE399L01023,ATGL,Adani Total Gas Ltd.,Utilities:Non-Electrical,Utilities,72318.01,,
INE061F01013,FORTIS,Fortis Healthcare Ltd.,Healthcare Facilities,Healthcare,72109.82,,
INE274J01014,OIL,Oil India Ltd.,Exploration & Production,Oil & Gas,72026.19,,
INE377Y01014,BAJAJHFL,Bajaj Housing Finance Ltd.,Housing Finance,Banking and Finance,71483.1,,
INE528G01035,YESBANK,YES Bank Ltd.,Banks,Banking and Finance,71218.47,,
INE139A01034,NATIONALUM,National Aluminium Company Ltd.,Aluminium and Aluminium Products,Metals & Mining,69975.67,,
INE376G01013,BIOCON,Biocon Ltd.,Biotechnology,Pharmaceuticals & Biotechnology,69482.01,,
INE811K01011,PRESTIGE,Prestige Estates Projects Ltd.,Realty,Realty,68262.12,,
INE813H01021,TORNTPOWER,Torrent Power Ltd.,Power - Electric Utilities,Utilities,68067.28,,
INE211B01039,PHOENIXLTD,Phoenix Mills Ltd.,Realty,Realty,67795.15,,
INE745G01043,MCX,Multi Commodity Exchange of India Ltd.,Capital Markets,Banking and Finance,67266.84,,
INE540L01014,ALKEM,Alkem Laboratories Ltd.,Pharmaceuticals,Pharmaceuticals & Biotechnology,67195.53,,
INE372A01015,APARINDS,Apar Industries Ltd.,Other Electrical Equipment/Products,Consumer Durables,66829.51,,
INE040H01021,SUZLON,Suzlon Energy Ltd.,Heavy Electrical Equipment,General Industrials,66176.46,,
INE084A01016,BANKINDIA,Bank of India,Banks,Banking and Finance,66013.68,,
INE565A01014,IOB,Indian Overseas Bank,Banks,Banking and Finance,65973.08,,
INE093I01010,OBEROIRLTY,Oberoi Realty Ltd.,Realty,Realty,64539.39,,
INE935A01035,GLENMARK,Glenmark Pharmaceuticals Ltd.,Pharmaceuticals,Pharmaceuticals & Biotechnology,64316.38,,
INE513A01022,SCHAEFFLER,Schaeffler India Ltd.,Abrasives & Bearings,General Industrials,63071.67,,
INE018E01016,SBICARD,SBI Cards and Payment Services Ltd.,Finance (including NBFCs),Banking and Finance,62713.24,,
INE481Y01014,GICRE,General Insurance Corporation of India,General Insurance,Banking and Finance,62667.17,,
INE303R01014,KALYANKJIL,Kalyan Jewellers India Ltd.,Gems & Jewellery,Textiles Apparels & Accessories,62615.69,,
INE484J01027,GODREJPROP,Godrej Properties Ltd.,Realty,Realty,62353.78,,
INE463A01038,BERGEPAINT,Berger Paints (India) Ltd.,Paints,Consumer Durables,61856.55,,
INE169A01031,COROMANDEL,Coromandel International Ltd.,Fertilizers,Fertilizers,61047.74,,
INE473A01011,LINDEINDIA,Linde India Ltd.,Industrial Gases,General Industrials,60658.39,,
INE220G01021,JSL,Jindal Stainless Ltd.,Iron & Steel/Interm.Products,Metals & Mining,60565.99,,
INE976G01028,RBLBANK,RBL Bank Ltd.,Banks,Banking and Finance,60394.42,,
INE944F01028,RADICO,Radico Khaitan Ltd.,Breweries & Distilleries,"Food, Beverages & Tobacco",60278.68,,
INE457A01014,MAHABANK,Bank of Maharashtra,Banks,Banking and Finance,60209.49,,
INE358A01014,ABBOTINDIA,Abbott India Ltd.,Pharmaceuticals,Pharmaceuticals & Biotechnology,59147.43,,
INE0LEZ01016,ATHERENERG,Ather Energy Ltd.,2/3 Wheelers,Automobiles & Auto Components,58444.17,,
INE883A01011,MRF,MRF Ltd.,Auto Tyres & Rubber Products,Automobiles & Auto Components,56911.32,,
INE756I01012,HDBFS,HDB Financial Services Ltd.,Finance (including NBFCs),Banking and Finance,55291.81,,
INE259A01022,COLPAL,Colgate-Palmolive (India) Ltd.,Personal Products,FMCG,55213.08,,
INE702C01027,APLAPOLLO,APL Apollo Tubes Ltd.,Iron & Steel Products,Metals & Mining,54698.7,,
INE188A01015,FACT,The Fertilisers and Chemicals Travancore Ltd.,Fertilizers,Fertilizers,54315.22,,
INE974X01010,TIINDIA,Tube Investments of India Ltd.,Auto Parts & Equipment,Automobiles & Auto Components,53658.24,,
INE878B01027,KEI,KEI Industries Ltd.,Wires & Cables,Consumer Durables,53536.34,,
INE338I01027,MOTILALOFS,Motilal Oswal Financial Services Ltd.,Capital Markets,Banking and Finance,52386.76,,
INE531E01026,HINDCOPPER,Hindustan Copper Ltd.,Copper,Metals & Mining,51842.16,,
INE180A01020,MFSL,Max Financial Services Ltd.,Life Insurance,Banking and Finance,51677.49,,
INE660A01013,SUNDARMFIN,Sundaram Finance Ltd.,Finance (including NBFCs),Banking and Finance,51154.46,,
INE073K01018,SONACOMS,Sona BLW Precision Forgings Ltd.,Auto Parts & Equipment,Automobiles & Auto Components,51009.74,,
INE01EA01019,VMM,Vishal Mega Mart Ltd.,Department Stores,Retailing,50927.8,,
INE206F01022,AIIL,Authum Investment & Infrastructure Ltd.,Finance (including NBFCs),Banking and Finance,50664.79,,
INE151A01013,TATACOMM,Tata Communications Ltd.,Other Telecom Services,Telecom Services,50026.13,,
INE09N301011,FLUOROCHEM,Gujarat Fluorochemicals Ltd.,Specialty Chemicals,Chemicals & Petrochemicals,49631.33,,
INE415G01027,RVNL,Rail Vikas Nigam Ltd.,Construction & Engineering,Cement and Construction,48660.2,,
INE191B01025,WELCORP,Welspun Corp Ltd.,Iron & Steel Products,Metals & Mining,48532.19,,
INE152A01029,THERMAX,Thermax Ltd.,Heavy Electrical Equipment,General Industrials,48376.27,,
INE628A01036,UPL,UPL Ltd.,Agrochemicals,Chemicals & Petrochemicals,48370.9,,
INE208C01025,AEGISLOG,Aegis Logistics Ltd.,Oil Marketing & Distribution,Oil & Gas,48122.1,,
INE202B01038,PIRAMALFIN,Piramal Finance Ltd.,Finance (including NBFCs),Banking and Finance,47822.19,,
INE787D01026,BALKRISIND,Balkrishna Industries Ltd.,Auto Tyres & Rubber Products,Automobiles & Auto Components,47677.82,,
INE0BS701011,PREMIERENE,Premier Energies Ltd.,Other Electrical Equipment/Products,Consumer Durables,47537.8,,
INE466L01038,360ONE,360 One Wam Ltd.,Capital Markets,Banking and Finance,47528.73,,
INE171Z01026,BDL,Bharat Dynamics Ltd.,Aerospace & Defence,General Industrials,47433.19,,
INE0CZ201020,ANTHEM,Anthem Biosciences Ltd.,Pharmaceuticals,Pharmaceuticals & Biotechnology,47364.71,,
INE356A01018,MPHASIS,Mphasis Ltd.,IT Consulting & Software,Software & Services,47044.01,,
INE914M01019,ASTERDM,Aster DM Quality Care Ltd.,Healthcare Facilities,Healthcare,45060.98,,
INE212H01026,AIAENG,AIA Engineering Ltd.,Castings & Forgings,General Industrials,44569.82,,
INE761H01022,PAGEIND,Page Industries Ltd.,Other Apparels & Accessories,Textiles Apparels & Accessories,44504.06,,
INE233A01035,GODREJIND,Godrej Industries Ltd.,Diversified,Diversified,44178.02,,
INE159A01016,GLAXO,GlaxoSmithKline Pharmaceuticals Ltd.,Pharmaceuticals,Pharmaceuticals & Biotechnology,44040.48,,
INE571A01038,IPCALAB,Ipca Laboratories Ltd.,Pharmaceuticals,Pharmaceuticals & Biotechnology,44037.98,,
INE195A01028,SUPREMEIND,Supreme Industries Ltd.,Plastic Products,General Industrials,43722.66,,
INE819V01029,CPPLUS,Aditya Infotech Ltd.,IT Networking Equipment,Hardware Technology & Equipment,43707.21,,
INE031B01049,AJANTPHARM,Ajanta Pharma Ltd.,Pharmaceuticals,Pharmaceuticals & Biotechnology,43600.69,,
INE068V01023,GLAND,Gland Pharma Ltd.,Pharmaceuticals,Pharmaceuticals & Biotechnology,42907.84,,
INE226A01021,VOLTAS,Voltas Ltd.,Consumer Electronics,Consumer Durables,42518.68,,
INE048G01026,NAVINFLUOR,Navin Fluorine International Ltd.,Commodity Chemicals,Chemicals & Petrochemicals,42426.92,,
INE511C01022,POONAWALLA,Poonawalla Fincorp Ltd.,Finance (including NBFCs),Banking and Finance,42268.99,,
INE589A01014,NLCINDIA,NLC India Ltd.,Power - Electric Utilities,Utilities,42209.22,,
INE603J01030,PIIND,PI Industries Ltd.,Agrochemicals,Chemicals & Petrochemicals,42095.7,,
INE347G01014,PETRONET,Petronet LNG Ltd.,Oil Marketing & Distribution,Oil & Gas,42090.0,,
INE302A01020,EXIDEIND,Exide Industries Ltd.,Auto Parts & Equipment,Automobiles & Auto Components,41650.0,,
INE335Y01020,IRCTC,Indian Railway Catering & Tourism Corporation Ltd.,Travel Support Services,Diversified Consumer Services,41596.0,,
INE823G01014,JKCEMENT,JK Cement Ltd.,Cement & Cement Products,Cement and Construction,41566.48,,
INE913H01037,ENDURANCE,Endurance Technologies Ltd.,Auto Parts & Equipment,Automobiles & Auto Components,40855.51,,
INE470A01017,3MINDIA,3M India Ltd.,Industrial Machinery,General Industrials,40593.79,,
INE031A01017,HUDCO,Housing and Urban Development Corporation Ltd.,Financial Institutions,Banking and Finance,40246.2,,
INE704P01025,COCHINSHIP,Cochin Shipyard Ltd.,Marine Port & Services,Transportation,39980.39,,
INE474Q01031,MEDANTA,Global Health Ltd.,Healthcare Facilities,Healthcare,39136.98,,
INE619A01035,PATANJALI,Patanjali Foods Ltd.,Edible Oils,FMCG,38899.88,,
INE006I01046,ASTRAL,Astral Ltd.,Plastic Products,General Industrials,38793.09,,
INE410P01011,NH,Narayana Hrudayalaya Ltd.,Healthcare Facilities,Healthcare,38524.05,,
INE111A01025,CONCOR,Container Corporation of India Ltd.,Warehousing & Logistics,Transportation,38476.94,,
INE010V01017,LTTS,L&T Technology Services Ltd.,IT Consulting & Software,Software & Services,38174.11,,
INE0LP301011,PWL,Physicswallah Ltd.,Education,Diversified Consumer Services,38172.77,,
INE019C01026,HSCL,Himadri Speciality Chemical Ltd.,Specialty Chemicals,Chemicals & Petrochemicals,37975.75,,
INE168P01015,EMCURE,Emcure Pharmaceuticals Ltd.,Pharmaceuticals,Pharmaceuticals & Biotechnology,37526.31,,
INE686F01025,UBL,United Breweries Ltd.,Breweries & Distilleries,"Food, Beverages & Tobacco",37024.65,,
INE930H01031,KPRMILL,KPR Mill Ltd.,Textiles,Textiles Apparels & Accessories,36803.11,,
INE260B01028,GODFRYPHLP,Godfrey Phillips India Ltd.,Cigarettes-Tobacco Products,"Food, Beverages & Tobacco",35657.44,,
INE379A01028,ITCHOTELS,ITC Hotels Ltd.,Hotels,Hotels Restaurants & Tourism,35545.99,,
INE148O01028,DELHIVERY,Delhivery Ltd.,Warehousing & Logistics,Transportation,35452.75,,
INE142M01025,TATATECH,Tata Technologies Ltd.,IT Software Products,Software & Services,35440.2,,
INE509F01029,CUPID,Cupid Ltd.,Personal Products,FMCG,35247.59,,
INE672A01026,TATAINVEST,Tata Investment Corporation Ltd.,Holding Companies,Diversified,35095.43,,
INE463V01026,ANANDRATHI,Anand Rathi Wealth Ltd.,Capital Markets,Banking and Finance,34893.58,,
INE042A01014,ESCORTS,Escorts Kubota Ltd.,Commercial Vehicles,Automobiles & Auto Components,34458.36,,
INE093A01041,HEXT,Hexaware Technologies Ltd.,IT Consulting & Software,Software & Services,34384.54,,
INE00R701025,DALBHARAT,Dalmia Bharat Ltd.,Cement & Cement Products,Cement and Construction,34275.81,,
INE967H01025,KIMS,Krishna Institute of Medical Sciences Ltd.,Healthcare Facilities,Healthcare,34066.73,,
INE007A01025,CRISIL,Crisil Ltd.,Other Financial Services,Banking and Finance,33690.99,,
INE202E01016,IREDA,Indian Renewable Energy Development Agency Ltd.,Financial Institutions,Banking and Finance,33654.59,,
INE671A01010,HONAUT,Honeywell Automation India Ltd.,Other Electrical Equipment/Products,Consumer Durables,33509.28,,
INE575P01011,STARHEALTH,Star Health and Allied Insurance Company Ltd.,General Insurance,Banking and Finance,33488.9,,
INE691A01018,UCOBANK,UCO Bank,Banks,Banking and Finance,33104.44,,
INE049B01025,WOCKPHARMA,Wockhardt Ltd.,Pharmaceuticals,Pharmaceuticals & Biotechnology,32839.67,,
INE089C01029,STLTECH,Sterlite Technologies Ltd.,Telecom Cables,Telecommunications Equipment,32833.79,,
INE036D01028,KARURVYSYA,Karur Vysya Bank Ltd.,Banks,Banking and Finance,32437.31,,
INE600L01024,LALPATHLAB,Dr. Lal Pathlabs Ltd.,Healthcare Services,Healthcare,32421.67,,
INE839M01018,SCHNEIDER,Schneider Electric Infrastructure Ltd.,Heavy Electrical Equipment,General Industrials,32393.81,,
INE797F01020,JUBLFOOD,Jubilant Foodworks Ltd.,Restaurants,Hotels Restaurants & Tourism,32101.47,,
INE548A01028,HFCL,HFCL Ltd.,Telecom Cables,Telecommunications Equipment,31833.47,,
INE0INX01018,AEGISVOPAK,Aegis Vopak Terminals Ltd.,Marine Port & Services,Transportation,31611.0,,
INE146L01010,KIRLOSENG,Kirloskar Oil Engines Ltd.,Industrial Machinery,General Industrials,31457.04,,
INE777K01022,RRKABEL,R R Kabel Ltd.,Wires & Cables,Consumer Durables,31211.46,,
INE472A01039,BLUESTARCO,Blue Star Ltd.,Consumer Electronics,Consumer Durables,31130.08,,
INE522D01027,MANAPPURAM,Manappuram Finance Ltd.,Finance (including NBFCs),Banking and Finance,31042.99,,
INE149A01033,CHOLAHLDNG,Cholamandalam Financial Holdings Ltd.,Holding Companies,Diversified,30570.18,,
INE531F01023,NUVAMA,Nuvama Wealth Management Ltd.,Capital Markets,Banking and Finance,30162.52,,
INE342J01019,ZFCVINDIA,ZF Commercial Vehicle Control Systems India Ltd.,Auto Parts & Equipment,Automobiles & Auto Components,30012.79,,
INE115Q01022,IKS,Inventurus Knowledge Solutions Ltd.,Healthcare Services,Healthcare,29814.27,,
INE572E01012,PNBHOUSING,PNB Housing Finance Ltd.,Housing Finance,Banking and Finance,29785.43,,
INE382Z01011,GRSE,Garden Reach Shipbuilders & Engineers Ltd.,Aerospace & Defence,General Industrials,29772.06,,
INE404A01024,ABSLAMC,Aditya Birla Sun Life AMC Ltd.,Asset Management Cos.,Banking and Finance,29658.21,,
INE794A01010,NEULANDLAB,Neuland Laboratories Ltd.,Pharmaceuticals,Pharmaceuticals & Biotechnology,29322.74,,
INE103A01014,MRPL,Mangalore Refinery And Petrochemicals Ltd.,Refineries/Petro-Products,Oil & Gas,29270.15,,
INE470Y01017,NIACL,The New India Assurance Company Ltd.,General Insurance,Banking and Finance,29187.73,,
INE570L01029,SAILIFE,Sai Life Science Ltd.,Pharmaceuticals,Pharmaceuticals & Biotechnology,28985.05,,
INE596F01018,PTCIL,PTC Industries Ltd.,Other Industrial Products,General Industrials,28599.69,,
INE483A01010,CENTRALBK,Central Bank of India,Banks,Banking and Finance,28385.19,,
INE545U01014,BANDHANBNK,Bandhan Bank Ltd.,Banks,Banking and Finance,28358.6,,
INE438A01022,APOLLOTYRE,Apollo Tyres Ltd.,Auto Tyres & Rubber Products,Automobiles & Auto Components,28261.99,,
INE0NT901020,NETWEB,Netweb Technologies India Ltd.,IT Consulting & Software,Software & Services,28124.15,,
INE810G01011,SHYAMMETL,Shyam Metalics and Energy Ltd.,Iron & Steel/Interm.Products,Metals & Mining,28105.79,,
INE0DK501011,PPLPHARMA,Piramal Pharma Ltd.,Pharmaceuticals,Pharmaceuticals & Biotechnology,27898.4,,
INE736A01011,CDSL,Central Depository Services (India) Ltd.,Other Financial Services,Banking and Finance,27755.2,,
INE891D01026,REDINGTON,Redington Ltd.,Commodity Trading  & Distribution,Commercial Services & Supplies,27741.26,,
INE115A01026,LICHSGFIN,LIC Housing Finance Ltd.,Housing Finance,Banking and Finance,27736.93,,
INE0DYJ01015,SYRMA,Syrma SGS Technology Ltd.,Other Electrical Equipment/Products,Consumer Durables,27420.37,,
INE00LO01017,CRAFTSMAN,Craftsman Automation Ltd.,Auto Parts & Equipment,Automobiles & Auto Components,27417.66,,
INE0FS801015,MSUMI,Motherson Sumi Wiring India Ltd.,Auto Parts & Equipment,Automobiles & Auto Components,27295.92,,
INE248A01017,ITI,ITI Ltd.,Telecom Equipment,Telecommunications Equipment,27135.45,,
INE00FF01025,ACUTAAS,Acutaas Chemicals Ltd.,Pharmaceuticals,Pharmaceuticals & Biotechnology,27000.27,,
INE002L01015,SJVN,SJVN Ltd.,Green & Renewable Energy,Utilities,26706.89,,
INE732I01021,ANGELONE,Angel One Ltd.,Capital Markets,Banking and Finance,26679.67,,
INE258G01013,SUMICHEM,Sumitomo Chemical India Ltd.,Agrochemicals,Chemicals & Petrochemicals,26601.97,,
INE524A01029,GABRIEL,Gabriel India Ltd.,Auto Parts & Equipment,Automobiles & Auto Components,26580.96,,
INE371P01015,AMBER,Amber Enterprises India Ltd.,Consumer Electronics,Consumer Durables,26221.61,,
INE622W01025,ACMESOLAR,ACME Solar Holdings Ltd.,Green & Renewable Energy,Utilities,26055.39,,
INE530B01024,IIFL,IIFL Finance Ltd.,Other Financial Services,Banking and Finance,26022.68,,
INE918Z01012,KAYNES,Kaynes Technology India Ltd.,Other Electrical Equipment/Products,Consumer Durables,25850.59,,
INE095N01031,NBCC,NBCC (India) Ltd.,Construction & Engineering,Cement and Construction,25739.1,,
INE506V01022,RUBICON,Rubicon Research Ltd.,Pharmaceuticals,Pharmaceuticals & Biotechnology,25710.41,,
INE699H01024,AWL,AWL Agri Business Ltd.,Edible Oils,FMCG,25668.65,,
INE012A01025,ACC,ACC Ltd.,Cement & Cement Products,Cement and Construction,25591.65,,
INE325A01013,TIMKEN,Timken India Ltd.,Abrasives & Bearings,General Industrials,25205.79,,
INE03JT01014,GODIGIT,Go Digit General Insurance Ltd.,General Insurance,Banking and Finance,25108.11,,
INE322A01010,GILLETTE,Gillette India Ltd.,Personal Products,FMCG,25036.84,,
INE0IX101010,DATAPATTNS,Data Patterns (India) Ltd.,Aerospace & Defence,General Industrials,24524.91,,
INE288B01029,DEEPAKNTR,Deepak Nitrite Ltd.,Commodity Chemicals,Chemicals & Petrochemicals,24503.0,,
INE741K01010,CREDITACC,CreditAccess Grameen Ltd.,Microfinance Institutions,Banking and Finance,24424.83,,
INE451A01017,FORCEMOT,Force Motors Ltd.,Cars & Utility Vehicles,Automobiles & Auto Components,24376.16,,
INE953O01021,SANSERA,Sansera Engineering Ltd.,Auto Parts & Equipment,Automobiles & Auto Components,24111.5,,
INE894V01022,BELRISE,Belrise Industries Ltd.,Auto Parts & Equipment,Automobiles & Auto Components,24005.68,,
INE821I01022,IRB,IRB Infrastructure Developers Ltd.,Roads & Highways,Cement and Construction,23769.5,,
INE536A01023,GRINDWELL,Grindwell Norton Ltd.,Abrasives & Bearings,General Industrials,23625.43,,
INE670A01012,TATAELXSI,Tata Elxsi Ltd.,IT Consulting & Software,Software & Services,23555.48,,
INE00WC01027,AFFLE,Affle 3I Ltd.,Internet Software & Services,Software & Services,23183.11,,
INE439A01020,ASAHIINDIA,Asahi India Glass Ltd.,Auto Parts & Equipment,Automobiles & Auto Components,22910.31,,
INE19RI01016,TENNIND,Tenneco Clean Air India Ltd.,Auto Parts & Equipment,Automobiles & Auto Components,22714.85,,
INE220B01022,KPIL,Kalpataru Projects International Ltd.,Construction & Engineering,Cement and Construction,22494.15,,
INE367G01038,PFOCUS,Prime Focus Ltd.,Movies & Entertainment,Media,22397.54,,
INE182A01018,PFIZER,Pfizer Ltd.,Pharmaceuticals,Pharmaceuticals & Biotechnology,22327.62,,
INE0CAZ01013,URBANCO,Urban Company Ltd.,Special Consumer Services,Diversified Consumer Services,22167.3,,
INE242C01024,ANANTRAJ,Anant Raj Ltd.,Realty,Realty,22164.82,,
INE180C01042,CGCL,Capri Global Capital Ltd.,Finance (including NBFCs),Banking and Finance,22153.6,,
INE883F01010,AADHARHFC,Aadhar Housing Finance Ltd.,Housing Finance,Banking and Finance,22146.75,,
INE1C6T01020,EMMVEE,Emmvee Photovoltaic Power Ltd.,Other Electrical Equipment/Products,Consumer Durables,22078.88,,
INE331A01037,RAMCOCEM,The Ramco Cements Ltd.,Cement & Cement Products,Cement and Construction,22064.98,,
INE864I01014,MTARTECH,MTAR Technologies Ltd.,Aerospace & Defence,General Industrials,21794.71,,
INE989C01038,DIACABS,Diamond Power Infrastructure Ltd.,Other Electrical Equipment/Products,Consumer Durables,21772.78,,
INE486A01021,CESC,CESC Ltd.,Power - Electric Utilities,Utilities,21731.4,,
INE101D01020,GRANULES,Granules India Ltd.,Pharmaceuticals,Pharmaceuticals & Biotechnology,21653.73,,
INE203G01027,IGL,Indraprastha Gas Ltd.,Utilities:Non-Electrical,Utilities,21271.62,,
INE0BWX01014,AETHER,Aether Industries Ltd.,Specialty Chemicals,Chemicals & Petrochemicals,21122.54,,
INE491A01021,CUB,City Union Bank Ltd.,Banks,Banking and Finance,21004.69,,
INE120A01034,CARBORUNIV,Carborundum Universal Ltd.,Abrasives & Bearings,General Industrials,20897.69,,
INE686A01026,CEMPRO,Cemindia Projects Ltd.,Construction & Engineering,Cement and Construction,20753.66,,
INE0W2G01015,SAGILITY,Sagility Ltd.,Misc. Commercial Services,Commercial Services & Supplies,20443.36,,
INE152M01016,TRITURBINE,Triveni Turbine Ltd.,Heavy Electrical Equipment,General Industrials,20232.43,,
INE292B01021,HBLENGINE,HBL Engineering Ltd.,Other Electrical Equipment/Products,Consumer Durables,20154.84,,
INE100A01010,ATUL,Atul Ltd.,Specialty Chemicals,Chemicals & Petrochemicals,19943.88,,
INE039A01010,IFCI,IFCI Ltd.,Financial Institutions,Banking and Finance,19932.54,,
INE419M01027,TDPOWERSYS,TD Power Systems Ltd.,Heavy Electrical Equipment,General Industrials,19698.84,,
INE475E01026,CAPLIPOINT,Caplin Point Laboratories Ltd.,Pharmaceuticals,Pharmaceuticals & Biotechnology,19566.17,,
INE596I01020,CAMS,Computer Age Management Services Ltd.,Data Processing Services,Software & Services,19553.44,,
INE684F01012,FSL,Firstsource Solutions Ltd.,BPO/KPO,Software & Services,19518.12,,
INE501A01019,DEEPAKFERT,Deepak Fertilisers & Petrochemicals Corporation Ltd.,Commodity Chemicals,Chemicals & Petrochemicals,19412.85,,
INE526E01018,SHRIPISTON,SPR Auto Technologies Ltd,Auto Parts & Equipment,Automobiles & Auto Components,19350.2,,
INE424H01027,SUNTV,Sun TV Network Ltd.,Broadcasting & Cable TV,Media,19178.13,,
INE230A01023,EIHOTEL,EIH Ltd.,Hotels,Hotels Restaurants & Tourism,19170.54,,
INE406M01024,ERIS,Eris Lifesciences Ltd.,Pharmaceuticals,Pharmaceuticals & Biotechnology,19157.76,,
INE017A01032,GESHIP,Great Eastern Shipping Company Ltd.,Shipping,Transportation,19156.5,,
INE0LXG01040,OLAELEC,Ola Electric Mobility Ltd.,2/3 Wheelers,Automobiles & Auto Components,19008.87,,
INE172A01027,CASTROLIND,Castrol India Ltd.,Oil Marketing & Distribution,Oil & Gas,18999.06,,
INE178A01016,CHENNPETRO,Chennai Petroleum Corporation Ltd.,Refineries/Petro-Products,Oil & Gas,18992.16,,
INE791I01019,BRIGADE,Brigade Enterprises Ltd.,Realty,Realty,18981.02,,
INE148I01020,SAMMAANCAP,Sammaan Capital Ltd.,Housing Finance,Banking and Finance,18969.38,,
INE427F01016,CHALET,Chalet Hotels Ltd.,Hotels,Hotels Restaurants & Tourism,18826.92,,
INE103V01028,TRAVELFOOD,Travel Food Services Ltd.,Restaurants,Hotels Restaurants & Tourism,18811.73,,
INE462A01022,BAYERCROP,Bayer Cropscience Ltd.,Agrochemicals,Chemicals & Petrochemicals,18773.21,,
INE102B01014,CHOICEIN,Choice International Ltd.,Capital Markets,Banking and Finance,18738.85,,
INE285A01027,ELGIEQUIP,Elgi Equipments Ltd.,Compressors & Pumps,General Industrials,18648.51,,
INE217B01036,KAJARIACER,Kajaria Ceramics Ltd.,Ceramics,Consumer Durables,18594.27,,
INE131A01031,GMDCLTD,Gujarat Mineral Development Corporation Ltd.,Coal & Mining,Metals & Mining,18533.04,,
INE718I01012,JSWCEMENT,JSW Cement Ltd.,Cement & Cement Products,Cement and Construction,18308.63,,
INE769A01020,AARTIIND,Aarti Industries Ltd.,Specialty Chemicals,Chemicals & Petrochemicals,18212.51,,
INE457L01029,PGEL,PG Electroplast Ltd.,Consumer Electronics,Consumer Durables,18084.34,,
INE013P01021,ONESOURCE,OneSource Specialty Pharma Ltd.,Pharmaceuticals,Pharmaceuticals & Biotechnology,18072.45,,
INE085A01013,CHAMBLFERT,Chambal Fertilisers & Chemicals Ltd.,Fertilizers,Fertilizers,18057.4,,
INE548C01032,EMAMILTD,Emami Ltd.,Personal Products,FMCG,18007.81,,
INE980O01024,JYOTICNC,Jyoti CNC Automation Ltd.,Industrial Machinery,General Industrials,17836.79,,
INE15B701018,PINELABS,Pine Labs Ltd.,Internet Software & Services,Software & Services,17820.18,,
INE616N01034,INOXINDIA,Inox India Ltd.,Other Industrial Products,General Industrials,17741.54,,
INE825A01020,VTL,Vardhman Textiles Ltd.,Textiles,Textiles Apparels & Accessories,17563.94,,
INE385C01021,SARDAEN,Sarda Energy & Minerals Ltd.,Iron & Steel/Interm.Products,Metals & Mining,17534.49,,
INE673O01025,TBOTEK,TBO Tek Ltd.,Travel Support Services,Diversified Consumer Services,17492.41,,
INE386C01029,ASTRAMICRO,Astra Microwave Products Ltd.,Aerospace & Defence,General Industrials,17469.88,,
INE348B01021,CENTURYPLY,Century Plyboards (India) Ltd.,Forest Products,Forest Materials,17372.82,,
INE324A01032,JINDALSAW,Jindal Saw Ltd.,Iron & Steel/Interm.Products,Metals & Mining,17356.25,,
INE943P01029,AGARWALEYE,Dr. Agarwals Health Care Ltd.,Healthcare Facilities,Healthcare,17317.56,,
INE0AQ201015,THELEELA,Leela Palaces Hotels & Resorts Ltd.,Hotels,Hotels Restaurants & Tourism,17299.02,,
INE04I401011,KPITTECH,KPIT Technologies Ltd.,IT Consulting & Software,Software & Services,17268.32,,
INE842C01021,MINDACORP,Minda Corporation Ltd.,Auto Parts & Equipment,Automobiles & Auto Components,17253.16,,
INE531A01024,KANSAINER,Kansai Nerolac Paints Ltd.,Paints,Consumer Durables,17174.42,,
INE205C01021,POLYMED,Poly Medicure Ltd.,Healthcare Supplies,Healthcare,17168.27,,
INE092A01019,TATACHEM,Tata Chemicals Ltd.,Commodity Chemicals,Chemicals & Petrochemicals,17159.11,,
INE03QK01018,COHANCE,Cohance Lifesciences Ltd.,Pharmaceuticals,Pharmaceuticals & Biotechnology,17054.27,,
INE768C01028,ZYDUSWELL,Zydus Wellness Ltd.,Packaged Foods,FMCG,16985.01,,
INE552Z01027,ABDL,Allied Blenders & Distillers Ltd.,Breweries & Distilleries,"Food, Beverages & Tobacco",16761.63,,
INE947N01017,AEQUS,Aequs Ltd.,Industrial Machinery,General Industrials,16653.3,,
INE738I01010,ECLERX,eClerx Services Ltd.,BPO/KPO,Software & Services,16638.51,,
INE872J01023,DEVYANI,Devyani International Ltd.,Restaurants,Hotels Restaurants & Tourism,16611.4,,
INE725A01030,NAVA,NAVA Ltd.,Power - Electric Utilities,Utilities,16481.2,,
INE987B01026,NATCOPHARM,Natco Pharma Ltd.,Pharmaceuticals,Pharmaceuticals & Biotechnology,16418.11,,
INE085J01014,THANGAMAYL,Thangamayil Jewellery Ltd.,Gems & Jewellery,Textiles Apparels & Accessories,16404.04,,
INE03Q201024,ALIVUS,Alivus Life Sciences Ltd.,Pharmaceuticals,Pharmaceuticals & Biotechnology,16326.14,,
INE901L01018,APLLTD,Alembic Pharmaceuticals Ltd.,Pharmaceuticals,Pharmaceuticals & Biotechnology,16316.7,,
INE398R01022,SYNGENE,Syngene International Ltd.,Pharmaceuticals,Pharmaceuticals & Biotechnology,16296.12,,
INE291A01017,GRWRHITECH,Garware Hi-Tech Films Ltd.,Containers & Packaging,Commercial Services & Supplies,16199.95,,
INE177H01039,GPIL,Godawari Power & Ispat Ltd.,Iron & Steel/Interm.Products,Metals & Mining,16186.46,,
INE138Y01010,KFINTECH,KFIN Technologies Ltd.,Other Financial Services,Banking and Finance,16178.41,,
INE299U01018,CROMPTON,Crompton Greaves Consumer Electricals Ltd.,Household Appliances,Consumer Durables,16094.65,,
INE02IJ01035,AZAD,Azad Engineering Ltd.,Industrial Machinery,General Industrials,16074.39,,
INE128S01021,FIVESTAR,Five-Star Business Finance Ltd.,Finance (including NBFCs),Banking and Finance,16036.09,,
INE995S01015,NIVABUPA,Niva Bupa Health Insurance Company Ltd.,General Insurance,Banking and Finance,15938.55,,
INE499A01024,DCMSHRIRAM,DCM Shriram Ltd.,Diversified,Diversified,15856.21,,
INE961O01016,RAINBOW,Rainbow Childrens Medicare Ltd.,Healthcare Facilities,Healthcare,15810.87,,
INE288A01013,MAHSCOOTER,Maharashtra Scooters Ltd.,Investment Companies,Others,15792.04,,
INE192B01031,WELSPUNLIV,Welspun Living Ltd.,Textiles,Textiles Apparels & Accessories,15738.73,,
INE228A01035,USHAMART,Usha Martin Ltd.,Iron & Steel Products,Metals & Mining,15695.74,,
INE235A01022,FINCABLES,Finolex Cables Ltd.,Wires & Cables,Consumer Durables,15670.93,,
INE00E101023,BIKAJI,Bikaji Foods International Ltd.,Packaged Foods,FMCG,15633.41,,
INE536H01010,CIEINDIA,CIE Automotive India Ltd.,Auto Parts & Equipment,Automobiles & Auto Components,15572.83,,
INE0J5401028,HONASA,Honasa Consumer Ltd.,Personal Products,FMCG,15570.92,,
INE251B01027,ZENTEC,Zen Technologies Ltd.,Aerospace & Defence,General Industrials,15539.88,,
INE088F01024,PARADEEP,Paradeep Phosphates Ltd.,Fertilizers,Fertilizers,15515.46,,
INE055A01016,ABREL,Aditya Birla Real Estate Ltd.,Paper & Paper Products,Commercial Services & Supplies,15445.28,,
INE703B01027,RATNAMANI,Ratnamani Metals & Tubes Ltd.,Iron & Steel/Interm.Products,Metals & Mining,15403.42,,
INE0Q9301021,IGIL,International Gemological Institute Ltd.,Misc. Commercial Services,Commercial Services & Supplies,15376.24,,
INE927D01051,JBMA,JBM Auto Ltd.,Auto Parts & Equipment,Automobiles & Auto Components,15340.2,,
INE034A01011,ARVIND,Arvind Ltd.,Textiles,Textiles Apparels & Accessories,15249.24,,
INE732A01036,KIRLOSBROS,Kirloskar Brothers Ltd.,Compressors & Pumps,General Industrials,15101.19,,
INE421D01022,CCL,CCL Products India Ltd.,Tea & Coffee,"Food, Beverages & Tobacco",15088.65,,
INE482A01020,CEATLTD,Ceat Ltd.,Auto Tyres & Rubber Products,Automobiles & Auto Components,15059.98,,
INE258A01024,BEML,BEML Ltd.,Commercial Vehicles,Automobiles & Auto Components,14890.41,,
INE790G01031,SHILPAMED,Shilpa Medicare Ltd.,Pharmaceuticals,Pharmaceuticals & Biotechnology,14859.33,,
INE818H01020,LTFOODS,LT Foods Ltd.,Other Agricultural Products,"Food, Beverages & Tobacco",14846.8,,
INE700A01033,JUBLPHARMA,Jubilant Pharmova Ltd.,Pharmaceuticals,Pharmaceuticals & Biotechnology,14845.0,,
INE297H01019,GALLANTT,Gallantt Ispat Ltd.,Iron & Steel/Interm.Products,Metals & Mining,14609.56,,
INE151G01028,SHAILY,Shaily Engineering Plastics Ltd.,Plastic Products,General Industrials,14531.62,,
INE01TY01017,CANHLIFE,Canara HSBC Life Insurance Company Ltd.,Life Insurance,Banking and Finance,14458.05,,
INE713T01028,APOLLO,Apollo Micro Systems Ltd.,Aerospace & Defence,General Industrials,14429.78,,
INE126A01031,EIDPARRY,EID Parry (India) Ltd.,Other Food & Beverages,"Food, Beverages & Tobacco",14327.21,,
INE671H01015,SOBHA,Sobha Ltd.,Realty,Realty,14319.72,,
INE338H01029,CONCORDBIO,Concord Biotech Ltd.,Biotechnology,Pharmaceuticals & Biotechnology,14280.11,,
INE959A01019,PRIVISCL,Privi Speciality Chemicals Ltd.,Specialty Chemicals,Chemicals & Petrochemicals,14234.84,,
INE109A01011,SCI,Shipping Corporation of India Ltd.,Shipping,Transportation,14195.22,,
INE951I01027,VGUARD,V-Guard Industries Ltd.,Household Appliances,Consumer Durables,13965.99,,
INE00F201020,PRUDENT,Prudent Corporate Advisory Services Ltd.,Other Financial Services,Banking and Finance,13961.51,,
INE093R01011,LLOYDSENGG,Lloyds Engineering Works Ltd.,Industrial Machinery,General Industrials,13947.44,,
INE043W01024,VIJAYA,Vijaya Diagnostic Centre Ltd.,Healthcare Services,Healthcare,13916.02,,
INE668A01016,TMB,Tamilnad Mercantile Bank Ltd.,Banks,Banking and Finance,13870.8,,
INE371A01025,GRAPHITE,Graphite India Ltd.,Electrodes & Refractories,General Industrials,13870.69,,
INE930P01018,ANURAS,Anupam Rasayan India Ltd.,Specialty Chemicals,Chemicals & Petrochemicals,13828.01,,
INE133A01011,JSWDULUX,JSW Dulux Ltd.,Paints,Consumer Durables,13792.98,,
INE321T01012,DOMS,DOMS Industries Ltd.,Commodity Printing/Stationery,Commercial Services & Supplies,13719.2,,
INE551W01018,UJJIVANSFB,Ujjivan Small Finance Bank Ltd.,Microfinance Institutions,Banking and Finance,13661.22,,
INE999A01023,KSB,KSB Ltd.,Compressors & Pumps,General Industrials,13649.02,,
INE418L01047,NAZARA,Nazara Technologies Ltd.,Internet Software & Services,Software & Services,13554.76,,
INE2J8701016,SKFINDUS,SKF India (Industrial) Ltd.,Abrasives & Bearings,General Industrials,13535.63,,
INE510A01028,ENGINERSIN,Engineers India Ltd.,Consulting Services,Commercial Services & Supplies,13522.74,,
INE290S01011,CARTRADE,CarTrade Tech Ltd.,Internet & Catalogue Retail,Retailing,13497.59,,
INE066P01011,INOXWIND,Inox Wind Ltd.,Heavy Electrical Equipment,General Industrials,13480.25,,
INE119A01028,BALRAMCHIN,Balrampur Chini Mills Ltd.,Sugar,"Food, Beverages & Tobacco",13395.38,,
INE065X01017,INDGN,Indegene Ltd.,Healthcare Services,Healthcare,13357.47,,
INE676A01027,BBOX,Black Box Ltd.,IT Consulting & Software,Software & Services,13221.37,,
INE663A01033,SPLPETRO,Supreme Petrochem Ltd.,Petrochemicals,Chemicals & Petrochemicals,13190.16,,
INE399G01023,RKFORGE,Ramkrishna Forgings Ltd.,Castings & Forgings,General Industrials,13138.1,,
INE0LCL01028,AVALON,Avalon Technologies Ltd.,Heavy Electrical Equipment,General Industrials,13130.52,,
INE852O01025,APTUS,Aptus Value Housing Finance India Ltd.,Housing Finance,Banking and Finance,13053.81,,
INE731H01025,ACE,Action Construction Equipment Ltd.,Commercial Vehicles,Automobiles & Auto Components,13031.27,,
INE545A01024,HEG,HEG Ltd.,Electrodes & Refractories,General Industrials,13006.68,,
INE0NNS01018,NSLNISP,NMDC Steel Ltd.,Iron & Steel/Interm.Products,Metals & Mining,12847.78,,
INE064C01022,TRIDENT,Trident Ltd.,Textiles,Textiles Apparels & Accessories,12831.62,,
INE024L01027,GRAVITA,Gravita India Ltd.,Other Non-Ferrous Metals,Metals & Mining,12784.37,,
INE389H01022,KEC,KEC International Ltd.,Heavy Electrical Equipment,General Industrials,12746.99,,
INE602A01031,PCBL,PCBL Chemical Ltd.,Refineries/Petro-Products,Oil & Gas,12665.56,,
INE119201023,PARKHOSPS,Park Medi World Ltd.,Healthcare Facilities,Healthcare,12623.18,,
INE080I01025,LLOYDSENT,Lloyds Enterprises Ltd.,Commodity Trading  & Distribution,Commercial Services & Supplies,12611.65,,
INE02ZQ01018,CORONA,Corona Remedies Ltd.,Pharmaceuticals,Pharmaceuticals & Biotechnology,12591.64,,
INE825V01034,MANYAVAR,Vedant Fashions Ltd.,Specialty Retail,Retailing,12559.54,,
INE491J01022,ASKAUTOLTD,ASK Automotive Ltd.,Auto Parts & Equipment,Automobiles & Auto Components,12517.57,,
INE481N01025,HOMEFIRST,Home First Finance Company India Ltd.,Housing Finance,Banking and Finance,12479.25,,
INE304W01038,BLUESTONE,Bluestone Jewellery and Lifestyle Ltd.,Gems & Jewellery,Textiles Apparels & Accessories,12441.44,,
INE750C01026,MARKSANS,Marksans Pharma Ltd.,Pharmaceuticals,Pharmaceuticals & Biotechnology,12409.89,,
INE285K01026,TECHNOE,Techno Electric & Engineering Company Ltd.,Power - Electric Utilities,Utilities,12400.44,,
INE665L01035,VARROC,Varroc Engineering Ltd.,Auto Parts & Equipment,Automobiles & Auto Components,12394.03,,
INE0Z4F01028,ATLANTAELE,Atlanta Electricals Ltd.,Heavy Electrical Equipment,General Industrials,12360.36,,
INE871C01038,AVANTIFEED,Avanti Feeds Ltd.,Other Food & Beverages,"Food, Beverages & Tobacco",12351.34,,
INE118D01016,NUVOCO,Nuvoco Vistas Corporation Ltd.,Cement & Cement Products,Cement and Construction,12350.46,,
INE683A01023,SOUTHBANK,South Indian Bank Ltd.,Banks,Banking and Finance,12349.98,,
INE962Y01021,IRCON,Ircon International Ltd.,Construction & Engineering,Cement and Construction,12344.27,,
INE383A01012,INDIACEM,India Cements Ltd.,Cement & Cement Products,Cement and Construction,12338.56,,
INE351F01018,JPPOWER,Jaiprakash Power Ventures Ltd.,Green & Renewable Energy,Utilities,12295.11,,
INE956G01038,WABAG,Va Tech Wabag Ltd.,Utilities:Non-Electrical,Utilities,12219.47,,
INE011K01018,TEGA,Tega Industries Ltd.,Coal & Mining,Metals & Mining,12213.51,,
INE780C01023,JMFINANCIL,JM Financial Ltd.,Holding Companies,Diversified,12197.41,,
INE807F01027,VIYASH,Viyash Scientific Ltd.,Pharmaceuticals,Pharmaceuticals & Biotechnology,12156.89,,
INE133E01013,TI,Tilaknagar Industries Ltd.,Breweries & Distilleries,"Food, Beverages & Tobacco",12144.78,,
INE233B01017,BLUEDART,Blue Dart Express Ltd.,Warehousing & Logistics,Transportation,12076.31,,
INE12UR01024,UTLSOLAR,Fujiyama Power Systems Ltd.,Other Electrical Equipment/Products,Consumer Durables,11967.64,,
INE0BY001018,JUBLINGREA,Jubilant Ingrevia Ltd.,Specialty Chemicals,Chemicals & Petrochemicals,11790.78,,
INE872H01027,LUMAXTECH,Lumax Auto Technologies Ltd.,Auto Parts & Equipment,Automobiles & Auto Components,11739.48,,
INE614B01018,KTKBANK,Karnataka Bank Ltd.,Banks,Banking and Finance,11727.27,,
INE112L01020,METROPOLIS,Metropolis Healthcare Ltd.,Healthcare Services,Healthcare,11680.07,,
INE094J01016,UTIAMC,UTI Asset Management Company Ltd.,Asset Management Cos.,Banking and Finance,11525.43,,
INE14LE01019,ABLBL,Aditya Birla Lifestyle Brands Ltd.,Specialty Retail,Retailing,11455.82,,
INE615H01020,TITAGARH,Titagarh Rail Systems Ltd.,Commercial Vehicles,Automobiles & Auto Components,11412.93,,
INE573A01042,JKTYRE,JK Tyre & Industries Ltd.,Auto Tyres & Rubber Products,Automobiles & Auto Components,11384.55,,
INE940H01022,PGIL,Pearl Global Industries Ltd.,Other Apparels & Accessories,Textiles Apparels & Accessories,11381.8,,
INE260D01016,OLECTRA,Olectra Greentech Ltd.,Commercial Vehicles,Automobiles & Auto Components,11368.18,,
INE520A01027,ZENSARTECH,Zensar Technologies Ltd.,IT Consulting & Software,Software & Services,11354.99,,
INE191H01014,PVRINOX,PVR INOX Ltd.,Movies & Entertainment,Media,11351.92,,
INE022Q01020,IEX,Indian Energy Exchange Ltd.,Capital Markets,Banking and Finance,11333.41,,
INE903U01023,SIGNATURE,Signatureglobal (India) Ltd.,Realty,Realty,11287.24,,
INE320J01015,RITES,Rites Ltd.,Construction & Engineering,Cement and Construction,11257.66,,
INE002S01010,MGL,Mahanagar Gas Ltd.,Utilities:Non-Electrical,Utilities,11256.72,,
INE0CLI01024,RATEGAIN,RateGain Travel Technologies Ltd.,IT Software Products,Software & Services,11243.92,,
INE532F01054,EDELWEISS,Edelweiss Financial Services Ltd.,Other Financial Services,Banking and Finance,11220.19,,
INE02RE01045,FIRSTCRY,Brainbees Solutions Ltd.,Internet & Catalogue Retail,Retailing,11183.13,,
INE01IU01018,SKYGOLD,Sky Gold and Diamonds Ltd.,Gems & Jewellery,Textiles Apparels & Accessories,11141.63,,
INE209L01016,JWL,Jupiter Wagons Ltd.,Commercial Vehicles,Automobiles & Auto Components,11111.63,,
INE09XN01023,AKUMS,Akums Drugs & Pharmaceuticals Ltd.,Pharmaceuticals,Pharmaceuticals & Biotechnology,10977.44,,
INE216P01012,AAVAS,Aavas Financiers Ltd.,Housing Finance,Banking and Finance,10874.62,,
INE0QPI01025,SUDEEPPHRM,Sudeep Pharma Ltd.,Pharmaceuticals,Pharmaceuticals & Biotechnology,10815.39,,
INE477A01020,CANFINHOME,Can Fin Homes Ltd.,Housing Finance,Banking and Finance,10802.83,,
INE0YD401026,JAINREC,Jain Resource Recycling Ltd.,Other Non-Ferrous Metals,Metals & Mining,10642.45,,
INE933S01016,INDIAMART,IndiaMART InterMESH Ltd.,Internet & Catalogue Retail,Retailing,10555.11,,
INE131B01039,RELAXO,Relaxo Footwears Ltd.,Footwear,Retailing,10541.31,,
INE0UIZ01018,BLACKBUCK,BlackBuck Ltd.,Transport Related Services,Transportation,10521.9,,
INE489L01022,IIFLCAPS,IIFL Capital Services Ltd.,Capital Markets,Banking and Finance,10519.26,,
INE682M01020,JLHL,Jupiter Life Line Hospitals Ltd.,Healthcare Facilities,Healthcare,10497.12,,
INE050A01025,BBTC,The Bombay Burmah Trading Corporation Ltd.,Packaged Foods,FMCG,10494.39,,
INE153T01027,BLS,BLS International Services Ltd.,Travel Support Services,Diversified Consumer Services,10471.81,,
INE085001019,WEWORK,WeWork India Management Ltd.,Special Consumer Services,Diversified Consumer Services,10469.11,,
INE423Y01016,SBFC,SBFC Finance Ltd.,Finance (including NBFCs),Banking and Finance,10444.85,,
INE850D01014,GODREJAGRO,Godrej Agrovet Ltd.,Other Agricultural Products,"Food, Beverages & Tobacco",10442.26,,
INE0UOS01011,SANOFICONR,Sanofi Consumer Healthcare India Ltd.,Pharmaceuticals,Pharmaceuticals & Biotechnology,10396.47,,
INE00VM01036,MANORAMA,Manorama Industries Ltd.,Other Food & Beverages,"Food, Beverages & Tobacco",10328.09,,
INE716A01013,WHIRLPOOL,Whirlpool of India Ltd.,Consumer Electronics,Consumer Durables,10316.58,,
INE0KBH01020,BLUEJET,Blue Jet Healthcare Ltd,Pharmaceuticals,Pharmaceuticals & Biotechnology,10302.11,,
INE045601023,PARAS,Paras Defence and Space Technologies Ltd.,Aerospace & Defence,General Industrials,10291.8,,
INE183A01024,FINPIPE,Finolex Industries Ltd.,Plastic Products,General Industrials,10202.5,,
INE306R01017,INTELLECT,Intellect Design Arena Ltd.,IT Software Products,Software & Services,10118.14,,
INE508G01029,TIMETECHNO,Time Technoplast Ltd.,Plastic Products,General Industrials,10113.6,,
INE075I01017,HCG,Healthcare Global Enterprises Ltd.,Healthcare Facilities,Healthcare,10090.59,,
INE101I01011,AFCONS,Afcons Infrastructure Ltd.,Construction & Engineering,Cement and Construction,10086.49,,
INE540H01012,VOLTAMP,Voltamp Transformers Ltd.,Heavy Electrical Equipment,General Industrials,10081.69,,
INE614G01033,RPOWER,Reliance Power Ltd.,Power - Electric Utilities,Utilities,10066.47,,
INE979A01025,SAREGAMA,Saregama India Ltd.,Movies & Entertainment,Media,10010.67,,
INE149K01016,SANDUMA,Sandur Manganese & Iron Ores Ltd.,Coal & Mining,Metals & Mining,9983.13,,
INE213C01025,BANCOINDIA,Banco Products (India) Ltd.,Auto Parts & Equipment,Automobiles & Auto Components,9825.95,,
INE205B01031,ELECON,Elecon Engineering Company Ltd.,Industrial Machinery,General Industrials,9825.35,,
INE202Z01029,TSFINV,TSF Investments Ltd.,Investment Companies,Others,9815.88,,
INE150B01039,ALKYLAMINE,Alkyl Amines Chemicals Ltd.,Specialty Chemicals,Chemicals & Petrochemicals,9686.58,,
INE665A01038,SWANCORP,Swan Corp Ltd.,Commodity Trading  & Distribution,Commercial Services & Supplies,9656.04,,
INE594H01019,THYROCARE,Thyrocare Technologies Ltd.,Healthcare Services,Healthcare,9601.65,,
INE123F01029,MMTC,MMTC Ltd.,Commodity Trading  & Distribution,Commercial Services & Supplies,9597.0,,
INE785M01021,PCJEWELLER,PC Jeweller Ltd.,Gems & Jewellery,Textiles Apparels & Accessories,9527.84,,
INE136B01020,CYIENT,Cyient Ltd.,IT Consulting & Software,Software & Services,9527.08,,
INE299N01021,WAAREERTL,Waaree Renewable Technologies Ltd.,Power - Electric Utilities,Utilities,9484.42,,
INE953R01016,PNGJL,P N Gadgil Jewellers Ltd.,Gems & Jewellery,Textiles Apparels & Accessories,9462.92,,
INE811A01020,KIRLPNU,Kirloskar Pneumatic Company Ltd.,Compressors & Pumps,General Industrials,9354.05,,
INE274F01020,WESTLIFE,Westlife Foodworld Ltd.,Restaurants,Hotels Restaurants & Tourism,9275.86,,
INE0DD101019,RAILTEL,RailTel Corporation of India Ltd.,Telecom Services,Telecom Services,9260.68,,
INE176A01028,BATAINDIA,Bata India Ltd.,Footwear,Retailing,9260.41,,
INE939A01011,STAR,Strides Pharma Science Ltd.,Pharmaceuticals,Pharmaceuticals & Biotechnology,9252.3,,
INE868B01028,NCC,NCC Ltd.,Construction & Engineering,Cement and Construction,9140.82,,
INE010J01012,TEJASNET,Tejas Networks Ltd.,Telecom Equipment,Telecommunications Equipment,9138.08,,
INE0V9Q01010,LOTUSDEV,Sri Lotus Developers and Realty Ltd.,Realty,Realty,9081.95,,
INE659A01023,SUDARSCHEM,Sudarshan Chemical Industries Ltd.,Dyes & Pigments,Chemicals & Petrochemicals,9072.08,,
INE256A01028,ZEEL,Zee Entertainment Enterprises Ltd.,Broadcasting & Cable TV,Media,9047.13,,
INE726V01018,PRICOLLTD,Pricol Ltd.,Auto Parts & Equipment,Automobiles & Auto Components,8993.64,,
INE854B01010,JAYNECOIND,Jayaswal Neco Industries Ltd.,Iron & Steel/Interm.Products,Metals & Mining,8969.11,,
INE763I01026,TARIL,Transformers & Rectifiers (India) Ltd.,Heavy Electrical Equipment,General Industrials,8938.94,,
INE269A01021,SONATSOFTW,Sonata Software Ltd.,IT Consulting & Software,Software & Services,8918.91,,
INE836A01035,BSOFT,Birlasoft Ltd.,IT Consulting & Software,Software & Services,8905.25,,
INE970X01018,LEMONTREE,Lemon Tree Hotels Ltd.,Hotels,Hotels Restaurants & Tourism,8794.73,,
INE069I01010,EMBDL,Embassy Developments Ltd.,Realty,Realty,8766.55,,
INE0KCE01017,EUREKAFORB,Eureka Forbes Ltd.,Consumer Electronics,Consumer Durables,8718.45,,
INE0SII01026,QPOWER,Quality Power Electrical Equipments Ltd.,Heavy Electrical Equipment,General Industrials,8705.49,,
INE001B01026,KRBL,KRBL Ltd.,Other Agricultural Products,"Food, Beverages & Tobacco",8666.92,,
INE063P01018,EQUITASBNK,Equitas Small Finance Bank Ltd.,Microfinance Institutions,Banking and Finance,8604.66,,
INE743M01012,RHIM,RHI Magnesita India Ltd.,Electrodes & Refractories,General Industrials,8524.38,,
INE227W01023,CLEAN,Clean Science & Technology Ltd.,Specialty Chemicals,Chemicals & Petrochemicals,8451.05,,
INE483B01026,ICIL,Indo Count Industries Ltd.,Textiles,Textiles Apparels & Accessories,8449.0,,
INE804L01022,MEDPLUS,Medplus Health Services Ltd.,Healthcare Supplies,Healthcare,8412.6,,
INE0JO301016,YATHARTH,Yatharth Hospital & Trauma Care Services Ltd.,Healthcare Facilities,Healthcare,8387.65,,
INE211R01019,POWERMECH,Power Mech Projects Ltd.,Construction & Engineering,Cement and Construction,8273.04,,
INE483C01032,TANLA,Tanla Platforms Ltd.,Internet Software & Services,Software & Services,8259.45,,
INE716B01029,TIPSMUSIC,Tips Music Ltd.,Movies & Entertainment,Media,8249.61,,
INE0LMW01024,CELLO,Cello World Ltd.,Houseware,Consumer Durables,8242.32,,
INE460H01021,STARCEMENT,Star Cement Ltd.,Cement & Cement Products,Cement and Construction,8162.83,,
INE099Z01011,MIDHANI,Mishra Dhatu Nigam Ltd.,Aerospace & Defence,General Industrials,8152.1,,
INE625G01013,WELENT,Welspun Enterprises Ltd.,Construction & Engineering,Cement and Construction,8151.19,,
INE294B01019,SMLMAH,SML Mahindra Ltd.,Commercial Vehicles,Automobiles & Auto Components,8037.53,,
INE621H01010,RELIGARE,Religare Enterprises Ltd.,Other Financial Services,Banking and Finance,8009.89,,
INE945H01021,V2RETAIL,V2 Retail Ltd.,Department Stores,Retailing,8001.61,,
INE679V01027,AVL,Aditya Vision Ltd.,Specialty Retail,Retailing,7986.54,,
INE919H01018,IMFA,Indian Metals & Ferro Alloys Ltd.,Iron & Steel/Interm.Products,Metals & Mining,7943.12,,
INE271B01025,MAHSEAMLES,Maharashtra Seamless Ltd.,Iron & Steel/Interm.Products,Metals & Mining,7901.94,,
INE113A01013,GNFC,Gujarat Narmada Valley Fertilizers & Chemicals Ltd.,Fertilizers,Fertilizers,7868.67,,
INE619B01017,NEWGEN,Newgen Software Technologies Ltd.,IT Consulting & Software,Software & Services,7852.3,,
INE739E01017,CERA,Cera Sanitaryware Ltd.,Household Appliances,Consumer Durables,7818.46,,
INE666D01022,BORORENEW,Borosil Renewables Ltd.,Houseware,Consumer Durables,7782.32,,
INE0HV901016,IXIGO,LE Travenues Technology Ltd.,Travel Support Services,Diversified Consumer Services,7773.41,,
INE16NZ01023,ORKLAINDIA,Orkla India Ltd.,Packaged Foods,FMCG,7765.23,,
INE036B01030,GAEL,Gujarat Ambuja Exports Ltd.,Other Agricultural Products,"Food, Beverages & Tobacco",7761.63,,
INE221B01012,DYNAMATECH,Dynamatic Technologies Ltd.,Industrial Machinery,General Industrials,7742.88,,
INE0LXT01019,REDTAPE,Redtape Ltd.,Footwear,Retailing,7737.65,,
INE647O01011,ABFRL,Aditya Birla Fashion and Retail Ltd.,Department Stores,Retailing,7729.67,,
INE517B01013,TTML,Tata Teleservices (Maharashtra) Ltd.,Telecom Services,Telecom Services,7696.55,,
INE560A01023,INDIAGLYCO,India Glycols Ltd.,Commodity Chemicals,Chemicals & Petrochemicals,7665.18,,
INE640A01023,SKFINDIA,SKF India Ltd.,Abrasives & Bearings,General Industrials,7585.27,,
INE668F01031,JYOTHYLAB,Jyothy Labs Ltd.,Personal Products,FMCG,7581.88,,
INE922K01024,INDIASHLTR,India Shelter Finance Corporation Ltd.,Housing Finance,Banking and Finance,7531.65,,
INE0Q3J01015,KRN,KRN Heat Exchanger and Refrigeration Ltd.,Electronic Components,Commercial Services & Supplies,7511.0,,
INE855B01025,RAIN,Rain Industries Ltd.,Petrochemicals,Chemicals & Petrochemicals,7496.47,,
INE04TZ01018,ETHOSLTD,Ethos Ltd.,Specialty Retail,Retailing,7444.26,,
INE0J5801029,JSLL,Jeena Sikho Lifecare Ltd.,Pharmaceuticals,Pharmaceuticals & Biotechnology,7434.42,,
INE07RO01027,SUPRIYA,Supriya Lifescience Ltd.,Pharmaceuticals,Pharmaceuticals & Biotechnology,7432.18,,
INE916U01025,SFL,Sheela Foam Ltd.,Furniture-Furnishing,Diversified Consumer Services,7397.43,,
INE317F01035,NESCO,Nesco Ltd.,Realty,Realty,7377.87,,
INE221J01015,SHARDACROP,Sharda Cropchem Ltd.,Agrochemicals,Chemicals & Petrochemicals,7344.4,,
INE517F01014,GPPL,Gujarat Pipavav Port Ltd.,Marine Port & Services,Transportation,7330.4,,
INE542W01025,KPIGREEN,KPI Green Energy Ltd.,Green & Renewable Energy,Utilities,7327.7,,
INE546C01010,PICCADIL,Piccadily Agro Industries Ltd.,Sugar,"Food, Beverages & Tobacco",7325.34,,
INE917M01012,DBL,Dilip Buildcon Ltd.,Roads & Highways,Cement and Construction,7292.96,,
INE429E01023,SAFARI,Safari Industries (India) Ltd.,Other Apparels & Accessories,Textiles Apparels & Accessories,7267.39,,
INE806T01020,SAPPHIRE,Sapphire Foods India Ltd.,Restaurants,Hotels Restaurants & Tourism,7206.05,,
INE510W01014,INOXGREEN,Inox Green Energy Services Ltd.,Green & Renewable Energy,Utilities,7203.97,,
INE255A01020,EPL,EPL Ltd.,Containers & Packaging,Commercial Services & Supplies,7198.1,,
INE348A01023,ASHAPURMIN,Ashapura Minechem Ltd.,Coal & Mining,Metals & Mining,7053.17,,
INE340A01012,BIRLACORPN,Birla Corporation Ltd.,Cement & Cement Products,Cement and Construction,7040.98,,
INE789E01012,JKPAPER,JK Paper Ltd.,Paper & Paper Products,Commercial Services & Supplies,7017.94,,
INE786A01032,JKLAKSHMI,JK Lakshmi Cement Ltd.,Cement & Cement Products,Cement and Construction,7014.16,,
INE027A01015,RCF,Rashtriya Chemicals & Fertilizers Ltd.,Fertilizers,Fertilizers,7002.03,,
INE232I01014,SPARC,Sun Pharma Advanced Research Company Ltd.,Pharmaceuticals,Pharmaceuticals & Biotechnology,6919.13,,
INE495P01020,BECTORFOOD,Mrs. Bectors Food Specialities Ltd.,Packaged Foods,FMCG,6888.87,,
INE278Y01022,CAMPUS,Campus Activewear Ltd.,Footwear,Retailing,6858.54,,
INE555B01013,AXISCADES,AXISCADES Technologies Ltd.,Aerospace & Defence,General Industrials,6798.98,,
INE737H01014,FIEMIND,FIEM Industries Ltd.,Auto Parts & Equipment,Automobiles & Auto Components,6791.27,,
INE07T201019,RBA,Restaurant Brands Asia Ltd.,Restaurants,Hotels Restaurants & Tourism,6755.64,,
INE314T01033,GOKULAGRO,Gokul Agro Resources Ltd.,Edible Oils,FMCG,6751.58,,
INE04VU01023,STYL,Seshaasai Technologies Ltd.,Internet Software & Services,Software & Services,6597.63,,
INE050E01027,BALAMINES,Balaji Amines Ltd.,Specialty Chemicals,Chemicals & Petrochemicals,6576.11,,
INE026A01025,GSFC,Gujarat State Fertilizer & Chemicals Ltd.,Fertilizers,Fertilizers,6424.25,,
INE02YR01019,EMIL,Electronics Mart India Ltd.,Specialty Retail,Retailing,6380.29,,
INE602W01027,SENCO,Senco Gold Ltd.,Gems & Jewellery,Textiles Apparels & Accessories,6372.47,,
INE908D01010,SHAKTIPUMP,Shakti Pumps (India) Ltd.,Compressors & Pumps,General Industrials,6371.04,,
INE879I01012,DBREALTY,Valor Estate Ltd.,Realty,Realty,6363.52,,
INE665J01013,VMART,V-Mart Retail Ltd.,Department Stores,Retailing,6360.86,,
INE454P01035,TRANSRAILL,Transrail Lighting Ltd.,Heavy Electrical Equipment,General Industrials,6355.68,,
INE128X01021,ACI,Archean Chemical Industries Ltd.,Commodity Chemicals,Chemicals & Petrochemicals,6255.02,,
INE0LRU01027,AARTIPHARM,Aarti Pharmalabs Ltd.,Pharmaceuticals,Pharmaceuticals & Biotechnology,6219.27,,
INE419U01012,HAPPSTMNDS,Happiest Minds Technologies Ltd.,IT Consulting & Software,Software & Services,6208.24,,
INE503A01015,DCBBANK,DCB Bank Ltd.,Banks,Banking and Finance,6205.23,,
INE0I7C01011,LATENTVIEW,Latent View Analytics Ltd.,Data Processing Services,Software & Services,6149.81,,
INE955V01021,ARVINDFASN,Arvind Fashions Ltd.,Other Apparels & Accessories,Textiles Apparels & Accessories,6132.69,,
INE877F01012,PTC,PTC India Ltd.,Power - Electric Utilities,Utilities,6017.85,,
INE483S01020,CCAVENUE,AvenuesAI Ltd.,Internet Software & Services,Software & Services,5996.32,,
INE091G01026,JAIBALAJI,Jai Balaji Industries Ltd.,Iron & Steel/Interm.Products,Metals & Mining,5985.28,,
INE074A01025,PRAJIND,Praj Industries Ltd.,Industrial Machinery,General Industrials,5974.84,,
INE078V01014,VIKRAMSOLR,Vikram Solar Ltd.,Other Electrical Equipment/Products,Consumer Durables,5954.93,,
INE270A01029,ALOKINDS,Alok Industries Ltd.,Textiles,Textiles Apparels & Accessories,5943.39,,
INE395N01027,TVSSCS,TVS Supply Chain Solutions Ltd.,Transport Related Services,Transportation,5903.13,,
INE887G01027,GOKEX,Gokaldas Exports Ltd.,Textiles,Textiles Apparels & Accessories,5902.19,,
INE439E01022,SKIPPER,Skipper Ltd.,Construction & Engineering,Cement and Construction,5846.73,,
INE599M01018,JUSTDIAL,Just Dial Ltd.,Internet Software & Services,Software & Services,5811.4,,
INE953L01027,JSFB,Jana Small Finance Bank Ltd.,Microfinance Institutions,Banking and Finance,5807.95,,
INE039C01032,JAMNAAUTO,Jamna Auto Industries Ltd.,Auto Parts & Equipment,Automobiles & Auto Components,5773.24,,
INE195J01029,PNCINFRA,PNC Infratech Ltd.,Roads & Highways,Cement and Construction,5756.23,,
INE011E01029,BALUFORGE,Balu Forge Industries Ltd.,Castings & Forgings,General Industrials,5693.89,,
INE559A01017,IFBIND,IFB Industries Ltd.,Household Appliances,Consumer Durables,5690.46,,
INE759A01021,MASTEK,Mastek Ltd.,IT Consulting & Software,Software & Services,5679.64,,
INE490G01020,MOIL,MOIL Ltd.,Coal & Mining,Metals & Mining,5659.94,,
INE010A01011,PRSMJOHNSN,Prism Johnson Ltd.,Cement & Cement Products,Cement and Construction,5615.45,,
INE007N01010,FEDFINA,Fedbank Financial Services Ltd.,Finance (including NBFCs),Banking and Finance,5609.04,,
INE136S01016,NEOGEN,Neogen Chemicals Ltd.,Specialty Chemicals,Chemicals & Petrochemicals,5563.69,,
INE0NAZ01010,SMARTWORKS,Smartworks Coworking Spaces Ltd.,Special Consumer Services,Diversified Consumer Services,5562.28,,
INE0BV301023,MAPMYINDIA,C.E. Info Systems Ltd.,Internet Software & Services,Software & Services,5550.42,,
INE758C01029,AHLUCONT,Ahluwalia Contracts (India) Ltd.,Construction & Engineering,Cement and Construction,5508.39,,
INE679A01013,CSBBANK,CSB Bank Ltd.,Banks,Banking and Finance,5498.63,,
INE335A01020,SURYAROSNI,Surya Roshni Ltd.,Iron & Steel Products,Metals & Mining,5492.04,,
INE570A01022,IONEXCHANG,Ion Exchange (India) Ltd.,Utilities:Non-Electrical,Utilities,5450.13,,
INE010601016,ENTERO,Entero Healthcare Solutions Ltd.,Healthcare Services,Healthcare,5408.62,,
INE287B01021,SUBROS,Subros Ltd.,Auto Parts & Equipment,Automobiles & Auto Components,5406.09,,
INE13B501022,SAATVIKGL,Saatvik Green Energy Ltd.,Other Electrical Equipment/Products,Consumer Durables,5384.8,,
INE549A01026,HCC,Hindustan Construction Company Ltd.,Construction & Engineering,Cement and Construction,5375.15,,
INE09VQ01012,INDIGOPNTS,Indigo Paints Ltd.,Paints,Consumer Durables,5348.44,,
INE218I01013,CRAMC,Canara Robeco Asset Management Company Ltd.,Asset Management Cos.,Banking and Finance,5226.73,,
INE256C01024,TRIVENI,Triveni Engineering & Industries Ltd.,Sugar,"Food, Beverages & Tobacco",5139.31,,
INE365B01017,DATAMATICS,Datamatics Global Services Ltd.,IT Consulting & Software,Software & Services,5113.59,,
INE350C01017,OPTIEMUS,Optiemus Infracom Ltd.,Telecom Equipment,Telecommunications Equipment,5058.86,,
INE323I01011,PURVA,Puravankara Ltd.,Realty,Realty,5036.35,,
INE332A01027,THOMASCOOK,Thomas Cook (India) Ltd.,Travel Support Services,Diversified Consumer Services,4898.59,,
INE576O01020,LXCHEM,Laxmi Organic Industries Ltd.,Specialty Chemicals,Chemicals & Petrochemicals,4868.94,,
INE00M201021,SWSOLAR,Sterling and Wilson Renewable Energy Ltd.,Construction & Engineering,Cement and Construction,4785.96,,
INE087H01022,RENUKA,Shree Renuka Sugars Ltd.,Sugar,"Food, Beverages & Tobacco",4718.86,,
INE399K01017,RTNPOWER,RattanIndia Power Ltd.,Power - Electric Utilities,Utilities,4661.25,,
INE615P01015,QUESS,Quess Corp Ltd.,BPO/KPO,Software & Services,4645.84,,
INE224A01026,GREAVESCOT,Greaves Cotton Ltd.,Auto Parts & Equipment,Automobiles & Auto Components,4632.24,,
INE870H01013,NETWORK18,Network18 Media & Investments Ltd.,Broadcasting & Cable TV,Media,4558.15,,
INE054A01027,VIPIND,VIP Industries Ltd.,Other Apparels & Accessories,Textiles Apparels & Accessories,4474.69,,
INE0ILV01024,CAPILLARY,Capillary Technologies India Ltd.,IT Software Products,Software & Services,4461.34,,
INE02ID01020,RAYMONDLSL,Raymond Lifestyle Ltd.,Textiles,Textiles Apparels & Accessories,4458.39,,
INE086A01029,ELECTCAST,Electrosteel Castings Ltd.,Iron & Steel/Interm.Products,Metals & Mining,4449.69,,
INE541A01023,GMMPFAUDLR,GMM Pfaudler Ltd.,Industrial Machinery,General Industrials,4438.62,,
INE621L01012,TEXRAIL,Texmaco Rail & Engineering Ltd.,Construction & Engineering,Cement and Construction,4425.87,,
INE834M01019,RTNINDIA,RattanIndia Enterprises Ltd.,Power - Electric Utilities,Utilities,4394.24,,
INE805D01034,SUNTECK,Sunteck Realty Ltd.,Realty,Realty,4392.78,,
INE925R01014,CMSINFO,CMS Info Systems Ltd.,Other Financial Services,Banking and Finance,4372.13,,
INE193E01025,BAJAJELEC,Bajaj Electricals Ltd.,Household Appliances,Consumer Durables,4282.8,,
INE0E7301029,WAKEFIT,Wakefit Innovations Ltd.,Furniture-Furnishing,Diversified Consumer Services,4233.09,,
INE255X01014,MSTCLTD,MSTC Ltd.,Commodity Trading  & Distribution,Commercial Services & Supplies,4162.4,,
INE613A01020,RALLIS,Rallis India Ltd.,Agrochemicals,Chemicals & Petrochemicals,4142.77,,
INE236E01022,ELLEN,Ellenbarrie Industrial Gases Ltd.,Industrial Gases,General Industrials,4120.25,,
INE884A01027,VAIBHAVGBL,Vaibhav Global Ltd.,Other Apparels & Accessories,Textiles Apparels & Accessories,4072.27,,
INE855C01023,WEBELSOLAR,Websol Energy Systems Ltd.,Other Electrical Equipment/Products,Consumer Durables,4067.85,,
INE056I01025,REFEX,Refex Industries Ltd.,Industrial Gases,General Industrials,4019.16,,
INE132H01018,AURIONPRO,Aurionpro Solutions Ltd.,IT Software Products,Software & Services,4018.91,,
INE539A01019,GHCL,GHCL Ltd.,Commodity Chemicals,Chemicals & Petrochemicals,4017.36,,
INE189B01011,STYRENIX,Styrenix Performance Materials Ltd.,Specialty Chemicals,Chemicals & Petrochemicals,3969.42,,
INE634I01029,KNRCON,KNR Constructions Ltd.,Construction & Engineering,Cement and Construction,3937.0,,
INE0AJG01018,HEMIPROP,Hemisphere Properties India Ltd.,Realty,Realty,3934.14,,
INE455I01029,KSCL,Kaveri Seed Company Ltd.,Other Agricultural Products,"Food, Beverages & Tobacco",3932.26,,
INE08U801020,SAMHI,Samhi Hotels Ltd.,Hotels,Hotels Restaurants & Tourism,3879.58,,
INE0EK901012,TARC,TARC Ltd.,Realty,Realty,3859.27,,
INE767A01016,AARTIDRUGS,Aarti Drugs Ltd.,Pharmaceuticals,Pharmaceuticals & Biotechnology,3798.66,,
INE294Z01018,ANUP,The Anup Engineering Ltd.,Industrial Machinery,General Industrials,3797.97,,
INE0LLY01014,EIEL,Enviro Infra Engineers Ltd.,Utilities:Non-Electrical,Utilities,3741.6,,
INE0BYP01024,OSWALPUMPS,Oswal Pumps Ltd.,Compressors & Pumps,General Industrials,3717.7,,
INE932X01026,SHAREINDIA,Share India Securities Ltd.,Capital Markets,Banking and Finance,3675.69,,
INE837H01020,ADVENZYMES,Advanced Enzyme Technologies Ltd.,Biotechnology,Pharmaceuticals & Biotechnology,3631.95,,
INE926X01010,HGINFRA,HG Infra Engineering Ltd.,Construction & Engineering,Cement and Construction,3578.87,,
INE870D01012,NFL,National Fertilizers Ltd.,Fertilizers,Fertilizers,3527.75,,
INE978A01027,HERITGFOOD,Heritage Foods Ltd.,Packaged Foods,FMCG,3357.36,,
INE450U01017,ROUTE,Route Mobile Ltd.,Internet Software & Services,Software & Services,3328.45,,
INE442H01029,ASHOKA,Ashoka Buildcon Ltd.,Roads & Highways,Cement and Construction,3321.8,,
INE0S4R01014,CRIZAC,Crizac Ltd.,Education,Diversified Consumer Services,3289.32,,
INE602G01020,KITEX,Kitex Garments Ltd.,Other Apparels & Accessories,Textiles Apparels & Accessories,2889.76,,
INE876N01018,ORIENTCEM,Orient Cement Ltd.,Cement & Cement Products,Cement and Construction,2809.25,,
INE07K301024,ZAGGLE,Zaggle Prepaid Ocean Services Ltd.,IT Software Products,Software & Services,2770.65,,
INE108V01019,AWFIS,Awfis Space Solutions Ltd,Special Consumer Services,Diversified Consumer Services,1944.01,,
