ISIN,Symbol,YahooTicker
INE002A01018,RELIANCE,RELIANCE.NS
INE397D01024,BHARTIARTL,BHARTIARTL.NS
INE040A01034,HDFCBANK,HDFCBANK.NS
INE090A01021,ICICIBANK,ICICIBANK.NS
INE062A01020,SBIN,SBIN.NS
INE467B01029,TCS,TCS.NS
INE296A01032,BAJFINANCE,BAJFINANCE.NS
INE018A01030,LT,LT.NS
INE0J1Y01017,LICI,LICI.NS
INE030A01027,HINDUNILVR,HINDUNILVR.NS
INE009A01021,INFY,INFY.NS
INE044A01036,SUNPHARMA,SUNPHARMA.NS
INE280A01028,TITAN,TITAN.NS
INE237A01036,KOTAKBANK,KOTAKBANK.NS
INE814H01029,ADANIPOWER,ADANIPOWER.NS
INE585B01010,MARUTI,MARUTI.NS
INE423A01024,ADANIENT,ADANIENT.NS
INE238A01034,AXISBANK,AXISBANK.NS
INE101A01026,M&M,M&M.NS
INE742F01042,ADANIPORTS,ADANIPORTS.NS
INE860A01027,HCLTECH,HCLTECH.NS
INE481G01011,ULTRACEMCO,ULTRACEMCO.NS
INE917I01010,BAJAJ-AUTO,BAJAJ-AUTO.NS
INE154A01025,ITC,ITC.NS
INE066F01020,HAL,HAL.NS
INE019A01038,JSWSTEEL,JSWSTEEL.NS
INE733E01010,NTPC,NTPC.NS
INE918I01026,BAJAJFINSV,BAJAJFINSV.NS
INE758T01015,ETERNAL,ETERNAL.NS
INE263A01024,BEL,BEL.NS
INE213A01029,ONGC,ONGC.NS
INE239A01024,NESTLEIND,NESTLEIND.NS
INE522F01014,COALINDIA,COALINDIA.NS
INE267A01025,HINDZINC,HINDZINC.NS
INE752E01010,POWERGRID,POWERGRID.NS
INE192R01011,DMART,DMART.NS
INE721A01047,SHRIRAMFIN,SHRIRAMFIN.NS
INE021A01026,ASIANPAINT,ASIANPAINT.NS
INE361B01024,DIVISLAB,DIVISLAB.NS
INE081A01020,TATASTEEL,TATASTEEL.NS
INE038A01020,HINDALCO,HINDALCO.NS
INE047A01021,GRASIM,GRASIM.NS
INE364U01010,ADANIGREEN,ADANIGREEN.NS
INE066A01021,EICHERMOT,EICHERMOT.NS
INE494B01023,TVSMOTOR,TVSMOTOR.NS
INE242A01010,IOC,IOC.NS
INE343H01029,SOLARINDS,SOLARINDS.NS
INE646L01027,INDIGO,INDIGO.NS
INE685A01028,TORNTPHARM,TORNTPHARM.NS
INE0V6F01027,HYUNDAI,HYUNDAI.NS
INE123W01016,SBILIFE,SBILIFE.NS
INE075A01022,WIPRO,WIPRO.NS
INE931S01010,ADANIENSOL,ADANIENSOL.NS
INE1CDF01017,VAML,VAML.NS
INE775A01035,MOTHERSON,MOTHERSON.NS
INE271C01023,DLF,DLF.NS
INE1TAE01010,TMCV,TMCV.NS
INE318A01026,PIDILITIND,PIDILITIND.NS
INE669E01016,IDEA,IDEA.NS
INE976I01016,TATACAP,TATACAP.NS
INE758E01017,JIOFIN,JIOFIN.NS
INE117A01022,ABB,ABB.NS
INE669C01036,TECHM,TECHM.NS
INE121A01024,CHOLAFIN,CHOLAFIN.NS
INE849A01020,TRENT,TRENT.NS
INE257A01026,BHEL,BHEL.NS
INE346A01027,ICICIAMC,ICICIAMC.NS
INE692A01016,UNIONBANK,UNIONBANK.NS
INE003A01024,SIEMENS,SIEMENS.NS
INE07Y701011,POWERINDIA,POWERINDIA.NS
INE067A01029,CGPOWER,CGPOWER.NS
INE298A01020,CUMMINSIND,CUMMINSIND.NS
INE118H01025,BSE,BSE.NS
INE323A01026,BOSCHLTD,BOSCHLTD.NS
INE200M01039,VBL,VBL.NS
INE029A01011,BPCL,BPCL.NS
INE214T01019,LTM,LTM.NS
INE160A01022,PNB,PNB.NS
INE455K01017,POLYCAB,POLYCAB.NS
INE437A01024,APOLLOHOSP,APOLLOHOSP.NS
INE118A01012,BAJAJHLDNG,BAJAJHLDNG.NS
INE028A01039,BANKBARODA,BANKBARODA.NS
INE216A01030,BRITANNIA,BRITANNIA.NS
INE670K01029,LODHA,LODHA.NS
INE0HOQ01053,GROWW,GROWW.NS
INE956O01016,LENSKART,LENSKART.NS
INE749A01030,JINDALSTEL,JINDALSTEL.NS
INE795G01014,HDFCLIFE,HDFCLIFE.NS
INE562A01011,INDIANB,INDIANB.NS
INE245A01021,TATAPOWER,TATAPOWER.NS
INE134E01011,PFC,PFC.NS
INE414G01012,MUTHOOTFIN,MUTHOOTFIN.NS
INE155A01022,TMPV,TMPV.NS
INE640G01020,SBIFUNDS,SBIFUNDS.NS
INE129A01019,GAIL,GAIL.NS
INE476A01022,CANBK,CANBK.NS
INE010B01027,ZYDUSLIFE,ZYDUSLIFE.NS
INE059A01026,CIPLA,CIPLA.NS
INE324D01010,LGEINDIA,LGEINDIA.NS
INE1NPP01017,ENRIN,ENRIN.NS
INE674K01013,ABCAPITAL,ABCAPITAL.NS
INE200A01026,GVT&D,GVT&D.NS
INE053F01010,IRFC,IRFC.NS
INE854D01024,UNITDSPR,UNITDSPR.NS
INE982J01020,PAYTM,PAYTM.NS
INE205A01025,VEDL,VEDL.NS
INE158A01026,HEROMOTOCO,HEROMOTOCO.NS
INE196A01026,MARICO,MARICO.NS
INE127D01025,HDFCAMC,HDFCAMC.NS
INE881D01027,OFSS,OFSS.NS
INE776C01039,GMRAIRPORT,GMRAIRPORT.NS
INE281B01032,LLOYDSME,LLOYDSME.NS
INE053A01029,INDHOTEL,INDHOTEL.NS
INE079A01024,AMBUJACEM,AMBUJACEM.NS
INE192A01025,TATACONSUM,TATACONSUM.NS
INE249Z01020,MAZDOCK,MAZDOCK.NS
INE947Q01028,LAURUSLABS,LAURUSLABS.NS
INE121J01017,INDUSTOWER,INDUSTOWER.NS
INE208A01029,ASHOKLEY,ASHOKLEY.NS
INE121E01018,JSWENERGY,JSWENERGY.NS
INE008A01015,IDBI,IDBI.NS
INE0VDM01015,MEESHO,MEESHO.NS
INE326A01037,LUPIN,LUPIN.NS
INE634S01028,MANKIND,MANKIND.NS
INE089A01031,DRREDDY,DRREDDY.NS
INE406A01037,AUROPHARMA,AUROPHARMA.NS
INE027H01010,MAXHEALTH,MAXHEALTH.NS
INE459N01021,MANIPALHOS,MANIPALHOS.NS
INE388Y01029,NYKAA,NYKAA.NS
INE465A01025,BHARATFORG,BHARATFORG.NS
INE102D01028,GODREJCP,GODREJCP.NS
INE262H01021,PERSISTENT,PERSISTENT.NS
INE591G01025,COFORGE,COFORGE.NS
INE935N01020,DIXON,DIXON.NS
INE070A01015,SHREECEM,SHREECEM.NS
INE663F01032,NAUKRI,NAUKRI.NS
INE417T01026,POLICYBZR,POLICYBZR.NS
INE171A01029,FEDERALBNK,FEDERALBNK.NS
INE020B01018,RECLTD,RECLTD.NS
INE745G01043,MCX,MCX.NS
INE114A01011,SAIL,SAIL.NS
INE949L01017,AUBANK,AUBANK.NS
INE274J01014,OIL,OIL.NS
INE498L01015,LTF,LTF.NS
INE095A01012,INDUSINDBK,INDUSINDBK.NS
INE880J01026,JSWINFRA,JSWINFRA.NS
INE848E01016,NHPC,NHPC.NS
INE00H001014,SWIGGY,SWIGGY.NS
INE094A01015,HINDPETRO,HINDPETRO.NS
INE377N01017,WAAREEENER,WAAREEENER.NS
INE647A01010,SRF,SRF.NS
INE765G01017,ICICIGI,ICICIGI.NS
INE0ONG01011,NTPCGREEN,NTPCGREEN.NS
INE343G01021,BHARTIHEXA,BHARTIHEXA.NS
INE092T01019,IDFCFIRSTB,IDFCFIRSTB.NS
INE584A01023,NMDC,NMDC.NS
INE298J01013,NAM-INDIA,NAM-INDIA.NS
INE372A01015,APARINDS,APARINDS.NS
INE176B01034,HAVELLS,HAVELLS.NS
INE405E01023,UNOMINDA,UNOMINDA.NS
INE726G01019,ICICIPRULI,ICICIPRULI.NS
INE528G01035,YESBANK,YESBANK.NS
INE211B01039,PHOENIXLTD,PHOENIXLTD.NS
INE377Y01014,BAJAJHFL,BAJAJHFL.NS
INE935A01035,GLENMARK,GLENMARK.NS
INE139A01034,NATIONALUM,NATIONALUM.NS
INE914M01019,ASTERDM,ASTERDM.NS
INE811K01011,PRESTIGE,PRESTIGE.NS
INE191B01025,WELCORP,WELCORP.NS
INE061F01013,FORTIS,FORTIS.NS
INE093I01010,OBEROIRLTY,OBEROIRLTY.NS
INE016A01026,DABUR,DABUR.NS
INE399L01023,ATGL,ATGL.NS
INE457A01014,MAHABANK,MAHABANK.NS
INE084A01016,BANKINDIA,BANKINDIA.NS
INE813H01021,TORNTPOWER,TORNTPOWER.NS
INE376G01013,BIOCON,BIOCON.NS
INE565A01014,IOB,IOB.NS
INE976G01028,RBLBANK,RBLBANK.NS
INE481Y01014,GICRE,GICRE.NS
INE0LEZ01016,ATHERENERG,ATHERENERG.NS
INE018E01016,SBICARD,SBICARD.NS
INE702C01027,APLAPOLLO,APLAPOLLO.NS
INE338I01027,MOTILALOFS,MOTILALOFS.NS
INE040H01021,SUZLON,SUZLON.NS
INE540L01014,ALKEM,ALKEM.NS
INE303R01014,KALYANKJIL,KALYANKJIL.NS
INE513A01022,SCHAEFFLER,SCHAEFFLER.NS
INE220G01021,JSL,JSL.NS
INE944F01028,RADICO,RADICO.NS
INE484J01027,GODREJPROP,GODREJPROP.NS
INE169A01031,COROMANDEL,COROMANDEL.NS
INE756I01012,HDBFS,HDBFS.NS
INE463A01038,BERGEPAINT,BERGEPAINT.NS
INE358A01014,ABBOTINDIA,ABBOTINDIA.NS
INE883A01011,MRF,MRF.NS
INE473A01011,LINDEINDIA,LINDEINDIA.NS
INE180A01020,MFSL,MFSL.NS
INE202B01038,PIRAMALFIN,PIRAMALFIN.NS
INE0CZ201020,ANTHEM,ANTHEM.NS
INE974X01010,TIINDIA,TIINDIA.NS
INE774D01024,M&MFIN,M&MFIN.NS
INE188A01015,FACT,FACT.NS
INE660A01013,SUNDARMFIN,SUNDARMFIN.NS
INE531E01026,HINDCOPPER,HINDCOPPER.NS
INE159A01016,GLAXO,GLAXO.NS
INE151A01013,TATACOMM,TATACOMM.NS
INE09N301011,FLUOROCHEM,FLUOROCHEM.NS
INE571A01038,IPCALAB,IPCALAB.NS
INE259A01022,COLPAL,COLPAL.NS
INE01EA01019,VMM,VMM.NS
INE073K01018,SONACOMS,SONACOMS.NS
INE628A01036,UPL,UPL.NS
INE068V01023,GLAND,GLAND.NS
INE084101034,INDOMIM,INDOMIM.NS
INE878B01027,KEI,KEI.NS
INE466L01038,360ONE,360ONE.NS
INE356A01018,MPHASIS,MPHASIS.NS
INE171Z01026,BDL,BDL.NS
INE0BS701011,PREMIERENE,PREMIERENE.NS
INE208C01025,AEGISLOG,AEGISLOG.NS
INE415G01027,RVNL,RVNL.NS
INE787D01026,BALKRISIND,BALKRISIND.NS
INE206F01022,AIIL,AIIL.NS
INE195A01028,SUPREMEIND,SUPREMEIND.NS
INE048G01026,NAVINFLUOR,NAVINFLUOR.NS
INE819V01029,CPPLUS,CPPLUS.NS
INE152A01029,THERMAX,THERMAX.NS
INE031B01049,AJANTPHARM,AJANTPHARM.NS
INE347G01014,PETRONET,PETRONET.NS
INE511C01022,POONAWALLA,POONAWALLA.NS
INE930H01031,KPRMILL,KPRMILL.NS
INE761H01022,PAGEIND,PAGEIND.NS
INE006I01046,ASTRAL,ASTRAL.NS
INE474Q01031,MEDANTA,MEDANTA.NS
INE212H01026,AIAENG,AIAENG.NS
INE704P01025,COCHINSHIP,COCHINSHIP.NS
INE823G01014,JKCEMENT,JKCEMENT.NS
INE233A01035,GODREJIND,GODREJIND.NS
INE913H01037,ENDURANCE,ENDURANCE.NS
INE226A01021,VOLTAS,VOLTAS.NS
INE111A01025,CONCOR,CONCOR.NS
INE089C01029,STLTECH,STLTECH.NS
INE335Y01020,IRCTC,IRCTC.NS
INE509F01029,CUPID,CUPID.NS
INE410P01011,NH,NH.NS
INE470Y01017,NIACL,NIACL.NS
INE589A01014,NLCINDIA,NLCINDIA.NS
INE603J01030,PIIND,PIIND.NS
INE619A01035,PATANJALI,PATANJALI.NS
INE010V01017,LTTS,LTTS.NS
INE470A01017,3MINDIA,3MINDIA.NS
INE463V01026,ANANDRATHI,ANANDRATHI.NS
INE0LP301011,PWL,PWL.NS
INE168P01015,EMCURE,EMCURE.NS
INE031A01017,HUDCO,HUDCO.NS
INE302A01020,EXIDEIND,EXIDEIND.NS
INE596F01018,PTCIL,PTCIL.NS
INE548A01028,HFCL,HFCL.NS
INE007A01025,CRISIL,CRISIL.NS
INE148O01028,DELHIVERY,DELHIVERY.NS
INE049B01025,WOCKPHARMA,WOCKPHARMA.NS
INE019C01026,HSCL,HSCL.NS
INE686F01025,UBL,UBL.NS
INE036D01028,KARURVYSYA,KARURVYSYA.NS
INE570L01029,SAILIFE,SAILIFE.NS
INE379A01028,ITCHOTELS,ITCHOTELS.NS
INE531F01023,NUVAMA,NUVAMA.NS
INE042A01014,ESCORTS,ESCORTS.NS
INE01NH01023,DHOOTTRANS,DHOOTTRANS.NS
INE00R701025,DALBHARAT,DALBHARAT.NS
INE575P01011,STARHEALTH,STARHEALTH.NS
INE142M01025,TATATECH,TATATECH.NS
INE093A01041,HEXT,HEXT.NS
INE967H01025,KIMS,KIMS.NS
INE672A01026,TATAINVEST,TATAINVEST.NS
INE146L01010,KIRLOSENG,KIRLOSENG.NS
INE260B01028,GODFRYPHLP,GODFRYPHLP.NS
INE202E01016,IREDA,IREDA.NS
INE797F01020,JUBLFOOD,JUBLFOOD.NS
INE671A01010,HONAUT,HONAUT.NS
INE0INX01018,AEGISVOPAK,AEGISVOPAK.NS
INE600L01024,LALPATHLAB,LALPATHLAB.NS
INE691A01018,UCOBANK,UCOBANK.NS
INE115A01026,LICHSGFIN,LICHSGFIN.NS
INE0NT901020,NETWEB,NETWEB.NS
INE404A01024,ABSLAMC,ABSLAMC.NS
INE103A01014,MRPL,MRPL.NS
INE472A01039,BLUESTARCO,BLUESTARCO.NS
INE572E01012,PNBHOUSING,PNBHOUSING.NS
INE115Q01022,IKS,IKS.NS
INE00LO01017,CRAFTSMAN,CRAFTSMAN.NS
INE810G01011,SHYAMMETL,SHYAMMETL.NS
INE622W01025,ACMESOLAR,ACMESOLAR.NS
INE839M01018,SCHNEIDER,SCHNEIDER.NS
INE506V01022,RUBICON,RUBICON.NS
INE736A01011,CDSL,CDSL.NS
INE794A01010,NEULANDLAB,NEULANDLAB.NS
INE342J01019,ZFCVINDIA,ZFCVINDIA.NS
INE891D01026,REDINGTON,REDINGTON.NS
INE382Z01011,GRSE,GRSE.NS
INE522D01027,MANAPPURAM,MANAPPURAM.NS
INE149A01033,CHOLAHLDNG,CHOLAHLDNG.NS
INE0DK501011,PPLPHARMA,PPLPHARMA.NS
INE483A01010,CENTRALBK,CENTRALBK.NS
INE0DYJ01015,SYRMA,SYRMA.NS
INE0CAZ01013,URBANCO,URBANCO.NS
INE777K01022,RRKABEL,RRKABEL.NS
INE530B01024,IIFL,IIFL.NS
INE732I01021,ANGELONE,ANGELONE.NS
INE039A01010,IFCI,IFCI.NS
INE438A01022,APOLLOTYRE,APOLLOTYRE.NS
INE105A01035,TVSHLTD,TVSHLTD.NS
INE180C01042,CGCL,CGCL.NS
INE545U01014,BANDHANBNK,BANDHANBNK.NS
INE371P01015,AMBER,AMBER.NS
INE248A01017,ITI,ITI.NS
INE473B01035,HATSUN,HATSUN.NS
INE00FF01025,ACUTAAS,ACUTAAS.NS
INE0IX101010,DATAPATTNS,DATAPATTNS.NS
INE002L01015,SJVN,SJVN.NS
INE387A01021,SUNDRMFAST,SUNDRMFAST.NS
INE317I01021,METROBRAND,METROBRAND.NS
INE179A01014,PGHH,PGHH.NS
INE844O01030,GUJENERGY,GUJENERGY.NS
INE258G01013,SUMICHEM,SUMICHEM.NS
INE439A01020,ASAHIINDIA,ASAHIINDIA.NS
INE699H01024,AWL,AWL.NS
INE0FS801015,MSUMI,MSUMI.NS
INE918Z01012,KAYNES,KAYNES.NS
INE012A01025,ACC,ACC.NS
INE220B01022,KPIL,KPIL.NS
INE524A01029,GABRIEL,GABRIEL.NS
INE367G01038,PFOCUS,PFOCUS.NS
INE322A01010,GILLETTE,GILLETTE.NS
INE03JT01014,GODIGIT,GODIGIT.NS
INE821I01022,IRB,IRB.NS
INE953O01021,SANSERA,SANSERA.NS
INE325A01013,TIMKEN,TIMKEN.NS
INE491A01021,CUB,CUB.NS
INE095N01031,NBCC,NBCC.NS
INE288B01029,DEEPAKNTR,DEEPAKNTR.NS
INE880L01014,KIOCL,KIOCL.NS
INE741K01010,CREDITACC,CREDITACC.NS
INE419M01035,TDPOWERSYS,TDPOWERSYS.NS
INE451A01017,FORCEMOT,FORCEMOT.NS
INE894V01022,BELRISE,BELRISE.NS
INE980O01024,JYOTICNC,JYOTICNC.NS
INE00WC01027,AFFLE,AFFLE.NS
INE791I01019,BRIGADE,BRIGADE.NS
INE1C6T01020,EMMVEE,EMMVEE.NS
INE242C01024,ANANTRAJ,ANANTRAJ.NS
INE686A01026,CEMPRO,CEMPRO.NS
INE670A01012,TATAELXSI,TATAELXSI.NS
INE203G01027,IGL,IGL.NS
INE864I01014,MTARTECH,MTARTECH.NS
INE0W2G01015,SAGILITY,SAGILITY.NS
INE536A01023,GRINDWELL,GRINDWELL.NS
INE178A01016,CHENNPETRO,CHENNPETRO.NS
INE0BWX01014,AETHER,AETHER.NS
INE120A01034,CARBORUNIV,CARBORUNIV.NS
INE475E01026,CAPLIPOINT,CAPLIPOINT.NS
INE883F01010,AADHARHFC,AADHARHFC.NS
INE330T01021,HAPPYFORGE,HAPPYFORGE.NS
INE182A01018,PFIZER,PFIZER.NS
INE526E01018,SHRIPISTON,SHRIPISTON.NS
INE101D01020,GRANULES,GRANULES.NS
INE331A01037,RAMCOCEM,RAMCOCEM.NS
INE19RI01016,TENNIND,TENNIND.NS
INE616N01034,INOXINDIA,INOXINDIA.NS
INE285A01027,ELGIEQUIP,ELGIEQUIP.NS
INE269B01029,LMW,LMW.NS
INE192B01031,WELSPUNLIV,WELSPUNLIV.NS
INE989C01038,DIACABS,DIACABS.NS
INE217B01036,KAJARIACER,KAJARIACER.NS
INE427F01016,CHALET,CHALET.NS
INE017A01032,GESHIP,GESHIP.NS
INE324A01032,JINDALSAW,JINDALSAW.NS
INE00IT01020,MILKYMIST,MILKYMIST.NS
INE486A01021,CESC,CESC.NS
INE292B01021,HBLENGINE,HBLENGINE.NS
INE15B701018,PINELABS,PINELABS.NS
INE703B01027,RATNAMANI,RATNAMANI.NS
INE790G01031,SHILPAMED,SHILPAMED.NS
INE172A01027,CASTROLIND,CASTROLIND.NS
INE100A01010,ATUL,ATUL.NS
INE235A01022,FINCABLES,FINCABLES.NS
INE596I01020,CAMS,CAMS.NS
INE424H01027,SUNTV,SUNTV.NS
INE0AQ201015,THELEELA,THELEELA.NS
INE684F01012,FSL,FSL.NS
INE148I01020,SAMMAANCAP,SAMMAANCAP.NS
INE152M01016,TRITURBINE,TRITURBINE.NS
INE673O01025,TBOTEK,TBOTEK.NS
INE406M01024,ERIS,ERIS.NS
INE230A01023,EIHOTEL,EIHOTEL.NS
INE02IJ01035,AZAD,AZAD.NS
INE462A01022,BAYERCROP,BAYERCROP.NS
INE738I01010,ECLERX,ECLERX.NS
INE385C01021,SARDAEN,SARDAEN.NS
INE131A01031,GMDCLTD,GMDCLTD.NS
INE769A01020,AARTIIND,AARTIIND.NS
INE0LXG01040,OLAELEC,OLAELEC.NS
INE013P01021,ONESOURCE,ONESOURCE.NS
INE03QK01018,COHANCE,COHANCE.NS
INE05HV01027,CMPDI,CMPDI.NS
INE203A01020,ASTRAZEN,ASTRAZEN.NS
INE825A01020,VTL,VTL.NS
INE205C01021,POLYMED,POLYMED.NS
INE501A01019,DEEPAKFERT,DEEPAKFERT.NS
INE872J01023,DEVYANI,DEVYANI.NS
INE0K9O01026,LALITHAA,LALITHAA.NS
INE258A01024,BEML,BEML.NS
INE103V01028,TRAVELFOOD,TRAVELFOOD.NS
INE552Z01027,ABDL,ABDL.NS
INE102B01014,CHOICEIN,CHOICEIN.NS
INE768C01028,ZYDUSWELL,ZYDUSWELL.NS
INE718I01012,JSWCEMENT,JSWCEMENT.NS
INE842C01021,MINDACORP,MINDACORP.NS
INE085A01013,CHAMBLFERT,CHAMBLFERT.NS
INE03Q201024,ALIVUS,ALIVUS.NS
INE373A01013,BASF,BASF.NS
INE348B01021,CENTURYPLY,CENTURYPLY.NS
INE085J01014,THANGAMAYL,THANGAMAYL.NS
INE168A01041,J&KBANK,J&KBANK.NS
INE608A01012,PSB,PSB.NS
INE291A01017,GRWRHITECH,GRWRHITECH.NS
INE386C01029,ASTRAMICRO,ASTRAMICRO.NS
INE088F01024,PARADEEP,PARADEEP.NS
INE943P01029,AGARWALEYE,AGARWALEYE.NS
INE251B01027,ZENTEC,ZENTEC.NS
INE301O01023,NSDL,NSDL.BO
INE947N01017,AEQUS,AEQUS.NS
INE177H01039,GPIL,GPIL.NS
INE457L01029,PGEL,PGEL.NS
INE138Y01010,KFINTECH,KFINTECH.NS
INE548C01032,EMAMILTD,EMAMILTD.NS
INE398R01022,SYNGENE,SYNGENE.NS
INE092A01019,TATACHEM,TATACHEM.NS
INE499A01024,DCMSHRIRAM,DCMSHRIRAM.NS
INE685T01010,HORIZONIND,HORIZONIND.NS
INE901L01018,APLLTD,APLLTD.NS
INE725A01030,NAVA,NAVA.NS
INE647U01026,CLEANMAX,CLEANMAX.NS
INE885A01032,ARE&M,ARE&M.NS
INE686Y01026,FINEORG,FINEORG.NS
INE04I401011,KPITTECH,KPITTECH.NS
INE05XR01022,BHARATCOAL,BHARATCOAL.NS
INE531A01024,KANSAINER,KANSAINER.NS
INE510A01028,ENGINERSIN,ENGINERSIN.NS
INE228A01035,USHAMART,USHAMART.NS
INE288A01013,MAHSCOOTER,MAHSCOOTER.NS
INE818H01020,LTFOODS,LTFOODS.NS
INE128S01021,FIVESTAR,FIVESTAR.NS
INE043W01024,VIJAYA,VIJAYA.NS
INE0J5401028,HONASA,HONASA.NS
INE055A01016,ABREL,ABREL.NS
INE177A01018,INGERRAND,INGERRAND.NS
INE12UN01015,SHADOWFAX,SHADOWFAX.NS
INE05C901015,JNPR,JNPR.NS
INE151G01028,SHAILY,SHAILY.NS
INE034A01011,ARVIND,ARVIND.NS
INE0QPI01025,SUDEEPPHRM,SUDEEPPHRM.NS
INE299U01018,CROMPTON,CROMPTON.NS
INE01TY01017,CANHLIFE,CANHLIFE.NS
INE704J01044,VOGL,VOGL.NS
INE2J8701016,SKFINDUS,SKFINDUS.NS
INE987B01026,NATCOPHARM,NATCOPHARM.NS
INE338H01029,CONCORDBIO,CONCORDBIO.NS
INE995S01015,NIVABUPA,NIVABUPA.NS
INE750C01026,MARKSANS,MARKSANS.NS
INE927D01051,JBMA,JBMA.NS
INE732A01036,KIRLOSBROS,KIRLOSBROS.NS
INE421D01022,CCL,CCL.NS
INE668A01016,TMB,TMB.NS
INE700A01033,JUBLPHARMA,JUBLPHARMA.NS
INE961O01016,RAINBOW,RAINBOW.NS
INE0LCL01028,AVALON,AVALON.NS
INE951I01027,VGUARD,VGUARD.NS
INE00E101023,BIKAJI,BIKAJI.NS
INE536H01010,CIEINDIA,CIEINDIA.NS
INE119A01028,BALRAMCHIN,BALRAMCHIN.NS
INE290S01011,CARTRADE,CARTRADE.NS
INE133A01011,JSWDULUX,JSWDULUX.NS
INE663A01033,SPLPETRO,SPLPETRO.NS
INE065X01017,INDGN,INDGN.NS
INE933B01012,SIGMAADV,SIGMAADV.NS
INE0Z4F01028,ATLANTAELE,ATLANTAELE.NS
INE825V01034,MANYAVAR,MANYAVAR.NS
INE371A01025,GRAPHITE,GRAPHITE.NS
INE212S01015,FRACTAL,FRACTAL.NS
INE418L01047,NAZARA,NAZARA.NS
INE999A01023,KSB,KSB.NS
INE930P01018,ANURAS,ANURAS.NS
INE545A01024,HEG,HEG.NS
INE0Q9301021,IGIL,IGIL.NS
INE126A01031,EIDPARRY,EIDPARRY.NS
INE713T01028,APOLLO,APOLLO.NS
INE00F201020,PRUDENT,PRUDENT.NS
INE297H01019,GALLANTT,GALLANTT.NS
INE1CLE01013,VISL,VISL.NS
INE109A01011,SCI,SCI.NS
INE781S01027,VENTIVE,VENTIVE.NS
INE410B01037,VINATIORGA,VINATIORGA.NS
INE671H01015,SOBHA,SOBHA.NS
INE0NNS01018,NSLNISP,NSLNISP.NS
INE482A01020,CEATLTD,CEATLTD.NS
INE321T01012,DOMS,DOMS.NS
INE731H01025,ACE,ACE.NS
INE869T01028,MOLBIO,MOLBIO.NS
INE694L01019,VEDPOWER,VEDPOWER.NS
INE872H01027,LUMAXTECH,LUMAXTECH.NS
INE542F01020,SWANDEF,SWANDEF.NS
INE133E01013,TI,TI.NS
INE12UR01024,UTLSOLAR,UTLSOLAR.NS
INE959A01019,PRIVISCL,PRIVISCL.NS
INE852O01025,APTUS,APTUS.NS
INE532F01054,EDELWEISS,EDELWEISS.NS
INE304W01038,BLUESTONE,BLUESTONE.NS
INE614B01018,KTKBANK,KTKBANK.NS
INE066P01011,INOXWIND,INOXWIND.NS
INE02ZQ01018,CORONA,CORONA.NS
INE824G01012,JSWHL,JSWHL.NS
INE399G01023,RKFORGE,RKFORGE.NS
INE481N01025,HOMEFIRST,HOMEFIRST.NS
INE676A01027,BBOX,BBOX.NS
INE780C01023,JMFINANCIL,JMFINANCIL.NS
INE665L01035,VARROC,VARROC.NS
INE00VM01036,MANORAMA,MANORAMA.NS
INE118D01016,NUVOCO,NUVOCO.NS
INE551W01018,UJJIVANSFB,UJJIVANSFB.NS
INE956G01038,WABAG,WABAG.NS
INE602A01031,PCBL,PCBL.NS
INE00XB01019,SEDEMAC,SEDEMAC.NS
INE850D01014,GODREJAGRO,GODREJAGRO.NS
INE683A01023,SOUTHBANK,SOUTHBANK.NS
INE255Z01027,E2E,E2E.NS
INE119201023,PARKHOSPS,PARKHOSPS.NS
INE064C01022,TRIDENT,TRIDENT.NS
INE024L01027,GRAVITA,GRAVITA.NS
INE136B01020,CYIENT,CYIENT.NS
INE112L01020,METROPOLIS,METROPOLIS.NS
INE491J01022,ASKAUTOLTD,ASKAUTOLTD.NS
INE121R01077,AMAGI,AMAGI.NS
INE093R01011,LLOYDSENGG,LLOYDSENGG.NS
INE01IU01018,SKYGOLD,SKYGOLD.NS
INE09XN01023,AKUMS,AKUMS.NS
INE191H01014,PVRINOX,PVRINOX.NS
INE233B01017,BLUEDART,BLUEDART.NS
INE615H01020,TITAGARH,TITAGARH.NS
INE807F01027,VIYASH,VIYASH.NS
INE011K01018,TEGA,TEGA.NS
INE0SII01026,QPOWER,QPOWER.NS
INE785M01021,PCJEWELLER,PCJEWELLER.NS
INE540H01012,VOLTAMP,VOLTAMP.NS
INE713N01013,RRP,504346.BO
INE045601023,PARAS,PARAS.NS
INE285K01026,TECHNOE,TECHNOE.NS
INE094J01016,UTIAMC,UTIAMC.NS
INE625G01013,WELENT,WELENT.NS
INE383A01012,INDIACEM,INDIACEM.NS
INE962Y01021,IRCON,IRCON.NS
INE080I01025,LLOYDSENT,LLOYDSENT.NS
INE903U01023,SIGNATURE,SIGNATURE.NS
INE351F01018,JPPOWER,JPPOWER.NS
INE423Y01016,SBFC,SBFC.NS
INE1B6101010,SHREEJISPG,SHREEJISPG.NS
INE010J01012,TEJASNET,TEJASNET.NS
INE871C01038,AVANTIFEED,AVANTIFEED.NS
INE389H01022,KEC,KEC.NS
INE0BY001018,JUBLINGREA,JUBLINGREA.NS
INE002S01010,MGL,MGL.NS
INE101I01011,AFCONS,AFCONS.NS
INE489L01022,IIFLCAPS,IIFLCAPS.NS
INE477A01020,CANFINHOME,CANFINHOME.NS
INE495B01038,SUVEN,SUVEN.NS
INE0UIZ01018,BLACKBUCK,BLACKBUCK.NS
INE022Q01020,IEX,IEX.NS
INE573A01042,JKTYRE,JKTYRE.NS
INE940H01022,PGIL,PGIL.NS
INE14LE01019,ABLBL,ABLBL.NS
INE520A01027,ZENSARTECH,ZENSARTECH.NS
INE075I01017,HCG,HCG.NS
INE050A01025,BBTC,BBTC.NS
INE209L01016,JWL,JWL.NS
INE385F01024,SGMART,SGMART.NS
INE933S01016,INDIAMART,INDIAMART.NS
INE320J01015,RITES,RITES.NS
INE716A01013,WHIRLPOOL,WHIRLPOOL.NS
INE216P01012,AAVAS,AAVAS.NS
INE150B01039,ALKYLAMINE,ALKYLAMINE.NS
INE717A01029,KENNAMET,KENNAMET.NS
INE955D01029,GENUSPOWER,GENUSPOWER.NS
INE260D01016,OLECTRA,OLECTRA.NS
INE0CLI01024,RATEGAIN,RATEGAIN.NS
INE2KCE01013,KWIL,KWIL.NS
INE0FOO01011,SHIPROCKET,SHIPROCKET.NS
INE0KBH01020,BLUEJET,BLUEJET.NS
INE811A01038,KIRLPNU,KIRLPNU.NS
INE183A01024,FINPIPE,FINPIPE.NS
INE153T01027,BLS,BLS.NS
INE0Q3J01015,KRN,KRN.NS
INE939A01011,STAR,STAR.NS
INE659A01023,SUDARSCHEM,SUDARSCHEM.NS
INE205B01031,ELECON,ELECON.NS
INE280B01018,ELANTAS,500123.BO
INE0UOS01011,SANOFICONR,SANOFICONR.NS
INE001B01026,KRBL,KRBL.NS
INE306R01017,INTELLECT,INTELLECT.NS
INE123F01029,MMTC,MMTC.NS
INE149K01016,SANDUMA,SANDUMA.NS
INE0YD401026,JAINREC,JAINREC.NS
INE0JO301016,YATHARTH,YATHARTH.NS
INE979A01025,SAREGAMA,SAREGAMA.NS
INE0V9Q01010,LOTUSDEV,LOTUSDEV.NS
INE02RE01045,FIRSTCRY,FIRSTCRY.NS
INE868B01028,NCC,NCC.NS
INE199A01012,PGHL,PGHL.NS
INE682M01020,JLHL,JLHL.NS
INE284A01012,ESABINDIA,ESABINDIA.NS
INE726V01018,PRICOLLTD,PRICOLLTD.NS
INE508G01029,TIMETECHNO,TIMETECHNO.NS
INE085001019,WEWORK,WEWORK.NS
INE271B01025,MAHSEAMLES,MAHSEAMLES.NS
INE594H01019,THYROCARE,THYROCARE.NS
INE0DRI01029,ESDS,ESDS.NS
INE614G01033,RPOWER,RPOWER.NS
INE294B01019,SMLMAH,SMLMAH.NS
INE763I01026,TARIL,TARIL.NS
INE202Z01029,TSFINV,TSFINV.NS
INE299N01021,WAAREERTL,WAAREERTL.NS
INE953R01016,PNGJL,PNGJL.NS
INE213C01025,BANCOINDIA,BANCOINDIA.NS
INE483B01026,ICIL,ICIL.NS
INE227W01023,CLEAN,CLEAN.NS
INE03EI01018,MAXESTATES,MAXESTATES.NS
INE621H01010,RELIGARE,RELIGARE.NS
INE665A01038,SWANCORP,SWANCORP.NS
INE256A01028,ZEEL,ZEEL.NS
INE113A01013,GNFC,GNFC.NS
INE0DD101019,RAILTEL,RAILTEL.NS
INE176A01028,BATAINDIA,BATAINDIA.NS
INE854B01010,JAYNECOIND,JAYNECOIND.NS
INE372C01037,PRECWIRE,PRECWIRE.NS
INE131B01039,RELAXO,RELAXO.NS
INE386A01023,VESUVIUS,VESUVIUS.NS
INE201P01022,GRINFRA,GRINFRA.NS
INE063P01018,EQUITASBNK,EQUITASBNK.NS
INE970X01018,LEMONTREE,LEMONTREE.NS
INE716B01029,TIPSMUSIC,TIPSMUSIC.NS
INE912T01018,RPEL,RPEL.NS
INE274F01020,WESTLIFE,WESTLIFE.NS
INE16W401027,AUGMONT,AUGMONT.NS
INE0KCE01017,EUREKAFORB,EUREKAFORB.NS
INE050E01027,BALAMINES,BALAMINES.NS
INE0M4D01010,SETL,SETL.NS
INE16NZ01023,ORKLAINDIA,ORKLAINDIA.NS
INE804L01022,MEDPLUS,MEDPLUS.NS
INE836A01035,BSOFT,BSOFT.NS
INE262A01018,HMT,HMT.NS
INE473D01015,KINGFA,KINGFA.NS
INE069I01010,EMBDL,EMBDL.NS
INE269A01021,SONATSOFTW,SONATSOFTW.NS
INE010601016,ENTERO,ENTERO.NS
INE276A01018,GARFIBRES,GARFIBRES.NS
INE255A01020,EPL,EPL.NS
INE221B01012,DYNAMATECH,DYNAMATECH.NS
INE945H01021,V2RETAIL,V2RETAIL.NS
INE099Z01011,MIDHANI,MIDHANI.NS
INE738D01029,MRUTR,512065.BO
INE867C01010,ASMTEC,526433.BO
INE517F01014,GPPL,GPPL.NS
INE0LRU01027,AARTIPHARM,AARTIPHARM.NS
INE679V01027,AVL,AVL.NS
INE813A01018,MAHLIFE,MAHLIFE.NS
INE690A01028,TTKPRESTIG,TTKPRESTIG.NS
INE036B01030,GAEL,GAEL.NS
INE0CJD01029,KMEW,KMEW.NS
INE460H01021,STARCEMENT,STARCEMENT.NS
INE640A01023,SKFINDIA,SKFINDIA.NS
INE600K01018,GALAXYSURF,GALAXYSURF.NS
INE743M01012,RHIM,RHIM.NS
INE0U3I01011,UNIMECH,UNIMECH.NS
INE884B01025,KIRLFER,KIRLFER.NS
INE0LMW01024,CELLO,CELLO.NS
INE411F01010,KAMAHOLD,532468.BO
INE429E01023,SAFARI,SAFARI.NS
INE0LZF01039,CORDELIA,CORDELIA.NS
INE619B01017,NEWGEN,NEWGEN.NS
INE04TZ01018,ETHOSLTD,ETHOSLTD.NS
INE739E01017,CERA,CERA.NS
INE254N01026,HNDFDS,HNDFDS.NS
INE0CU601026,GMRP&UI,GMRP&UI.NS
INE668F01031,JYOTHYLAB,JYOTHYLAB.NS
INE284S01014,SJS,SJS.NS
INE317F01035,NESCO,NESCO.NS
INE922K01024,INDIASHLTR,INDIASHLTR.NS
INE517B01013,TTML,TTML.NS
INE987S01020,KSHINTL,KSHINTL.NS
INE789E01012,JKPAPER,JKPAPER.NS
INE0HV901016,IXIGO,IXIGO.NS
INE666D01022,BORORENEW,BORORENEW.NS
INE806T01020,SAPPHIRE,SAPPHIRE.NS
INE211R01019,POWERMECH,POWERMECH.NS
INE555B01013,AXISCADES,AXISCADES.NS
INE900L01028,MBAPL,MBAPL.NS
INE058A01010,SANOFI,SANOFI.NS
INE855B01025,RAIN,RAIN.NS
INE545H01011,TIIL,TIIL.NS
INE416D01022,BLISSGVS,BLISSGVS.NS
INE083K01017,BENGALASM,533095.BO
INE024001021,AEROFLEX,AEROFLEX.NS
INE503A01015,DCBBANK,DCBBANK.NS
INE916U01025,SFL,SFL.NS
INE510W01014,INOXGREEN,INOXGREEN.NS
INE428V01029,NEPHROPLUS,NEPHROPLUS.NS
INE011E01029,BALUFORGE,BALUFORGE.NS
INE919H01018,IMFA,IMFA.NS
INE495P01020,BECTORFOOD,BECTORFOOD.NS
INE221J01015,SHARDACROP,SHARDACROP.NS
INE899I01028,SYMBIOTEC,SYMBIOTEC.NS
INE07T201019,RBA,RBA.NS
INE483C01032,TANLA,TANLA.NS
INE07RO01027,SUPRIYA,SUPRIYA.NS
INE18JU01028,EBGNG,EBGNG.NS
INE340A01012,BIRLACORPN,BIRLACORPN.NS
INE278Y01022,CAMPUS,CAMPUS.NS
INE314T01033,GOKULAGRO,GOKULAGRO.NS
INE055S01018,CYIENTDLM,CYIENTDLM.NS
INE064A01026,TIMEX,500414.BO
INE933K01021,BAJAJCON,BAJAJCON.NS
INE420C01059,PAISALO,PAISALO.NS
INE0DUT01020,INNOVACAP,INNOVACAP.NS
INE02YR01019,EMIL,EMIL.NS
INE439E01022,SKIPPER,SKIPPER.NS
INE688A01022,TCI,TCI.NS
INE274Y01021,AJAXENGG,AJAXENGG.NS
INE0LXT01019,REDTAPE,REDTAPE.NS
INE921L01032,POWERICA,POWERICA.NS
INE305A01023,TFCILTD,TFCILTD.NS
INE177F01017,KOVAI,523323.BO
INE00GO01025,LEAPIND,LEAPIND.NS
INE0RB801010,SENORES,SENORES.NS
INE399C01030,SUPRAJIT,SUPRAJIT.NS
INE665J01013,VMART,VMART.NS
INE917M01012,DBL,DBL.NS
INE0UH301010,OMNI,OMNI.NS
INE026A01025,GSFC,GSFC.NS
INE232I01014,SPARC,SPARC.NS
INE647O01011,ABFRL,ABFRL.NS
INE386D01027,SBCL,SBCL.NS
INE639B01023,TANFACIND,506854.BO
INE021O01019,DODLA,DODLA.NS
INE0J5801029,JSLL,JSLL.NS
INE786A01032,JKLAKSHMI,JKLAKSHMI.NS
INE091G01026,JAIBALAJI,JAIBALAJI.NS
INE027A01015,RCF,RCF.NS
INE460C01014,GANESHHOU,GANESHHOU.NS
INE083A01026,MOREPENLAB,MOREPENLAB.NS
INE128X01021,ACI,ACI.NS
INE04VU01023,STYL,STYL.NS
INE0AG901020,CEIGALL,CEIGALL.NS
INE947A01014,SUNFLAG,SUNFLAG.NS
INE0NAZ01010,SMARTWORKS,SMARTWORKS.NS
INE544R01021,GREENLAM,GREENLAM.NS
INE074A01025,PRAJIND,PRAJIND.NS
INE0QJW01029,LCL,LCL.NS
INE078V01014,VIKRAMSOLR,VIKRAMSOLR.NS
INE285J01028,SIS,SIS.NS
INE256C01024,TRIVENI,TRIVENI.NS
INE546C01010,PICCADIL,PICCADIL.NS
INE542W01025,KPIGREEN,KPIGREEN.NS
INE007N01010,FEDFINA,FEDFINA.NS
INE549A01026,HCC,HCC.NS
INE570A01022,IONEXCHANG,IONEXCHANG.NS
INE045J01034,FCL,FCL.NS
INE0ISX01025,KUSUMGAR,KUSUMGAR.NS
INE126M01010,IBULLSLTD,IBULLSLTD.NS
INE01JE01028,MARINE,MARINE.NS
INE955V01021,ARVINDFASN,ARVINDFASN.NS
INE993A01026,MANINDS,MANINDS.NS
INE599M01018,JUSTDIAL,JUSTDIAL.NS
INE602W01027,SENCO,SENCO.NS
INE485C01029,IOLCP,IOLCP.NS
INE136S01016,NEOGEN,NEOGEN.NS
INE908D01010,SHAKTIPUMP,SHAKTIPUMP.NS
INE858B01029,ISGEC,ISGEC.NS
INE887G01027,GOKEX,GOKEX.NS
INE162B01018,LUMAXIND,LUMAXIND.NS
INE247D01039,JINDWORLD,JINDWORLD.NS
INE454P01035,TRANSRAILL,TRANSRAILL.NS
INE395N01027,TVSSCS,TVSSCS.NS
INE239C01020,STYLAMIND,STYLAMIND.NS
INE227J01012,KALPATARU,KALPATARU.NS
INE191A01027,ORCHPHARMA,ORCHPHARMA.NS
INE679A01013,CSBBANK,CSBBANK.NS
INE506W01020,KRISHANA,KRISHANA.NS
INE802C01033,SSWL,SSWL.NS
INE09VQ01012,INDIGOPNTS,INDIGOPNTS.NS
INE953L01027,JSFB,JSFB.NS
INE010A01011,PRSMJOHNSN,PRSMJOHNSN.NS
INE910A01012,NIRLON,500307.BO
INE258B01022,FDC,FDC.NS
INE879I01012,DBREALTY,DBREALTY.NS
INE320B01020,CENTUM,CENTUM.NS
INE0I7C01011,LATENTVIEW,LATENTVIEW.NS
INE353K01014,ITDC,ITDC.NS
INE694D01016,VADILALIND,VADILALIND.NS
INE759A01021,MASTEK,MASTEK.NS
INE737H01014,FIEMIND,FIEMIND.NS
INE483S01020,CCAVENUE,CCAVENUE.NS
INE12F801023,KISSHT,KISSHT.NS
INE323I01011,PURVA,PURVA.NS
INE0J1F01024,RPTECH,RPTECH.NS
INE279A01012,UNIVCABLES,UNIVCABLES.NS
INE337A01034,LGBBROSLTD,LGBBROSLTD.NS
INE13B501022,SAATVIKGL,SAATVIKGL.NS
INE419U01012,HAPPSTMNDS,HAPPSTMNDS.NS
INE942C01045,GUJTHEM,GUJTHEM.NS
INE348L01012,MASFIN,MASFIN.NS
INE0BV301023,MAPMYINDIA,MAPMYINDIA.NS
INE186A01019,GUJALKALI,GUJALKALI.NS
INE615P01015,QUESS,QUESS.NS
INE635Q01029,GULFOILLUB,GULFOILLUB.NS
INE559A01017,IFBIND,IFBIND.NS
INE025R01021,ARTEMISMED,ARTEMISMED.NS
INE348A01023,ASHAPURMIN,ASHAPURMIN.NS
INE071N01016,EPIGRAL,EPIGRAL.NS
INE332A01027,THOMASCOOK,THOMASCOOK.NS
INE752H01013,CARERATING,CARERATING.NS
INE207E01023,RAMRAT,RAMRAT.NS
INE306A01021,BAJAJHIND,BAJAJHIND.NS
INE366I01010,VRLLOG,VRLLOG.NS
INE025B01025,GOLDIAM,GOLDIAM.NS
INE086A01029,ELECTCAST,ELECTCAST.NS
INE255X01014,MSTCLTD,MSTCLTD.NS
INE541A01023,GMMPFAUDLR,GMMPFAUDLR.NS
INE490G01020,MOIL,MOIL.NS
INE350C01017,OPTIEMUS,OPTIEMUS.NS
INE087H01022,RENUKA,RENUKA.NS
INE035D01020,SOTL,SOTL.NS
INE111Q01021,PDSL,PDSL.NS
INE597I01028,SHARDAMOTR,SHARDAMOTR.NS
INE949H01023,MANINFRA,MANINFRA.NS
INE0FHS01024,DEEPINDS,DEEPINDS.NS
INE0E7301029,WAKEFIT,WAKEFIT.NS
INE218I01013,CRAMC,CRAMC.NS
INE00WV01027,CMRGREEN,CMRGREEN.NS
INE616Z01012,YASHO,YASHO.NS
INE841L01016,DEEDEV,DEEDEV.NS
INE782A01015,BOSCH-HCIL,BOSCH-HCIL.NS
INE301A01014,RAYMOND,RAYMOND.NS
INE0B9K01025,BANSALWIRE,BANSALWIRE.NS
INE519N01014,REMAGNET,526570.BO
INE850M01015,NORTHARC,NORTHARC.NS
INE516A01017,UFLEX,UFLEX.NS
INE696F01016,JUNIPER,JUNIPER.NS
INE039C01032,JAMNAAUTO,JAMNAAUTO.NS
INE291D01011,KDDL,KDDL.NS
INE417C01014,PILANIINVS,PILANIINVS.NS
INE576O01020,LXCHEM,LXCHEM.NS
INE631A01022,SHANTIGEAR,SHANTIGEAR.NS
INE459A01010,BANARISUG,BANARISUG.NS
INE415A01038,AGI,AGI.NS
INE270I01022,VISHNU,VISHNU.NS
INE263M01029,RUSTOMJEE,RUSTOMJEE.NS
INE519A01011,FOSECOIND,FOSECOIND.NS
INE621L01012,TEXRAIL,TEXRAIL.NS
INE127I01024,GOODLUCK,GOODLUCK.NS
INE725G01011,ICRA,ICRA.NS
INE335A01020,SURYAROSNI,SURYAROSNI.NS
INE195J01029,PNCINFRA,PNCINFRA.NS
INE0GXK01018,VMARCIND,VMARCIND.NS
INE236E01022,ELLEN,ELLEN.NS
INE645S01024,ROLEXRINGS,ROLEXRINGS.NS
INE1KZI01025,TEMPSENS,TEMPSENS.NS
INE024F01011,SHILCTECH,SHILCTECH.NS
INE287B01021,SUBROS,SUBROS.NS
INE877F01012,PTC,PTC.NS
INE501X01029,AYE,AYE.NS
INE497B01018,SEAMECLTD,SEAMECLTD.NS
INE435G01025,DHANUKA,DHANUKA.NS
INE224A01026,GREAVESCOT,GREAVESCOT.NS
INE943D01017,MPSLTD,MPSLTD.NS
INE618R01015,SGFIN,SGFIN.NS
INE365B01017,DATAMATICS,DATAMATICS.NS
INE105J01010,RPGLIFE,RPGLIFE.NS
INE742B01025,GUFICBIO,GUFICBIO.NS
INE054A01027,VIPIND,VIPIND.NS
INE979B01015,HAWKINCOOK,508486.BO
INE805D01034,SUNTECK,SUNTECK.NS
INE870H01013,NETWORK18,NETWORK18.NS
INE878A01011,GVPIL,GVPIL.NS
INE00M201021,SWSOLAR,SWSOLAR.NS
INE01QM01018,EMUDHRA,EMUDHRA.NS
INE0OJW01016,ROSSTECH,ROSSTECH.NS
INE349A01021,NRBBEARING,NRBBEARING.NS
INE765D01022,WPIL,505872.BO
INE277A01016,SWARAJENG,SWARAJENG.NS
INE976A01021,WSTCSTPAPR,WSTCSTPAPR.NS
INE0OXY01013,AFCOM,AFCOM.BO
INE0OC301013,TURTLEMINT,TURTLEMINT.NS
INE715A01015,WHEELS,WHEELS.NS
INE498B01024,SHOPERSTOP,SHOPERSTOP.NS
INE945F01025,DECNGOLD,512068.BO
INE835D01023,HIRECT,HIRECT.NS
INE998I01010,MHRIL,MHRIL.NS
INE896L01010,INDOSTAR,INDOSTAR.NS
INE17IR01028,LASERPOWER,LASERPOWER.NS
INE935B01025,MOSCHIP,MOSCHIP.NS
INE0JUS01029,HARSHA,HARSHA.NS
INE688D01026,RESPONIND,RESPONIND.NS
INE06ST01018,INDIQUBE,INDIQUBE.NS
INE005B01027,AVANTEL,AVANTEL.NS
INE907A01026,KSL,KSL.NS
INE450D01021,PITTIENG,PITTIENG.NS
INE613A01020,RALLIS,RALLIS.NS
INE515A01019,COCKERILL,500147.BO
INE02ID01020,RAYMONDLSL,RAYMONDLSL.NS
INE234A01025,NOVARTIND,500672.BO
INE111B01023,63MOONS,63MOONS.NS
INE766P01016,MAHLOG,MAHLOG.NS
INE539A01019,GHCL,GHCL.NS
INE758C01029,AHLUCONT,AHLUCONT.NS
INE421C01016,TVSSRICHAK,TVSSRICHAK.NS
INE225D01027,SYMPHONY,SYMPHONY.NS
INE399K01017,RTNPOWER,RTNPOWER.NS
INE244O01017,UNIPARTS,UNIPARTS.NS
INE731F01037,WELSPLSOL,500365.BO
INE767A01016,AARTIDRUGS,AARTIDRUGS.NS
INE0GK401011,TATVA,TATVA.NS
INE358U01012,ZOTA,ZOTA.NS
INE250A01039,KIRLOSIND,KIRLOSIND.NS
INE094I01018,KOLTEPATIL,KOLTEPATIL.NS
INE295D01020,NACLIND,NACLIND.NS
INE0ILV01024,CAPILLARY,CAPILLARY.NS
INE325D01025,SINDHUTRAD,SINDHUTRAD.NS
INE925R01014,CMSINFO,CMSINFO.NS
INE332H01014,INDOTECH,INDOTECH.NS
INE270A01029,ALOKINDS,ALOKINDS.NS
INE056I01025,REFEX,REFEX.NS
INE351A01035,UNICHEMLAB,UNICHEMLAB.NS
INE349Y01013,IDEAFORGE,IDEAFORGE.NS
INE758D01027,DHENUBUILD,501945.BO
INE052V01019,CIANAGRO,519477.BO
INE0JPD01013,SANATHAN,SANATHAN.NS
INE834M01019,RTNINDIA,RTNINDIA.NS
INE0XAD01024,MIDWESTLTD,MIDWESTLTD.NS
INE455I01029,KSCL,KSCL.NS
INE142Z01019,ORIENTELEC,ORIENTELEC.NS
INE193E01025,BAJAJELEC,BAJAJELEC.NS
INE132H01018,AURIONPRO,AURIONPRO.NS
INE461C01038,GREENPLY,GREENPLY.NS
INE989A01032,SANGHVIMOV,SANGHVIMOV.NS
INE12NJ01018,SAMBHV,SAMBHV.NS
INE753U01022,DIVGIITTS,DIVGIITTS.NS
INE278H01035,SANDHAR,SANDHAR.NS
INE0EK901012,TARC,TARC.NS
INE633B01018,POLYPLEX,POLYPLEX.NS
INE822C01015,TCPLPACK,TCPLPACK.NS
INE01EO01010,SPECTRUM,SPECTRUM.NS
INE932X01026,SHAREINDIA,SHAREINDIA.NS
INE576I01022,JKIL,JKIL.NS
INE567L01025,LORDSMARK,501261.BO
INE884A01027,VAIBHAVGBL,VAIBHAVGBL.NS
INE0MWH01014,TRUALT,TRUALT.NS
INE063E01061,POCL,POCL.NS
INE415I01015,KIRIINDUS,KIRIINDUS.NS
INE578A01017,HEIDELBERG,HEIDELBERG.NS
INE764D01017,VSTTILLERS,VSTTILLERS.NS
INE0S3G01027,PACEDIGITK,PACEDIGITK.NS
INE365D01021,ASHIANA,ASHIANA.NS
INE0AJG01018,HEMIPROP,HEMIPROP.NS
INE391J01032,JTLIND,JTLIND.NS
INE189B01011,STYRENIX,STYRENIX.NS
INE229H01012,NITINSPIN,NITINSPIN.NS
INE0FFK01017,NPST,NPST.NS
INE050H01012,RML,RML.NS
INE294Z01018,ANUP,ANUP.NS
INE863B01029,PREMEXPLN,PREMEXPLN.NS
INE495A01022,DALMIASUG,DALMIASUG.NS
INE978A01027,HERITGFOOD,HERITGFOOD.NS
INE710A01016,VSTIND,VSTIND.NS
INE150G01020,LUXIND,LUXIND.NS
INE1SY401010,RAYMONDREL,RAYMONDREL.NS
INE050M01012,VSSL,VSSL.NS
INE634I01029,KNRCON,KNRCON.NS
INE046W01019,MUTHOOTMF,MUTHOOTMF.NS
INE0LLY01014,EIEL,EIEL.NS
INE950I01011,DBCORP,DBCORP.NS
INE185Q01025,LUMINO,LUMINO.NS
INE812G01025,SMSPHARMA,SMSPHARMA.NS
INE488V01015,PSPPROJECT,PSPPROJECT.NS
INE976R01033,AGIIL,AGIIL.NS
INE870D01012,NFL,NFL.NS
INE816B01035,FILATEX,FILATEX.NS
INE414D01027,BHAGCHEM,BHAGCHEM.NS
INE08U801020,SAMHI,SAMHI.NS
INE552U01010,KPL,539997.BO
INE066O01014,WONDERLA,WONDERLA.NS
INE0JA001018,VENUSPIPES,VENUSPIPES.NS
INE03CC01015,JUBLCPL,JUBLCPL.NS
INE0RUV01018,AIMTRON,AIMTRON.NS
INE818A01017,ANTELOPUS,ANTELOPUS.NS
INE643A01035,JTEKTINDIA,JTEKTINDIA.NS
INE124E01038,STEELCAS,STEELCAS.NS
INE0L9R01028,GOPAL,GOPAL.NS
INE0I0M01023,PRABHA,PRABHA.NS
INE116A01032,APCOTEXIND,APCOTEXIND.NS
INE11XY01018,CMLL,CMLL.NS
INE139R01012,FUSION,FUSION.NS
INE837H01020,ADVENZYMES,ADVENZYMES.NS
INE549H01021,ARSSBL,ARSSBL.NS
INE482D01024,CARYSIL,CARYSIL.NS
INE442H01029,ASHOKA,ASHOKA.NS
INE707A01012,VINDHYATEL,VINDHYATEL.NS
INE855C01023,WEBELSOLAR,WEBELSOLAR.NS
INE440T01028,SEIL,539921.BO
INE266Y01019,DPABHUSHAN,DPABHUSHAN.NS
INE899L01030,UEL,UEL.NS
INE0L1C01019,KESAR,543542.BO
INE760L01018,TBZ,TBZ.NS
INE681B01017,INDRAMEDCO,INDRAMEDCO.NS
INE206N01018,RELTD,RELTD.NS
INE266D01021,GRAUWEIL,GRAUWEIL.NS
INE040D01038,MAYURUNIQ,MAYURUNIQ.NS
INE162A01010,GIPCL,GIPCL.NS
INE0BYP01024,OSWALPUMPS,OSWALPUMPS.NS
INE683C01011,MAITHANALL,MAITHANALL.NS
INE922A01025,BEPL,BEPL.NS
INE401H01017,KKCL,KKCL.NS
INE450U01017,ROUTE,ROUTE.NS
INE310A01015,NILKAMAL,NILKAMAL.NS
INE0Q8P01029,BONDADA,543971.BO
INE24OJ01011,BUILDPRO,BUILDPRO.NS
INE052A01021,WINDMACHIN,WINDMACHIN.NS
INE926X01010,HGINFRA,HGINFRA.NS
INE883N01014,PARAGMILK,PARAGMILK.NS
INE172N01012,IMAGICAA,IMAGICAA.NS
INE689W01016,PRINCEPIPE,PRINCEPIPE.NS
INE342G01023,NIITMTS,NIITMTS.NS
INE094B01013,ASHIKA,543766.BO
INE445C01015,XPROINDIA,XPROINDIA.NS
INE02PY01013,BOROLTD,BOROLTD.NS
INE915B01019,INDSWFTLAB,INDSWFTLAB.NS
INE314H01012,TECHNVISN,501421.BO
INE624Z01016,SOLARA,SOLARA.NS
INE202H01019,KERNEX,KERNEX.NS
INE01FR01028,STYLEBAAZA,STYLEBAAZA.NS
INE506A01018,DREDGECORP,DREDGECORP.NS
INE164A01016,BALMLAWRIE,BALMLAWRIE.NS
INE227C01017,MMFL,MMFL.NS
INE411H01032,RSYSTEMS,RSYSTEMS.NS
INE0V7W01012,CARRARO,CARRARO.NS
INE039O01029,JASH,JASH.NS
INE347A01017,MANGLMCEM,MANGLMCEM.NS
INE305C01029,PANAMAPET,PANAMAPET.NS
INE903D01011,MONARCH,MONARCH.NS
INE579B01039,ELPROINTL,504000.BO
INE182D01020,MARATHON,MARATHON.NS
INE034S01021,ARVSMART,ARVSMART.NS
INE197D01010,JINDALPOLY,JINDALPOLY.NS
INE023A01030,NSIL,NSIL.NS
INE045A01017,ADOR,ADOR.NS
INE885H01029,SPORTKING,SPORTKING.NS
INE982B01027,ADFFOODS,ADFFOODS.NS
INE495C01010,SANGAMIND,SANGAMIND.NS
INE0NLT01010,BLSE,BLSE.NS
INE060A01024,NAVNETEDUL,NAVNETEDUL.NS
INE713R01022,GSPCROP,GSPCROP.NS
INE163A01018,NOCIL,NOCIL.NS
INE615I01010,GLOBUSSPR,GLOBUSSPR.NS
INE0Q3R01026,SUNCLAY,SUNCLAY.NS
INE00M901018,INTERARCH,INTERARCH.NS
INE426A01027,ALEMBICLTD,ALEMBICLTD.NS
INE886D01026,EFCIL,EFCIL.NS
INE0N2P01017,RISHABH,RISHABH.NS
INE231F01020,SASKEN,SASKEN.NS
INE579C01029,VIMTALABS,VIMTALABS.NS
INE0HR601026,DDEVPLSTIK,DDEVPLSTIK.NS
INE614A01028,RAMCOIND,RAMCOIND.NS
INE0S4R01014,CRIZAC,CRIZAC.NS
INE529A01010,FMGOETZE,FMGOETZE.NS
INE393P01035,DIAMONDYD,DIAMONDYD.NS
INE00IN01015,STOVEKRAFT,STOVEKRAFT.NS
INE425Y01011,RPSGVENT,RPSGVENT.NS
INE475B01022,HIKAL,HIKAL.NS
INE552D01024,CONFIPET,CONFIPET.NS
INE382M01027,UFBL,UFBL.NS
INE385W01011,DCAL,DCAL.NS
INE079J01017,GATEWAY,GATEWAY.NS
INE317W01030,COLAB,542866.BO
INE08KJ01020,MUFIN,MUFIN.NS
INE00GK01023,YASHHV,YASHHV.BO
INE244B01030,PATELENG,PATELENG.NS
INE920A01037,DOLPHIN,DOLPHIN.NS
INE198501012,EUROPRATIK,EUROPRATIK.NS
INE212I01016,SPAL,SPAL.NS
INE488A01050,CHEMPLASTS,CHEMPLASTS.NS
INE703H01016,HUBTOWN,HUBTOWN.NS
INE845D01014,GANECOS,GANECOS.NS
INE126J01016,APOLLOPIPE,APOLLOPIPE.NS
INE876N01018,ORIENTCEM,ORIENTCEM.NS
INE520G01024,AXISOL,511144.BO
INE092B01025,INDNIPPON,INDNIPPON.NS
INE717W01049,GANDHAR,GANDHAR.NS
INE1AG301022,GKENERGY,GKENERGY.NS
INE735W01017,UTKARSHBNK,UTKARSHBNK.NS
INE464A01036,BBL,BBL.NS
INE725E01024,ORISSAMINE,ORISSAMINE.NS
INE484C01030,VEEDOL,VEEDOL.NS
INE602G01020,KITEX,KITEX.NS
INE00Y201027,FLAIR,FLAIR.NS
INE488B01017,TASTYBITE,TASTYBITE.NS
INE449A01011,AUTOAXLES,AUTOAXLES.NS
INE02A801020,ROSSARI,ROSSARI.NS
INE456Z01021,MEDIASSIST,MEDIASSIST.NS
INE934C01018,DRAGARWQ,526783.BO
INE637C01025,POKARNA,POKARNA.NS
INE451D01029,RAJRATAN,RAJRATAN.NS
INE187D01029,TALBROAUTO,TALBROAUTO.NS
INE276G01015,ASIANENE,ASIANENE.NS
INE076B01028,SIYSIL,SIYSIL.NS
INE750A01020,ORIENTHOT,ORIENTHOT.NS
INE209A01019,SUNDROP,SUNDROP.NS
INE771F01041,FISCHER,FISCHER.NS
INE792Z01011,SIRCA,SIRCA.NS
INE800H01010,OMAXE,OMAXE.NS
INE0OAF01028,JNKINDIA,JNKINDIA.NS
INE777F01014,EXICOM,EXICOM.NS
INE498Q01014,VINCOFE,VINCOFE.NS
INE351Y01019,BETA,BETA.NS
INE343B01030,RAJESHEXPO,RAJESHEXPO.NS
INE0OUT01019,ORIANA,ORIANA.NS
INE345A01011,HINDOILEXP,HINDOILEXP.NS
INE751B01018,PIXTRANS,PIXTRANS.NS
INE836B01017,SATIN,SATIN.NS
INE07K301024,ZAGGLE,ZAGGLE.NS
INE858F01012,NITCO,NITCO.NS
INE873D01024,INDOCO,INDOCO.NS
INE757A01017,COSMOFIRST,COSMOFIRST.NS
INE874I01013,RAMKY,RAMKY.NS
INE0RYC01010,STALLION,STALLION.NS
INE988S01028,PARKHOTELS,PARKHOTELS.NS
INE415B01044,MARSONS,517467.BO
INE934S01014,GNA,GNA.NS
INE600Y01019,DYCL,DYCL.NS
INE0H5O01029,WINDLAS,WINDLAS.NS
INE0ALI01010,ADVAIT,ADVAIT.NS
INE384A01010,RANEHOLDIN,RANEHOLDIN.NS
INE155D01018,SELECTRIC,SELECTRIC.BO
INE893J01029,MOLDTKPAC,MOLDTKPAC.NS
INE0MB501011,JGCHEM,JGCHEM.NS
INE032A01023,BOMDYEING,BOMDYEING.NS
INE398A01010,VENKEYS,VENKEYS.NS
INE0IQ001011,VERANDA,VERANDA.NS
INE922B01023,PANACEABIO,PANACEABIO.NS
INE036A01016,RELINFRA,RELINFRA.NS
INE0MLS01022,EPACKPEB,EPACKPEB.NS
INE0QRL01017,ARKADE,ARKADE.NS
INE298G01035,AJMERA,AJMERA.NS
INE461D01028,HLEGLAS,HLEGLAS.NS
INE128A01029,EVEREADY,EVEREADY.NS
INE007B01023,GEOJITFSL,GEOJITFSL.NS
INE121N01019,THEJO,THEJO.NS
INE246B01019,RAMCOSYS,RAMCOSYS.NS
INE0H9F01037,SAIPARENT,SAIPARENT.NS
INE17QZ01016,KNACK,KNACK.NS
INE932A01024,PENIND,PENIND.NS
INE355A01028,SOMANYCERA,SOMANYCERA.NS
INE551C01044,SHUKRAPHAR,524632.BO
INE18UN01038,GAJA,GAJA.NS
INE029L01018,KICL,KICL.NS
INE411B01019,VENUSREM,VENUSREM.NS
INE0P9J01013,AMIC,544037.BO
INE622Q01027,MOBAVENUE,539682.BO
INE732S01012,SAKAR,SAKAR.NS
INE879K01018,KMCSHIL,524520.BO
INE603A01013,PRAKASH,PRAKASH.NS
INE03NU01014,BRIGHOTEL,BRIGHOTEL.NS
INE612J01015,REPCOHOME,REPCOHOME.NS
INE338F01015,KLBRENG-B,522101.BO
INE0N0J01014,CNCRD,543619.BO
INE0Q7P01013,KODYTECH,KODYTECH.NS
INE175A01038,JISLJALEQS,JISLJALEQS.NS
INE392H01026,KETOMOTORS,537392.BO
INE07O001026,EASEMYTRIP,EASEMYTRIP.NS
INE04AK01028,SBC,SBC.NS
INE05CZ01011,RATNAVEER,RATNAVEER.NS
INE0R4701017,ALPEXSOLAR,ALPEXSOLAR.NS
INE109C01017,ARMANFIN,ARMANFIN.NS
INE903A01025,JAYKAY,JAYKAY.NS
INE927X01018,ELCIDIN,503681.BO
INE074B01023,PARACABLES,PARACABLES.NS
INE059B01024,SIMPLEXINF,SIMPLEXINF.NS
INE818W01011,ESAFSFB,ESAFSFB.NS
INE625X01026,SILVERTUC,SILVERTUC.NS
INE0OV601013,EMSLIMITED,EMSLIMITED.NS
INE0KQN01018,BAJEL,BAJEL.NS
INE586V01016,TCIEXP,TCIEXP.NS
INE077F01035,GOCLCORP,GOCLCORP.NS
INE438E01032,SIKA,523606.BO
INE559R01029,LANDMARK,LANDMARK.NS
INE00HZ01011,BNAGROCHEM,526125.BO
INE451L01014,MAHASTEEL,MAHASTEEL.NS
INE194R01017,FREDUN,539730.BO
INE075D01018,GMBREW,GMBREW.NS
INE1B3L01017,SHRINGARMS,SHRINGARMS.NS
INE985S01024,TEAMLEASE,TEAMLEASE.NS
INE805C01028,KCP,KCP.NS
INE500L01026,SHK,SHK.NS
INE586B01026,TAJGVK,TAJGVK.NS
INE809Q01020,GHVINFRA,505504.BO
INE045B01015,NELCO,NELCO.NS
INE0U4101014,BLUSPRING,BLUSPRING.NS
INE149O01018,NIBE,NIBE.NS
INE219W01012,MODINSU,515008.BO
INE634A01018,HONDAPOWER,HONDAPOWER.NS
INE667G01023,SAKSOFT,SAKSOFT.NS
INE782E01017,HESTERBIO,HESTERBIO.NS
INE243D01012,BFUTILITIE,BFUTILITIE.NS
INE323C01030,INDIANHUME,INDIANHUME.NS
INE002E01010,SAPL,538992.BO
INE068L01024,CANTABIL,CANTABIL.NS
INE08NE01025,SANSTAR,SANSTAR.NS
INE0KKN01029,RHETAN,RHETAN.NS
INE900B01029,KABRAEXTRU,KABRAEXTRU.NS
INE004A01022,PROTEAN,PROTEAN.NS
INE05TO01019,AEROPLANE,AEROPLANE.NS
INE806C01018,TIL,TIL.NS
INE752G01015,MSPL,MSPL.NS
INE229C01021,SAGCEM,SAGCEM.NS
INE0OWZ01020,MVELECTRO,MVELECTRO.NS
INE0LGX01024,INA,543620.BO
INE052I01032,CAMLINFINE,CAMLINFINE.NS
INE06ZD01017,SHANTIGOLD,SHANTIGOLD.NS
INE0OLS01010,VINYAS,VINYAS.NS
INE338D01028,BODALCHEM,BODALCHEM.NS
INE495S01016,HPL,HPL.NS
INE838B01021,BHARATRAS,BHARATRAS.NS
INE304A01026,MUKANDLTD,MUKANDLTD.NS
INE08ZM01014,GREENPANEL,GREENPANEL.NS
INE777X01017,AAYUSHBULL,540718.BO
INE111F01024,PAUSHAKLTD,PAUSHAKLTD.NS
INE312C01025,SYNCOMF,SYNCOMF.NS
INE059D01020,LAOPALA,LAOPALA.NS
INE0NJ001013,CFF,543920.BO
INE275B01026,HUHTAMAKI,HUHTAMAKI.NS
INE742C01031,JINDRILL,JINDRILL.NS
INE096B01018,NUCLEUS,NUCLEUS.NS
INE572J01011,SPANDANA,SPANDANA.NS
INE14UN01029,VIDYAWIRES,VIDYAWIRES.NS
INE1EEM01017,BLEL,BLEL.NS
INE155Z01011,MACPOWER,MACPOWER.NS
INE156A01020,INDORAMA,INDORAMA.NS
INE926B01016,GRANDOAK,523862.BO
INE0I0T01010,VOEPL,543597.BO
INE338A01024,TIRUMALCHM,TIRUMALCHM.NS
INE0OWC01011,KHAZANCHI,543953.BO
INE0KL801015,DCXINDIA,DCXINDIA.NS
INE108V01019,AWFIS,AWFIS.NS
INE418H01029,ALLCARGO,ALLCARGO.NS
INE982F01036,HATHWAY,HATHWAY.NS
INE1B3501014,ZELIO,ZELIO.BO
INE1SRC01010,MILLWORKS,MILLWORKS.BO
INE704B01017,RACLGEAR,RACLGEAR.NS
INE170I01016,HGS,HGS.NS
INE0PB301013,SCILAL,SCILAL.NS
INE015C01016,TINNARUBR,TINNARUBR.NS
INE264T01014,CAPACITE,CAPACITE.NS
INE193B01039,AYMSYNTEX,AYMSYNTEX.NS
INE985W01018,CNL,CNL.NS
INE0G5901015,EPACK,EPACK.NS
INE08LI01020,KRSNAA,KRSNAA.NS
INE276C01014,EIHAHOTELS,EIHAHOTELS.NS
INE192H01020,GRMOVER,GRMOVER.NS
INE598D01035,ALGOQUANT,ALGOQUANT.NS
INE425B01027,BCG,BCG.NS
INE071D01033,MENONBE,MENONBE.NS
INE631E01024,SPICELOUNG,539895.BO
INE070I01018,INSECTICID,INSECTICID.NS
INE782X01033,SERVOTECH,SERVOTECH.NS
INE887E01022,NGLFINE,NGLFINE.NS
INE737E01011,KSSMART,516038.BO
INE150C01029,TITANBIO,524717.BO
INE144Z01023,TARSONS,TARSONS.NS
INE0PX301025,SKYWAYS,SKYWAYS.NS
INE0JR601024,YATRA,YATRA.NS
INE542Z01028,KAPSTON,KAPSTON.NS
INE184O01015,DIFFNKG,DIFFNKG.NS
INE661I01014,BGRENERGY,BGRENERGY.NS
INE362A01016,PVP,PVP.NS
INE878K01010,BFINVEST,BFINVEST.NS
INE209B01025,RICOAUTO,RICOAUTO.NS
INE0BJS01011,GOCOLORS,GOCOLORS.NS
INE716F01012,INDOKEM,504092.BO
INE0XNF01022,ARDEE,ARDEE.NS
INE959C01023,OAL,OAL.NS
INE204A01010,IGPL,IGPL.NS
INE070D01027,JAICORPLTD,JAICORPLTD.NS
INE560A01023,INDIAGLYCO,INDIAGLYCO.NS
INE131C01011,DISAQ,500068.BO
INE632C01026,VIDHIING,VIDHIING.NS
INE877V01027,SURAKSHA,SURAKSHA.NS
INE560K01014,PFS,PFS.NS
INE898S01029,AURUM,AURUM.NS
INE039D01014,HYPERSOFT,539724.BO
INE07OG01012,NDRAUTO,NDRAUTO.NS
INE533A01012,GOODYEAR,500168.BO
INE103C01036,SMCGLOBAL,SMCGLOBAL.NS
INE0CT101020,MOL,MOL.NS
INE793A01012,ACCELYA,ACCELYA.NS
INE127T01021,KPEL,KPEL.NS
INE153A01019,MTNL,MTNL.NS
INE0LRY01011,QUADFUTURE,QUADFUTURE.NS
INE00Q601028,STUDDS,STUDDS.NS
INE0JVO01026,GARUDA,GARUDA.NS
INE803D01021,INDOBORAX,INDOBORAX.NS
INE597J01018,SHALBY,SHALBY.NS
INE0LOJ01019,IKIO,IKIO.NS
INE363A01022,ASIANHOTNR,ASIANHOTNR.NS
INE1RDG01013,PNGSREVA,PNGSREVA.NS
INE274C01019,WENDT,WENDT.NS
INE0FRK01020,MOTISONS,MOTISONS.NS
INE349W01017,AVADHSUGAR,AVADHSUGAR.NS
INE428Q01011,SURYODAY,SURYODAY.NS
INE200D01020,MMWL,512267.BO
INE525F01025,BLIL,532485.BO
INE893C01032,BGDL,521238.BO
INE065D01027,AEROENTER,AEROENTER.NS
INE618L01018,5PAISA,5PAISA.NS
INE722H01024,RGL,RGL.NS
INE250K01012,DLINKINDIA,DLINKINDIA.NS
INE851I01011,UDS,UDS.NS
INE048B01035,JAGSNPHARM,JAGSNPHARM.NS
INE0D6701023,IPL,IPL.NS
INE344S01016,INFOBEAN,INFOBEAN.NS
INE01R501028,VIKRAN,VIKRAN.NS
INE519C01017,SUMMITSEC,SUMMITSEC.NS
INE898Q01015,MIIL,538668.BO
INE910C01018,TTKHLTCARE,TTKHLTCARE.NS
INE613C01026,MCLOUD,MCLOUD.NS
INE08N601015,MBEL,MBEL.NS
INE727B01026,GENESYS,GENESYS.NS
INE106T01025,HITECH,HITECH.NS
INE480C01038,SDBL,SDBL.NS
INE712K01011,SHREEPUSHK,SHREEPUSHK.NS
INE207H01018,GNRL,513536.BO
INE05AN01011,HINDWAREAP,HINDWAREAP.NS
INE937A01023,SPMLINFRA,SPMLINFRA.NS
INE737D01021,MODISONLTD,MODISONLTD.NS
INE572D01014,FRONTSP,522195.BO
INE313L01016,RSL,RSL.NS
INE0J5601015,KRISHNADEF,KRISHNADEF.NS
INE0HLU01028,MOBIKWIK,MOBIKWIK.NS
INE124G01033,DELTACORP,DELTACORP.NS
INE419D01026,CLSEL,CLSEL.NS
INE840Y01029,ONEPOINT,ONEPOINT.NS
INE325C01035,DOLLAR,DOLLAR.NS
INE373T01047,BLUECLOUDS,539607.BO
INE0FMZ01045,SHREEREF,SHREEREF.BO
INE859A01011,PNBGILTS,PNBGILTS.NS
INE265B01019,NITTAGELA,506532.BO
INE201A01024,MANALIPETC,MANALIPETC.NS
INE022I01019,ASIANTILES,ASIANTILES.NS
INE221H01019,GTLINFRA,GTLINFRA.NS
INE173M01012,ONIXSOLAR,513119.BO
INE048C01025,VHLTD,VHLTD.NS
INE0Q5D01013,ACCENTMIC,ACCENTMIC.NS
INE133Y01011,IFGLEXPOR,IFGLEXPOR.NS
INE363L01045,BELDING,513307.BO
INE784R01023,ARFIN,ARFIN.NS
INE630A01024,SESHAPAPER,SESHAPAPER.NS
INE225B01021,FERMENTA,506414.BO
INE435C01024,TEXINFRA,TEXINFRA.NS
INE098F01031,AMRUTANJAN,AMRUTANJAN.NS
INE1WFC01025,SHANKESH,SHANKESH.NS
INE147A01011,SPIC,SPIC.NS
INE1D0W01018,TECHNOCRAF,TECHNOCRAF.NS
INE278M01019,NAVKARCORP,NAVKARCORP.NS
INE0U4701011,DIGITIDE,DIGITIDE.NS
INE503B01021,STEELXIND,STEELXIND.NS
INE0SCO01019,DPEL,DPEL.NS
INE0QVH01025,KPGEL,KPGEL.BO
INE199P01028,GCSL,GCSL.NS
INE301D01026,RUBYMILLS,RUBYMILLS.NS
INE972A01020,KOTIC,509732.BO
INE760B01019,VALIANT,526775.BO
INE795B01031,CITURGIA,CITURGIA.BO
INE016Q01014,CEINSYS,538734.BO
INE711A01022,WALCHANNAG,WALCHANNAG.NS
INE390G01014,GPTINFRA,GPTINFRA.NS
INE724A01017,GYFTR,507912.BO
INE1VXE01018,STLNETWORK,STLNETWORK.NS
INE0VN801010,RAJESH,RAJESH.BO
INE524T01011,TAALTECH,539956.BO
INE201K01015,EXPLEOSOL,EXPLEOSOL.NS
INE547E01014,IMPAL,IMPAL.NS
INE669R01026,ELITECON,539533.BO
INE312M01024,JOJO,531910.BO
INE488D01021,AVTNPL,AVTNPL.NS
INE1B3O01011,SUNSHINE,SUNSHINE.NS
INE384C01016,YUKEN,YUKEN.NS
INE449C01025,ANDREWYU,ANDREWYU.NS
INE0O6601022,KROSS,KROSS.NS
INE0V0W01025,GKSL,GKSL.NS
INE500A01029,DCW,DCW.NS
INE161A01038,NIITLTD,NIITLTD.NS
INE411D01023,SKMEGGPROD,SKMEGGPROD.NS
INE848A01014,IZMO,IZMO.NS
INE0GV601021,ALLTIME,ALLTIME.NS
INE277B01014,PUNJABCHEM,PUNJABCHEM.NS
INE715B01021,ANDHRSUGAR,ANDHRSUGAR.NS
INE1YPB01014,AGL,AGL.NS
INE417B01040,DSSL,DSSL.NS
INE583D01011,UGROCAP,UGROCAP.NS
INE073G01016,ASALCBR,ASALCBR.NS
INE350H01032,BLKASHYAP,BLKASHYAP.NS
INE947J01015,DEN,DEN.NS
INE188B01013,IGARASHI,IGARASHI.NS
INE485A01015,CENTENKA,CENTENKA.NS
INE354C01027,BHAGERIA,BHAGERIA.NS
INE415D01024,BHARATSE,BHARATSE.NS
INE0D0K01022,SIGACHI,SIGACHI.NS
INE199G01027,JAGRAN,JAGRAN.NS
INE438K01021,KALAMANDIR,KALAMANDIR.NS
INE664D01019,BENARAS,509438.BO
INE395U01014,NINSYS,NINSYS.NS
INE571B01036,JAYBARMARU,JAYBARMARU.NS
INE0RE001014,GALAPREC,GALAPREC.NS
INE217L01019,SHRIRAMPPS,SHRIRAMPPS.NS
INE690J01011,INOVSYNTH,533315.BO
INE0PA801013,GHCLTEXTIL,GHCLTEXTIL.NS
INE0KGZ01021,SIGNPOST,SIGNPOST.NS
INE158B01016,EIMCOELECO,EIMCOELECO.NS
INE830Q01018,MANAKCOAT,MANAKCOAT.NS
INE486R01017,GPTHEALTH,GPTHEALTH.NS
INE369A01029,EXCELINDUS,EXCELINDUS.NS
INE0V9N01017,PRIZOR,PRIZOR.NS
INE0TY101024,SOLARWORLD,SOLARWORLD.NS
INE124Y01028,PASHUPATI,PASHUPATI.NS
INE951D01028,ATULAUTO,ATULAUTO.NS
INE435A01051,ANDHRAPAP,ANDHRAPAP.NS
INE831A01028,ONIDA,ONIDA.NS
INE288301026,PPEL,PPEL.BO
INE646H01017,CAPITALSFB,CAPITALSFB.NS
INE405A01021,ULTRAMAR,506685.BO
INE958L01034,META,534535.BO
INE155E01016,INVPRECQ,504786.BO
INE0PT501018,PLATIND,PLATIND.NS
INE433O01024,AIRLTD,508929.BO
INE056801025,IVALUE,IVALUE.NS
INE142Q01026,SULA,SULA.NS
INE680A01011,DHANBANK,DHANBANK.NS
INE994E01018,3BBLACKBIO,532067.BO
INE881E01017,KELENRG,506528.BO
INE302D01024,RIR,517035.BO
INE822G01016,ELECTHERM,ELECTHERM.NS
INE966A01022,DOLATALGO,DOLATALGO.NS
INE967G01019,ZSARACOM,512020.BO
INE754D01018,SOBME,512014.BO
INE316L01019,BHARATWIRE,BHARATWIRE.NS
INE285B01017,SPICEJET,500285.BO
INE405C01035,LINCOLN,LINCOLN.NS
INE458B01036,BHAGYANGR,BHAGYANGR.NS
INE497S01012,GODAVARIB,GODAVARIB.NS
INE563J01010,ASTEC,ASTEC.NS
INE1SJO01012,RAMBHAJO,RAMBHAJO.NS
INE533D01032,RAJRILTD,RAJRILTD.NS
INE570D01018,ARROWGREEN,ARROWGREEN.NS
INE835G01018,ALLDIGI,ALLDIGI.NS
INE535D01037,ROTO,ROTO.NS
INE0NG701011,XTRANET,XTRANET.NS
INE828A01016,BIL,BIL.NS
INE963C01033,FAZE3Q,FAZE3Q.NS
INE01GN01025,IRISDOREME,IRISDOREME.NS
INE073V01015,COMSYN,COMSYN.NS
INE737G01016,HARAFIN,530927.BO
INE0ORA01015,COSMICCRF,543928.BO
INE184H01027,EKC,EKC.NS
INE148A01019,TNPETRO,TNPETRO.NS
INE258R01028,PANORAMA,539469.BO
INE950M01013,MONTECARLO,MONTECARLO.NS
INE197A01024,JYOTISTRUC,JYOTISTRUC.NS
INE284B01028,TGVSL,507753.BO
INE484I01029,PRECAM,PRECAM.NS
INE658G01014,SALSTEEL,SALSTEEL.NS
INE02L001032,BOROSCI,BOROSCI.NS
INE346W01013,APEX,APEX.NS
INE0XBS01012,AIRFLOA,AIRFLOA.BO
INE520Y01019,ICEMAKE,ICEMAKE.NS
INE255D01024,GULPOLY,GULPOLY.NS
INE02NC01014,FINOPB,FINOPB.NS
INE701A01023,VHL,VHL.NS
INE07U701015,IRMENERGY,IRMENERGY.NS
INE895B01021,RUPA,RUPA.NS
INE374E01021,BMW,542669.BO
INE701G01012,AKCAPIT,530499.BO
INE0JYY01029,MWL,MWL.NS
INE0PRF01011,UNIHEALTH,UNIHEALTH.NS
INE072A01029,INDIAHOMES,513361.BO
INE794B01026,BALAJITELE,BALAJITELE.NS
INE671K01027,SUNRAKSHAK,539300.BO
INE0OLH01013,ROBU,543787.BO
INE046A01015,RIIL,RIIL.NS
INE869Y01028,TEMBO,TEMBO.NS
INE866K01023,WAAREEINDO,WAAREEINDO.NS
INE800A01015,BIRLACABLE,BIRLACABLE.NS
INE062D01024,ALICON,ALICON.NS
INE082A01010,KOPRAN,KOPRAN.NS
INE672B01032,MUNJALAU,MUNJALAU.NS
INE577L01016,STEL,STEL.NS
INE295F01017,BUTTERFLY,BUTTERFLY.NS
INE00EV01017,HARIOMPIPE,HARIOMPIPE.NS
INE083B01024,THEMISMED,THEMISMED.NS
INE833A01016,ADCINDIA,523411.BO
INE390H01020,KAMDHENU,KAMDHENU.NS
INE0HLJ01013,SVRL,543373.BO
INE232A01011,SHREDIGCEM,SHREDIGCEM.NS
INE451C01013,ACGL,505036.BO
INE660C01027,CENTRUM,CENTRUM.NS
INE677D01037,MASTERTR,MASTERTR.NS
INE0WO601020,LAXMIDENTL,LAXMIDENTL.NS
INE041A01016,DHAMPURSUG,DHAMPURSUG.NS
INE866R01028,MATRIMONY,MATRIMONY.NS
INE524B01027,GANDHITUBE,GANDHITUBE.NS
INE0PPK01015,ORIENTTECH,ORIENTTECH.NS
INE557A01011,BIRLANU,BIRLANU.NS
INE999K01014,GREENPOWER,GREENPOWER.NS
INE0WKY01013,INDOSMC,INDOSMC.BO
INE411U01027,BAJAJHCARE,BAJAJHCARE.NS
INE412G01024,BCLIND,BCLIND.NS
INE107A01015,TNPL,TNPL.NS
INE137I01015,GRPLTD,GRPLTD.NS
INE786F01031,UTTAMSUGAR,UTTAMSUGAR.NS
INE694A01020,UNITECH,UNITECH.NS
INE127B01011,HITECHGEAR,HITECHGEAR.NS
INE0R6Z01013,SRM,SRM.NS
INE670O01013,ONEGLOBAL,514330.BO
INE620D01011,INDPRUD,501298.BO
INE365Y01019,BPLPHARMA,541096.BO
INE01BK01022,AWHCL,AWHCL.NS
INE0H9P01028,ARIS,ARIS.NS
INE998U01015,PCCL,PCCL.NS
INE414A01015,MADRASFERT,MADRASFERT.NS
INE0O5T01011,REMUS,REMUS.NS
INE147P01019,JPOLYINVST,JPOLYINVST.NS
INE887D01024,TCC,512038.BO
INE796G01012,JINDALPHOT,JINDALPHOT.NS
INE290A01027,NAHARSPING,NAHARSPING.NS
INE0ECP01024,HMAAGRO,HMAAGRO.NS
INE577D01013,JYOTIRES,514448.BO
INE068B01017,SEKURITIND,515043.BO
INE611A01016,RSWM,RSWM.NS
INE964H01014,SEPC,SEPC.NS
INE00ZE01026,AFSL,AFSL.NS
INE511Y01018,MMP,MMP.NS
INE284H01025,DAMCAPITAL,DAMCAPITAL.NS
INE559D01011,CREST,CREST.NS
INE02WG01024,WEL,WEL.NS
INE189I01024,NELCAST,NELCAST.NS
INE477B01010,DVL,DVL.NS
INE0TO701015,MAMATA,MAMATA.NS
INE599F01020,FOSECOC,523160.BO
INE734I01027,FINKURVE,FINKURVE.NS
INE336H01023,GAYAPROJ,GAYAPROJ.NS
INE199E01014,SUNSHIEL,530845.BO
INE799B01025,HIIL,539984.BO
INE309M01020,PREMIERPOL,PREMIERPOL.NS
INE740D01017,NRAIL,NRAIL.NS
INE643K01018,ARIHANTSUP,ARIHANTSUP.NS
INE00YJ01010,JARO,JARO.NS
INE583V01021,RADHIKAJWE,RADHIKAJWE.NS
INE361D01012,UNIABEXAL,504605.BO
INE0GGO01015,KRISHIVAL,KRISHIVAL.NS
INE0LEX01011,SAHANA,SAHANA.NS
INE778B01029,ESTER,ESTER.NS
INE00U401027,UNIECOM,UNIECOM.NS
INE457F01013,SALZERELEC,SALZERELEC.NS
INE754A01055,SUBEXLTD,SUBEXLTD.NS
INE032B01021,PRIMESECU,PRIMESECU.NS
INE528A01020,GKWLIMITED,GKWLIMITED.NS
INE032Z01020,BSHSL,BSHSL.NS
INE368U01029,UNITEDPOLY,UNITEDPOLY.NS
INE0IZQ01016,BRRL,543543.BO
INE019J01013,HEALTHX,HEALTHX.NS
INE413D01011,ARIHANT,531381.BO
INE417D01020,FEDDERSHOL,511628.BO
INE275D01022,AMNPLST,AMNPLST.NS
INE663B01015,CONTROLPR,CONTROLPR.NS
INE00TV01023,SUDARSHAN,543828.BO
INE840M01016,ZUARI,ZUARI.NS
INE0GMR01016,SWARAJ,SWARAJ.NS
INE670C01026,IIRM,526530.BO
INE00QT01015,SGIL,SGIL.NS
INE0CG401037,MUKKA,MUKKA.NS
INE540G01014,AMBIKCO,AMBIKCO.NS
INE455D01012,SHAHFOOD,519031.BO
INE337E01010,VIKRAMTH,530477.BO
INE025A01027,CONSOFINVT,CONSOFINVT.NS
INE194D01017,ASTAR,531847.BO
INE535F01024,RAJOOENG,RAJOOENG.NS
INE841D01013,AMAL,506597.BO
INE00CE01017,SVLL,SVLL.NS
INE0QN801017,KRYSTAL,KRYSTAL.NS
INE760F01028,INDOAMIN,INDOAMIN.NS
INE00OQ01016,DHARMAJ,DHARMAJ.NS
INE0MHO01029,REGAAL,REGAAL.NS
INE917H01012,SRHHYPOLTD,SRHHYPOLTD.NS
INE0SOY01013,TAC,TAC.NS
INE170V01027,SALASAR,SALASAR.NS
INE414Y01015,SGRL,540737.BO
INE219Y01026,RMDRIP,RMDRIP.NS
INE049A01027,HIMATSEIDE,HIMATSEIDE.NS
INE319Y01024,TIRUPATIFL,TIRUPATIFL.NS
INE565V01010,VALIANTORG,VALIANTORG.NS
INE658T01017,WEALTH,WEALTH.NS
INE435D01014,MCCHRLS-B,507836.BO
INE388A01029,GANESHBE,GANESHBE.NS
INE316A01038,ECORECO,530643.BO
INE287C01037,MICEL,MICEL.NS
INE865T01018,PDMJEPAPER,PDMJEPAPER.NS
INE492A01029,SUDARCOLOR,SUDARCOLOR.NS
INE029Q01017,BAHETI,BAHETI.NS
INE0OSJ01014,VINSYS,VINSYS.NS
INE310B01013,DANLAW,532329.BO
INE0KNT01012,MVGJL,MVGJL.NS
INE258Y01016,LGHL,LGHL.NS
INE535P01015,RRPDEFENSE,530929.BO
INE693D01018,VADILENT,519152.BO
INE366A01041,DWARKESH,DWARKESH.NS
INE0JM501013,NRL,NRL.NS
INE270B01035,MAFATIND,500264.BO
INE420B01036,ARIHANTCAP,ARIHANTCAP.NS
INE750M01017,HEXATRADEX,HEXATRADEX.NS
INE409B01013,SWELECTES,SWELECTES.NS
INE0AZY01017,VILAS,VILAS.NS
INE748A01024,MBECL,MBECL.NS
INE107F01022,WANBURY,WANBURY.NS
INE0DNW01011,FAIRCHEMOR,FAIRCHEMOR.NS
INE442P01014,SUYOG,SUYOG.NS
INE075B01020,SICALLOG,SICALLOG.NS
INE770A01010,PRADPME,513532.BO
INE01EG01016,RITCO,RITCO.NS
INE868X01014,YSL,540980.BO
INE843S01025,SURAJEST,SURAJEST.NS
INE730A01022,ORICONENT,ORICONENT.NS
INE0CJF01024,WCIL,WCIL.NS
INE0CG601016,MAXIND,MAXIND.NS
INE0P8B01020,GAUDIUMIVF,GAUDIUMIVF.NS
INE076C01018,IFBAGRO,IFBAGRO.NS
INE06XZ01023,GEMAROMA,GEMAROMA.NS
INE457G01029,ORIRAIL,531859.BO
INE895W01019,PANACHE,PANACHE.NS
INE134B01017,KECL,KECL.NS
INE709A01018,VLSFINANCE,VLSFINANCE.NS
INE091E01039,JAYTEX,512233.BO
INE155G01029,NDTV,NDTV.NS
INE283A01014,PRECOT,PRECOT.NS
INE453D01025,SARLAPOLY,SARLAPOLY.NS
INE232E01013,VELJAN,505232.BO
INE13VU01016,BEEZAASAN,BEEZAASAN.BO
INE0U9101019,EFFWA,EFFWA.NS
INE140B01048,JTLDEFENCE,537254.BO
INE0I3401014,DBOL,DBOL.NS
INE0QRV01016,ABSMARINE,ABSMARINE.NS
INE0JUI01012,HEXAGON,HEXAGON.NS
INE217A01012,ZUARIIND,ZUARIIND.NS
INE356B01024,SYSTMTXC,SYSTMTXC.NS
INE16SF01016,BORANA,BORANA.NS
INE0PK601023,OCCLLTD,OCCLLTD.NS
INE283H01019,ROHLTD,ROHLTD.NS
INE026D01011,LOTUSCHO,523475.BO
INE389K01018,WELINV,WELINV.NS
INE0MEG01014,VIVIANA,VIVIANA.NS
INE550H01011,SUPREMEINF,SUPREMEINF.NS
INE239D01028,OMINFRAL,OMINFRAL.NS
INE489G01022,ANUHPHR,ANUHPHR.NS
INE090501011,SCODATUBES,SCODATUBES.NS
INE760A01029,KOKUYOCMLN,KOKUYOCMLN.NS
INE606N01019,EXCELSOFT,EXCELSOFT.NS
INE060901027,LIKHITHA,LIKHITHA.NS
INE392A01021,VISAKAIND,VISAKAIND.NS
INE888C01040,SADHNANIQ,SADHNANIQ.NS
INE334A01023,STERTOOLS,STERTOOLS.NS
INE732C01016,NCLIND,NCLIND.NS
INE0PEQ01016,RBZJEWEL,RBZJEWEL.NS
INE213D01015,BEEKAY,539018.BO
INE312B01027,SJCORP,504398.BO
INE235C01036,SUMEETINDS,SUMEETINDS.NS
INE583C01021,DECCANCE,DECCANCE.NS
INE00U801010,PARIN,PARIN.NS
INE583B01015,SANDESH,SANDESH.NS
INE397H01017,LOKESHMACH,LOKESHMACH.NS
INE0BX301013,PROSTARM,PROSTARM.NS
INE896J01014,TANDHANIN,512062.BO
INE0PKD01011,MEIL,MEIL.NS
INE506D01020,HALDYNGL,515147.BO
INE443P01038,PERVASIVE,PERVASIVE.BO
INE144J01027,20MICRONS,20MICRONS.NS
INE236G01019,TVSELECT,TVSELECT.NS
INE687A01016,TRANSPEK,506687.BO
INE1ABX01018,UNIFIED,UNIFIED.BO
INE880Y01017,SOLEX,SOLEX.NS
INE863T01013,JITFINFRA,JITFINFRA.NS
INE345H01024,CIFL,CIFL.NS
INE0OMO01025,CELLECOR,CELLECOR.NS
INE347W01011,MAGADSUGAR,MAGADSUGAR.NS
INE668G01021,ELDEHSG,ELDEHSG.NS
INE01A001028,STANLEY,STANLEY.NS
INE720A01015,KOTHARIPET,KOTHARIPET.NS
INE0OMI01019,BRIGHT,543831.BO
INE916G01016,GEECEE,GEECEE.NS
INE306L01010,QUICKHEAL,QUICKHEAL.NS
INE418E01018,PERMAGN,504132.BO
INE195N01013,PROZONER,PROZONER.NS
INE032E01017,ARYAMAN,530245.BO
INE289B01019,GICHSGFIN,GICHSGFIN.NS
INE1B0W01010,ADVANCE,ADVANCE.NS
INE684B01029,ISTLTD,508807.BO
INE084K01015,AMANTA,AMANTA.NS
INE704G01024,BAJAJST,507944.BO
INE1E4401010,EXATO,EXATO.BO
INE900C01027,ASAL,ASAL.NS
INE955I01044,SEJALLTD,SEJALLTD.NS
INE726E01014,UPHOT,509960.BO
INE574A01016,JAGAJITIND,507155.BO
INE0L0L01012,MODIS,MODIS.NS
INE296H01011,EMKAY,EMKAY.NS
INE164B01030,KELLTONTEC,KELLTONTEC.NS
INE400A01014,TUTIALKA,506808.BO
INE0R4L01018,DENTA,DENTA.NS
INE0MGA01012,KARNIKA,KARNIKA.NS
INE296E01026,RAJPALAYAM,532503.BO
INE505A01010,DMCC,DMCC.NS
INE772T01024,PVSL,PVSL.NS
INE0R8B01010,PATELRMART,PATELRMART.NS
INE03YM01018,CHEMCON,CHEMCON.NS
INE070K01014,APIS,506166.BO
INE28GN01010,ADVENTHTL,ADVENTHTL.NS
INE00YB01025,ABINFRA,ABINFRA.NS
INE692C01020,TANAA,522229.BO
INE0ISZ01012,ZTECH,ZTECH.NS
INE0UZO01024,NEETUYOSHI,NEETUYOSHI.BO
INE0H8H01019,CWD,543378.BO
INE515H01014,EMPIND,509525.BO
INE335Q01026,RNITAI,517286.BO
INE849C01026,SHALPAINTS,SHALPAINTS.NS
INE865C01022,BIRLAMONEY,BIRLAMONEY.NS
INE0O9T01021,BAJAJINDEF,BAJAJINDEF.NS
INE0TT901016,TOTEM,544186.BO
INE130L01014,ENKEIWHEL,533477.BO
INE2L0V01019,SUSAN,SUSAN.BO
INE064H01021,GEE,504028.BO
INE215I01027,MAANALU,MAANALU.NS
INE893I01013,VASCONEQ,VASCONEQ.NS
INE652V01016,GANESHCP,GANESHCP.NS
INE824Q01011,MANAKSTEEL,MANAKSTEEL.NS
INE0N6U01018,KALYANI,544023.BO
INE830C01026,EMAMIPAP,EMAMIPAP.NS
INE878I01022,BAFNAPH,BAFNAPH.NS
INE0LEG01024,HTEL,HTEL.NS
INE485D01043,MAXGROW,521167.BO
INE763M01028,MERCURYEV,531357.BO
INE722B01019,PRAVEG,531637.BO
INE694N01015,HERANBA,HERANBA.NS
INE290E01011,YOGI,511702.BO
INE980Y01015,SOUTHWEST,SOUTHWEST.NS
INE06WU01026,LAXMIINDIA,LAXMIINDIA.NS
INE335K01011,COFFEEDAY,COFFEEDAY.NS
INE474O01010,IFINSEC,535667.BO
INE785A01026,JAYAGROGN,JAYAGROGN.NS
INE655A01013,STCINDIA,STCINDIA.NS
INE360C01024,DPSCLTD,DPSCLTD.NS
INE538A01037,GFLLIMITED,GFLLIMITED.NS
INE546V01010,EIFFL,EIFFL.NS
INE252A01019,SPELS,517166.BO
INE0ATZ01017,KRONOX,KRONOX.NS
INE0N5801013,DENTALKART,DENTALKART.NS
INE0TGX01019,CHEMBONDCH,CHEMBONDCH.NS
INE052T01021,BESTAGRO,BESTAGRO.NS
INE692G01013,XCHANGING,XCHANGING.NS
INE06HJ01020,ECOSMOBLTY,ECOSMOBLTY.NS
INE138C01024,KANORICHEM,KANORICHEM.NS
INE501Y01019,SCPL,SCPL.NS
INE974B01016,CHEVIOT,CHEVIOT.NS
INE204E01012,AGARIND,AGARIND.NS
INE0O3901029,TREL,TREL.NS
INE518E01015,ZIMLAB,ZIMLAB.NS
INE247M01014,SPECIALITY,SPECIALITY.NS
INE295A01018,EVERESTIND,EVERESTIND.NS
INE0N7W01012,BLAL,BLAL.NS
INE645H01027,SUTLEJTEX,SUTLEJTEX.NS
INE672K01025,TRUEGREEN,533407.BO
INE0HF201011,FABTECH,FABTECH.NS
INE967C01018,KAMATHOTEL,KAMATHOTEL.NS
INE0NN701020,ATL,ATL.NS
INE038F01029,TVTODAY,TVTODAY.NS
INE869I01013,GTPL,GTPL.NS
INE0ONE01016,PROV,PROV.NS
INE230R01035,RAMASTEEL,RAMASTEEL.NS
INE350Z01018,GLOSTERLTD,GLOSTERLTD.NS
INE298I01015,ARIES,ARIES.NS
INE037A01022,UNIENTER,UNIENTER.NS
INE939X01013,MANBA,MANBA.NS
INE529I01021,KUANTUM,KUANTUM.NS
INE0D6I01023,KSOLVES,KSOLVES.NS
INE622H01018,INDOFARM,INDOFARM.NS
INE285C01015,VOITHPAPR,522122.BO
INE626A01014,SAURASHCEM,SAURASHCEM.NS
INE480D01010,NIYOGIN,538772.BO
INE220Z01013,SHINDL,519397.BO
INE429I01024,CCCL,CCCL.NS
INE1IJQ01026,BAIKAKAJI,BAIKAKAJI.BO
INE389C01015,MALLCOM,MALLCOM.NS
INE333I01044,NEUEON,NEUEON.NS
INE231G01010,ORBTEXP,ORBTEXP.NS
INE170E01023,SATIA,SATIA.NS
INE767C01012,AXTEL,523850.BO
INE229A01017,ONWARDTEC,ONWARDTEC.NS
INE729D01010,KILITCH,KILITCH.NS
INE19QK01022,TECHNOCRAT,TECHNOCRAT.BO
INE403Y01018,INNOVANA,INNOVANA.NS
INE311M01018,SHRADDHA,531771.BO
INE0Q1S01010,SUNITATOOL,544001.BO
INE051B01021,VAKRANGEE,VAKRANGEE.NS
INE050001010,PPL,PPL.NS
INE133D01023,ARTSON,522134.BO
INE626Z01029,HARDWYN,HARDWYN.NS
INE320L01011,DHUNINV,DHUNINV.NS
INE871K01015,HMVL,HMVL.NS
INE915K01010,AHLWEST,AHLWEST.NS
INE734N01019,SNOWMAN,SNOWMAN.NS
INE607D01018,ORIENTBELL,ORIENTBELL.NS
INE099F01013,SREEL,SREEL.NS
INE694E01014,KANPRPLA,KANPRPLA.NS
INE291W01037,GLOBAL,GLOBAL.NS
INE467D01017,VIRAT,530521.BO
INE266B01017,KINETICENG,500240.BO
INE719F01016,SHIVAUM,SHIVAUM.NS
INE0O8901016,EXHICON,543895.BO
INE501G01024,HTMEDIA,HTMEDIA.NS
INE0ADB01012,INNOVISION,INNOVISION.NS
INE562X01013,UNIVASTU,UNIVASTU.NS
INE116C01012,ZFSTEERING,505163.BO
INE818B01023,PASUPTAC,PASUPTAC.NS
INE437D01010,MAGNAELQ,517449.BO
INE835B01035,MOLDTECH,MOLDTECH.NS
INE25E901019,OMPOWER,OMPOWER.NS
INE308A01027,NAHARPOLY,NAHARPOLY.NS
INE071E01023,UGARSUGAR,UGARSUGAR.NS
INE919M01026,AXENTRA,511634.BO
INE0TJ801010,LTELEVATOR,LTELEVATOR.BO
INE0OU201013,DCMSIL,DCMSIL.NS
INE0Q0M01015,VEEFIN,543931.BO
INE175N01023,AERPACE,534733.BO
INE1RQS01010,MRTX,MRTX.BO
INE289A01011,NAHARINDUS,NAHARINDUS.NS
INE412U01025,BIGBLOC,BIGBLOC.NS
INE673E01018,SMTEL,538563.BO
INE931X01010,CTCL,540652.BO
INE102I01027,ADSL,ADSL.NS
INE879A01019,SHREERAMA,SHREERAMA.NS
INE318C01014,SAYAJIHOTL,523710.BO
INE728Z01015,SOFTTECH,SOFTTECH.NS
INE365I01020,NBIFIN,NBIFIN.NS
INE1U6D01014,TIPCO,TIPCO.BO
INE310C01029,HINDCOMPOS,HINDCOMPOS.NS
INE440G01017,TRITONV,505978.BO
INE120D01012,HITECHCORP,HITECHCORP.NS
INE798F01010,PANCHMAHQ,513511.BO
INE0ZOM01013,GOELCONS,GOELCONS.BO
INE0JWS01017,VALIANTLAB,VALIANTLAB.NS
INE0A1101019,DCI,DCI.NS
INE0TQE01026,GLOTTIS,GLOTTIS.NS
INE718F01018,CSLFINANCE,CSLFINANCE.NS
INE395F01023,STELLANT,526071.BO
INE761G01016,BLACKROSE,514183.BO
INE953E01022,KSE,519421.BO
INE222F01029,VTMLTD,532893.BO
INE0NT601018,GARGI,543709.BO
INE1KLZ01011,SYSTEMATIC,SYSTEMATIC.BO
INE491D01017,ARVAYA,524723.BO
INE416A01051,AQYLON,AQYLON.NS
INE636A01039,MAWANASUG,MAWANASUG.NS
INE303A01010,DICIND,DICIND.NS
INE371F01024,CHANDRIMA,540829.BO
INE498D01012,SATANIBRG,505703.BO
INE0MIS01010,PYRAMID,PYRAMID.NS
INE802B01027,LINC,LINC.NS
INE984B01023,INTEGRAEN,505358.BO
INE13YH01017,SKM,SKM.BO
INE555P01013,KIRANVYPAR,537750.BO
INE597Z01014,COMMITTED,COMMITTED.NS
INE401Z01019,FRATELLI,541741.BO
INE0PSK01027,SAAKSHI,SAAKSHI.NS
INE413G01022,TPLPLASTEH,TPLPLASTEH.NS
INE286H01012,VISACHROME,VISACHROME.NS
INE938C01019,LAKSHMIMIL,502958.BO
INE0QHG01026,SUPREMEPWR,SUPREMEPWR.NS
INE0R8C01018,GGBL,GGBL.NS
INE260R01016,DHABRIYA,538715.BO
INE564J01026,SHRJAGP,512453.BO
INE15XJ01010,APPL,APPL.BO
INE138A01028,PENINLAND,PENINLAND.NS
INE0WDX01010,CLN,CLN.BO
INE864K01010,IRIS,IRIS.NS
INE249D01019,RIDDHI,524480.BO
INE0S7E01015,GPECO,GPECO.NS
INE037Z01029,CEWATER,CEWATER.NS
INE885E01042,MAZDA,MAZDA.NS
INE783E01023,HIGHENE,504176.BO
INE110B01017,MINDTECK,MINDTECK.NS
INE966H01019,ZEEMEDIA,ZEEMEDIA.NS
INE03V001013,UNIVPHOTO,UNIVPHOTO.NS
INE0HSD01011,FABCLEAN,FABCLEAN.BO
INE745B01028,KHAICHEM,KHAICHEM.NS
INE569C01020,ORIENTCER,ORIENTCER.NS
INE834C01028,MODMA,517336.BO
INE587G01015,KAYA,KAYA.NS
INE14LM01012,PAJSON,PAJSON.BO
INE143A01010,OSWALGREEN,OSWALGREEN.NS
INE0XX801016,SUGSLLOYD,SUGSLLOYD.BO
INE697V01011,PANSARI,PANSARI.NS
INE348N01042,MANBRO,512595.BO
INE575C01027,INTLCONV,INTLCONV.NS
INE783X01023,CHEMFAB,CHEMFAB.NS
INE266F01018,APTECHT,APTECHT.NS
INE317D01014,MEGAMONT,523888.BO
INE577A01027,MUNJALSHOW,MUNJALSHOW.NS
INE439N01031,BPAGRI,514440.BO
INE788J01021,SHIVALIK,SHIVALIK.NS
INE809I01019,ONMOBILE,ONMOBILE.NS
INE607A01022,PRIMO,PRIMO.NS
INE229R01011,ARYACAPM,538716.BO
INE834D01018,VIPULORG,530627.BO
INE034D01049,PTL,PTL.NS
INE2B5L01011,MSAFE,MSAFE.BO
INE550C01020,URJA,URJA.NS
INE0TL001013,CRYOGENIC,CRYOGENIC.BO
INE923A01015,SILINV,SILINV.NS
INE0KNW01016,KNAGRI,KNAGRI.NS
INE0U6201010,SUBAM,SUBAM.BO
INE924D01017,THEINVEST,THEINVEST.NS
INE450E01029,SUKHJITS,SUKHJITS.NS
INE142A01012,OSWALAGRO,OSWALAGRO.NS
INE220Q01020,MUFTI,MUFTI.NS
INE0P0001010,APS,APS.NS
INE1OOT01028,DIGILOGIC,DIGILOGIC.BO
INE872E01016,DLTNCBL,504240.BO
INE155C01010,ALBERTDAVD,ALBERTDAVD.NS
INE566M01017,AZADIND,504731.BO
INE1E1V01017,HRS,HRS.BO
INE145Y01023,SHISHIND,540693.BO
INE265F01028,ENIL,ENIL.NS
INE882B01037,NWIL,531889.BO
INE083C01022,PLASTIBLEN,PLASTIBLEN.NS
INE0ZK601013,CSM,CSM.NS
INE14VP01014,JDCABLES,JDCABLES.BO
INE589N01017,FILTRON,531191.BO
INE0GYI01028,HSIL,543916.BO
INE942G01012,MCLEODRUSS,MCLEODRUSS.NS
INE0F3301020,SJLOGISTIC,SJLOGISTIC.NS
INE545L01039,MANCREDIT,MANCREDIT.NS
INE369I01014,IL&FSENGG,IL&FSENGG.NS
INE00S901012,NILASPACES,NILASPACES.NS
INE300A01016,GOODRICKE,500166.BO
INE807K01035,SCHAND,SCHAND.NS
INE965W01036,BMWVENTLTD,BMWVENTLTD.NS
INE668D01028,DONEAR,DONEAR.NS
INE0A0S01028,SIGMA,SIGMA.NS
INE0OJ401014,BIZOTIC,543926.BO
INE320I01017,BRAHMINFRA,535693.BO
INE551B01012,UDAYJEW,539518.BO
INE0NQ801033,RKSWAMY,RKSWAMY.NS
INE337M01021,INDOTHAI,INDOTHAI.NS
INE050401020,ELIN,ELIN.NS
INE0SMW01011,PPARIVAH,PPARIVAH.BO
INE638A01035,SINGERIND,505729.BO
INE836F01026,DISHTV,DISHTV.NS
INE555C01029,SHIVACEM,532323.BO
INE01EE01011,BBTCL,BBTCL.NS
INE573K01025,RUSHIL,RUSHIL.NS
INE0APB01032,MGEL,MGEL.NS
INE142E01022,BEMHY,522650.BO
INE278B01020,RAMANEWS,RAMANEWS.NS
INE037B01020,SHARDUL,512393.BO
INE09EO01013,AARTISURF,AARTISURF.NS
INE748C01038,3IINFOLTD,3IINFOLTD.NS
INE655I01032,BIRLACOT,533006.BO
INE755Q01025,VISHAL,538598.BO
INE359U01028,LANCER,539841.BO
INE826C01016,GUJAPOLLO,GUJAPOLLO.NS
INE05J901018,IGCL,IGCL.NS
INE00ST01011,BRGIL,BRGIL.BO
INE0GAO01018,PREVEST,543363.BO
INE461B01014,REPRO,REPRO.NS
INE100D01014,WSI,WSI.NS
INE208H01016,MEEIND,MEEIND.BO
INE961D01019,UNIDT,UNIDT.NS
INE08PH01015,ABCOTS,ABCOTS.NS
INE199C01026,ADVANIHOTR,ADVANIHOTR.NS
INE777G01012,SRAMSET,531359.BO
INE354A01013,JENBURPH,524731.BO
INE926R01012,UCIL,541358.BO
INE377D01026,KALIND,526935.BO
INE537F01012,MODINATUR,MODINATUR.NS
INE0AE001013,VPRPL,VPRPL.NS
INE12Z301012,SOTEFIN,SOTEFIN.BO
INE0PUC01020,SARTELE,SARTELE.NS
INE0PMR01017,AKIKO,AKIKO.NS
INE103001017,ANNU,ANNU.NS
INE757T01025,AEPL,542670.BO
INE788D01016,BCCFUBA,517246.BO
INE855R01021,RADIANTCMS,RADIANTCMS.NS
INE0MM001019,SHERA,SHERA.NS
INE0QQJ01021,PARMESHWAR,PARMESHWAR.BO
INE550F01049,HAZOOR,532467.BO
INE1I1301016,WORKMATES,WORKMATES.BO
INE184D01026,RAJSEC,526873.BO
INE019B01010,TRANSCHEM,500422.BO
INE228I01012,ASAHISONG,ASAHISONG.NS
INE320X01016,HALEOSLABS,HALEOSLABS.NS
INE0OCC01013,BASILIC,BASILIC.NS
INE0S6S01017,HOACFOODS,HOACFOODS.NS
INE049I01012,NAHARCAP,NAHARCAP.NS
INE445D01013,NILE,530129.BO
INE035S01028,POEL,539195.BO
INE809A01032,RAMAPHO,RAMAPHO.NS
INE432F01032,EBIX,531035.BO
INE044N01021,EMERALL,507265.BO
INE15EH01014,PRIORITY,PRIORITY.NS
INE379J01029,VERITAS,512229.BO
INE798K01010,KRITINUT,KRITINUT.NS
INE0V0L01028,MSECL,MSECL.BO
INE244A01016,DENORA,DENORA.NS
INE531R01010,MEGATHERM,MEGATHERM.NS
INE280H01015,SAHYADRI,SAHYADRI.NS
INE0Q1R01012,QLL,544091.BO
INE2KRP01017,DEVSON,DEVSON.BO
INE593W01028,FOCUS,FOCUS.NS
INE985A01022,SINCLAIR,SINCLAIR.NS
INE771A01026,MIRZAINT,MIRZAINT.NS
INE102A01024,HLVLTD,HLVLTD.NS
INE177C01022,BATLIBOI,522004.BO
INE250B01029,VINYLINDIA,VINYLINDIA.NS
INE020J01029,GOKUL,GOKUL.NS
INE547B01028,XTGLOBAL,XTGLOBAL.NS
INE784W01015,MANOMAY,MANOMAY.NS
INE219M01021,ATVOENT,532090.BO
INE976E01023,FOODSIN,FOODSIN.NS
INE658D01029,SIMPLEXCAS,513472.BO
INE846D01012,LORDSCHLO,LORDSCHLO.NS
INE353A01023,NDLVENTURE,NDLVENTURE.NS
INE277E01026,MSCTC,513544.BO
INE370D01013,MANORG,MANORG.NS
INE0LR101013,ANLON,ANLON.NS
INE0U9D01019,MAHALIFE,MAHALIFE.BO
INE341Z01025,BHATIA,540956.BO
INE510U01018,PESB,544141.BO
INE05ST01028,SBGLP,SBGLP.NS
INE324X01026,SARVESHWAR,SARVESHWAR.NS
INE015D01022,MANAKSIA,MANAKSIA.NS
INE296Q01012,MONEYBOXX,MONEYBOXX.NS
INE0O4601016,SEALMATIC,543782.BO
INE792I01017,CORDSCABLE,CORDSCABLE.NS
INE0PQ001012,VISHNUINFR,VISHNUINFR.NS
INE875G01048,NDL,NDL.NS
INE0PT101017,CHAVDA,CHAVDA.NS
INE05CY01014,TIERRA,543531.BO
INE296G01013,MUTHOOTCAP,MUTHOOTCAP.NS
INE214A01019,CYBERTECH,CYBERTECH.NS
INE641C01019,KAVDEFENCE,KAVDEFENCE.NS
INE554H01021,EMROCK,531676.BO
INE147C01017,POOJAENT,532011.BO
INE823A01017,KOTHARIPRO,KOTHARIPRO.NS
INE0S2V01010,VRAJ,VRAJ.NS
INE916Y01027,AFIL,AFIL.NS
INE385O01018,FROG,FROG.NS
INE629D01020,BANSWRAS,BANSWRAS.NS
INE902B01017,S&SPOWER,S&SPOWER.NS
INE666E01020,ACL,ACL.NS
INE585A01020,NAPEROL,500298.BO
INE04VX01019,SHEETAL,SHEETAL.NS
INE927C01020,DIGISPICE,DIGISPICE.NS
INE0VDK01019,PURPLEWAVE,PURPLEWAVE.BO
INE557B01019,LIBERTSHOE,LIBERTSHOE.NS
INE650G01029,MENNPIS,531727.BO
INE767M01029,ASGARD,512025.BO
INE874A01010,MKVENTURES,514238.BO
