AssetClass,Key,Date,High,Low,Close,Volume
equity,INE877F01012,2023-10-04,101.9535,99.4743,100.1227,822673
equity,INE877F01012,2023-10-05,102.7927,100.6186,101.9917,1034474
equity,INE877F01012,2023-10-06,106.378,102.335,105.6915,1855162
equity,INE877F01012,2023-10-09,105.1193,101.3433,101.9917,1410972
equity,INE877F01012,2023-10-10,103.5936,102.068,102.8308,573994
equity,INE877F01012,2023-10-11,105.1575,101.9917,102.4112,611379
equity,INE877F01012,2023-10-12,105.9584,102.2968,104.509,1154989
equity,INE877F01012,2023-10-13,104.6998,103.1359,103.8606,761028
equity,INE877F01012,2023-10-16,104.6997,102.9834,103.4029,1041937
equity,INE877F01012,2023-10-17,105.6152,103.5936,104.3565,735036
equity,INE877F01012,2023-10-18,108.247,104.5472,106.2636,1911662
equity,INE877F01012,2023-10-19,106.645,104.3565,105.6152,870799
equity,INE877F01012,2023-10-20,115.5702,110.6118,112.4044,10470351
equity,INE877F01012,2023-10-23,112.7477,101.8391,102.335,3031276
equity,INE877F01012,2023-10-25,104.8523,98.9022,100.5804,2401249
equity,INE877F01012,2023-10-26,101.9917,95.8127,101.1526,3411610
equity,INE877F01012,2023-10-27,108.6284,102.2968,106.7976,3744377
equity,INE877F01012,2023-10-30,108.6284,104.2039,107.5604,1652870
equity,INE877F01012,2023-10-31,108.9335,106.0347,107.1408,1580022
equity,INE877F01012,2023-11-01,107.9418,103.0597,104.6616,939930
equity,INE877F01012,2023-11-02,111.6797,105.4626,110.0015,3386196
equity,INE877F01012,2023-11-03,113.6631,110.2685,110.8406,2009839
equity,INE877F01012,2023-11-06,113.8538,111.222,112.29,2481032
equity,INE877F01012,2023-11-07,112.9384,109.6964,110.5355,1231387
equity,INE877F01012,2023-11-08,112.9384,110.6118,111.7179,902429
equity,INE877F01012,2023-11-09,114.426,108.8954,109.7726,2677779
equity,INE877F01012,2023-11-10,112.6714,109.3531,110.8025,1920962
equity,INE877F01012,2023-11-13,119.6896,113.3961,118.0876,6617929
equity,INE877F01012,2023-11-15,123.5037,119.1937,120.7194,5892136
equity,INE877F01012,2023-11-16,122.7409,119.7277,120.5287,2717536
equity,INE877F01012,2023-11-17,126.2119,120.7194,122.5121,5697377
equity,INE877F01012,2023-11-20,126.9365,121.2915,121.8255,4021725
equity,INE877F01012,2023-11-21,123.6182,118.6597,119.4607,2130943
equity,INE877F01012,2023-11-22,120.4142,117.0959,118.5453,2092368
equity,INE877F01012,2023-11-23,120.605,117.4773,118.3546,2055430
equity,INE877F01012,2023-11-24,120.4524,116.4475,119.5751,1986348
equity,INE877F01012,2023-11-28,121.1771,117.0959,117.6299,2050908
equity,INE877F01012,2023-11-29,121.6348,116.9433,119.6133,2556015
equity,INE877F01012,2023-11-30,126.1356,118.2402,125.0676,8147224
equity,INE877F01012,2023-12-01,127.3942,122.8172,123.2749,2875007
equity,INE877F01012,2023-12-04,128.5766,124.2285,126.8603,3295651
equity,INE877F01012,2023-12-05,130.2549,125.6016,127.7375,3180432
equity,INE877F01012,2023-12-06,129.6446,126.8984,128.3859,2056304
equity,INE877F01012,2023-12-07,133.8784,127.318,132.5053,5020865
equity,INE877F01012,2023-12-08,135.5566,128.9199,129.9498,3490568
equity,INE877F01012,2023-12-11,134.9845,130.7126,132.2001,3234958
equity,INE877F01012,2023-12-12,134.0309,128.0808,129.4539,1866701
equity,INE877F01012,2023-12-13,155.3142,129.6828,150.4701,26765393
equity,INE877F01012,2023-12-14,154.475,142.3459,144.1004,9948753
equity,INE877F01012,2023-12-15,146.5034,141.6975,144.4818,3952309
equity,INE877F01012,2023-12-18,145.1684,141.8882,142.7273,2741035
equity,INE877F01012,2023-12-19,144.7488,138.8368,141.7738,3922351
equity,INE877F01012,2023-12-20,146.2364,133.9165,135.8236,4703735
equity,INE877F01012,2023-12-21,139.2945,133.5351,138.608,2540692
equity,INE877F01012,2023-12-22,143.9479,136.8534,138.6843,3175978
equity,INE877F01012,2023-12-26,147.6858,139.9811,142.4985,4005076
equity,INE877F01012,2023-12-27,148.3723,142.0026,145.3973,4767864
equity,INE877F01012,2023-12-28,149.2115,143.719,146.6941,4100416
equity,INE877F01012,2023-12-29,148.563,144.2149,144.9777,2317704
equity,INE877F01012,2024-01-01,151.3855,144.7488,147.6858,4175516
equity,INE877F01012,2024-01-02,148.1053,142.4985,144.1767,3750923
equity,INE877F01012,2024-01-03,149.4784,144.2149,145.9312,4325588
equity,INE877F01012,2024-01-04,150.5083,146.7322,148.5249,4471200
equity,INE877F01012,2024-01-05,150.2413,145.8931,147.8384,3438601
equity,INE877F01012,2024-01-08,148.4486,143.4139,144.1767,2879858
equity,INE877F01012,2024-01-09,146.7322,144.2149,145.054,2213426
equity,INE877F01012,2024-01-10,149.898,144.0241,147.6858,4638056
equity,INE877F01012,2024-01-11,160.5015,148.0291,159.5098,11261485
equity,INE877F01012,2024-01-12,160.7303,154.5132,155.5049,3989936
equity,INE877F01012,2024-01-15,156.8399,151.9577,152.8731,3053415
equity,INE877F01012,2024-01-16,154.4751,148.0291,150.7372,4235735
equity,INE877F01012,2024-01-17,159.5861,148.6775,156.3822,5813655
equity,INE877F01012,2024-01-18,159.3191,151.1948,153.9029,4128498
equity,INE877F01012,2024-01-19,162.9807,154.7039,161.4932,5022712
equity,INE877F01012,2024-01-23,167.4052,156.4966,158.4799,4862909
equity,INE877F01012,2024-01-24,164.8497,155.2379,162.5611,3397678
equity,INE877F01012,2024-01-25,185.8278,172.6688,175.1099,15186983
equity,INE877F01012,2024-01-29,183.8444,175.9871,180.9074,4374524
equity,INE877F01012,2024-01-30,188.1926,180.793,184.4165,5220292
equity,INE877F01012,2024-01-31,184.7979,181.4414,182.7383,2734898
equity,INE877F01012,2024-02-01,194.219,181.7847,183.6155,6318622
equity,INE877F01012,2024-02-02,191.3202,184.0351,186.1329,4568927
equity,INE877F01012,2024-02-05,189.3368,178.1231,179.8013,3405005
equity,INE877F01012,2024-02-06,186.9339,179.0385,185.9041,2727651
equity,INE877F01012,2024-02-07,187.4297,182.8527,184.7598,1832608
equity,INE877F01012,2024-02-08,187.4679,180.4879,181.6703,2488872
equity,INE877F01012,2024-02-09,183.3867,169.2741,173.1646,3359974
equity,INE877F01012,2024-02-12,173.1646,141.316,146.6178,10330422
equity,INE877F01012,2024-02-13,149.7455,141.3924,145.0159,4602744
equity,INE877F01012,2024-02-14,147.9909,141.2016,145.588,4234196
equity,INE877F01012,2024-02-15,157.0306,143.2232,152.0721,6977560
equity,INE877F01012,2024-02-16,155.4667,148.0672,148.9826,3343731
equity,INE877F01012,2024-02-19,154.3225,149.5547,152.9875,2372308
equity,INE877F01012,2024-02-20,153.8266,148.1435,149.4022,2028734
equity,INE877F01012,2024-02-21,150.2794,142.9943,143.9097,2383882
equity,INE877F01012,2024-02-22,149.2115,141.9263,148.7919,2504094
equity,INE877F01012,2024-02-23,153.1019,148.9445,150.5083,2140046
equity,INE877F01012,2024-02-26,155.3904,149.0589,153.1019,2610205
equity,INE877F01012,2024-02-27,153.4071,148.7538,149.6692,1950107
equity,INE877F01012,2024-02-28,152.4917,143.6046,144.4437,2330161
equity,INE877F01012,2024-02-29,156.3059,141.7738,154.3988,4877797
equity,INE877F01012,2024-03-01,155.5812,151.0423,151.767,1844541
equity,INE877F01012,2024-03-04,157.3357,151.5381,152.5298,1798508
equity,INE877F01012,2024-03-05,154.475,148.9445,149.2115,2671293
equity,INE877F01012,2024-03-06,151.5,144.3674,146.5797,1471437
equity,INE877F01012,2024-03-07,150.2794,146.6178,148.2579,1462911
equity,INE877F01012,2024-03-11,148.2579,144.253,144.787,1551278
equity,INE877F01012,2024-03-12,145.3973,135.7855,137.3112,2225543
equity,INE877F01012,2024-03-13,140.5151,125.8686,127.5468,3302903
equity,INE877F01012,2024-03-14,138.6843,126.0211,137.1586,3575395
equity,INE877F01012,2024-03-15,140.2481,131.0559,137.5782,3016266
equity,INE877F01012,2024-03-18,139.9811,133.1537,133.764,1571587
equity,INE877F01012,2024-03-19,138.9131,134.1072,136.8153,2319610
equity,INE877F01012,2024-03-20,137.7689,129.492,131.4373,2848933
equity,INE877F01012,2024-03-21,139.1801,133.497,137.9977,2064569
equity,INE877F01012,2024-03-22,140.9728,136.8916,140.6677,1319105
equity,INE877F01012,2024-03-26,146.5797,138.4554,145.7787,1810471
equity,INE877F01012,2024-03-27,149.0208,141.9645,142.651,1554817
equity,INE877F01012,2024-03-28,147.0755,141.0491,141.8501,1862255
equity,INE877F01012,2024-04-01,147.7621,143.9097,146.6559,1323053
equity,INE877F01012,2024-04-02,153.1782,147.1137,152.0721,2470205
equity,INE877F01012,2024-04-03,153.6741,150.8516,152.7205,1611253
equity,INE877F01012,2024-04-04,155.2379,150.7753,152.8349,1541671
equity,INE877F01012,2024-04-05,155.276,151.0423,152.8731,1766680
equity,INE877F01012,2024-04-08,154.4369,151.5762,152.4154,808431
equity,INE877F01012,2024-04-09,154.0936,145.9312,150.2413,1318669
equity,INE877F01012,2024-04-10,153.1782,150.2794,152.568,917231
equity,INE877F01012,2024-04-12,156.611,151.7288,152.3391,2339834
equity,INE877F01012,2024-04-15,155.543,147.6476,153.9029,4633540
equity,INE877F01012,2024-04-16,161.3025,152.5679,159.8912,6727587
equity,INE877F01012,2024-04-18,163.4766,158.6707,160.4252,3604363
equity,INE877F01012,2024-04-19,182.8527,151.7288,167.7866,14650869
equity,INE877F01012,2024-04-22,180.4116,171.1431,172.0585,6040948
equity,INE877F01012,2024-04-23,178.0849,172.0585,176.6355,3052341
equity,INE877F01012,2024-04-24,180.6405,174.7284,175.7201,2417827
equity,INE877F01012,2024-04-25,178.0849,174.2326,174.6903,1884156
equity,INE877F01012,2024-04-26,176.2541,172.3636,172.8976,1337688
equity,INE877F01012,2024-04-29,178.8859,173.2409,174.4996,1963201
equity,INE877F01012,2024-04-30,176.0634,170.4184,171.4101,1897038
equity,INE877F01012,2024-05-02,177.7417,168.6257,175.7964,3439714
equity,INE877F01012,2024-05-03,180.7167,174.8429,178.5045,2826705
equity,INE877F01012,2024-05-06,179.992,171.6389,172.8213,2607964
equity,INE877F01012,2024-05-07,173.6986,162.9044,165.3455,2051134
equity,INE877F01012,2024-05-08,171.6389,162.7137,168.4732,2698317
equity,INE877F01012,2024-05-09,168.9309,157.8315,158.7851,2778442
equity,INE877F01012,2024-05-10,162.3705,155.6956,161.1118,2408015
equity,INE877F01012,2024-05-13,165.4981,156.6873,161.7983,1969537
equity,INE877F01012,2024-05-14,167.9773,161.0355,164.4301,2287162
equity,INE877F01012,2024-05-15,172.3255,165.193,168.0155,1681959
equity,INE877F01012,2024-05-16,172.0967,167.634,171.4482,1558902
equity,INE877F01012,2024-05-17,174.6903,170.3421,172.2492,1483734
equity,INE877F01012,2024-05-21,177.0551,171.6771,174.1563,2152009
equity,INE877F01012,2024-05-22,177.2077,171.1431,174.0038,1316152
equity,INE877F01012,2024-05-23,176.2541,172.5162,173.1646,1493928
equity,INE877F01012,2024-05-24,180.4116,172.4018,177.1695,2094631
equity,INE877F01012,2024-05-27,179.0003,173.6986,174.5377,1225768
equity,INE877F01012,2024-05-28,175.2243,168.2062,169.77,1431733
equity,INE877F01012,2024-05-29,172.7832,167.2145,170.9142,1181815
equity,INE877F01012,2024-05-30,170.4184,162.6374,163.5528,1281618
equity,INE877F01012,2024-05-31,164.4301,157.9078,159.7386,2471283
equity,INE877F01012,2024-06-03,170.8761,163.5528,167.2908,2280449
equity,INE877F01012,2024-06-04,168.8164,133.8402,137.6544,5396600
equity,INE877F01012,2024-06-05,147.1899,135.7855,144.2149,3360888
equity,INE877F01012,2024-06-06,157.4501,147.2662,153.9411,2589085
equity,INE877F01012,2024-06-07,160.5778,154.6658,159.8149,1530333
equity,INE877F01012,2024-06-10,157.8316,153.4376,155.3981,2503889
equity,INE877F01012,2024-06-11,159.2428,154.5895,157.0611,2943762
equity,INE877F01012,2024-06-12,166.0321,157.5646,162.3094,4244531
equity,INE877F01012,2024-06-13,163.4003,159.2275,160.7761,2156592
equity,INE877F01012,2024-06-14,162.6374,159.4335,161.4627,1760743
equity,INE877F01012,2024-06-18,162.7824,159.4488,160.7685,2251927
equity,INE877F01012,2024-06-19,162.256,156.4584,157.6485,1699213
equity,INE877F01012,2024-06-20,158.5791,156.0389,157.3891,836720
equity,INE877F01012,2024-06-21,158.5563,156.0007,156.6949,1105156
equity,INE877F01012,2024-06-24,158.3655,155.3676,157.1831,817439
equity,INE877F01012,2024-06-25,159.3572,155.7948,157.3891,2074332
equity,INE877F01012,2024-06-26,162.7519,157.4654,160.2879,3091118
equity,INE877F01012,2024-06-27,162.1797,158.2282,160.4023,1421625
equity,INE877F01012,2024-06-28,161.722,156.7865,157.145,1226534
equity,INE877F01012,2024-07-01,162.0272,156.0007,158.8766,2520650
equity,INE877F01012,2024-07-02,163.5452,157.8239,159.7005,2661009
equity,INE877F01012,2024-07-03,164.7734,160.5396,162.6222,2854317
equity,INE877F01012,2024-07-04,163.6444,161.3482,162.0806,1456440
equity,INE877F01012,2024-07-05,169.1521,161.7602,166.2914,3711239
equity,INE877F01012,2024-07-08,171.4482,166.1465,167.9773,2411674
equity,INE877F01012,2024-07-09,172.9358,166.4898,167.0772,3171704
equity,INE877F01012,2024-07-10,169.1216,161.1117,164.8573,1743983
equity,INE877F01012,2024-07-11,171.6008,165.5591,170.8837,3235408
equity,INE877F01012,2024-07-12,179.2673,171.7152,174.1029,6918141
equity,INE877F01012,2024-07-15,175.415,167.5196,170.4947,2658938
equity,INE877F01012,2024-07-16,174.7971,166.9933,168.0155,2140467
equity,INE877F01012,2024-07-18,169.175,162.6451,164.3004,2799736
equity,INE877F01012,2024-07-19,167.8248,158.6707,165.4599,2203833
equity,INE877F01012,2024-07-22,166.2152,161.0355,164.1707,999737
equity,INE877F01012,2024-07-23,166.0702,153.0943,164.2012,2462354
equity,INE877F01012,2024-07-24,170.3955,163.5528,167.3976,2401039
equity,INE877F01012,2024-07-25,171.105,165.6888,169.4725,2369672
equity,INE877F01012,2024-07-26,172.2492,169.5946,171.2728,1565335
equity,INE877F01012,2024-07-29,173.1646,169.7318,170.7998,902462
equity,INE877F01012,2024-07-30,176.7729,170.8761,173.6071,2174452
equity,INE877F01012,2024-07-31,174.4614,169.9988,172.1882,1780066
equity,INE877F01012,2024-08-01,174.2326,169.9989,171.7381,1383107
equity,INE877F01012,2024-08-02,170.3421,165.1929,166.1541,1960235
equity,INE877F01012,2024-08-05,162.0424,153.5978,155.1616,2795836
equity,INE877F01012,2024-08-06,160.3489,153.3308,154.6505,1235105
equity,INE877F01012,2024-08-07,160.4557,156.7712,160.0743,1220735
equity,INE877F01012,2024-08-08,161.2109,157.5493,159.8378,797849
equity,INE877F01012,2024-08-09,162.4849,158.6707,159.7844,800077
equity,INE877F01012,2024-08-12,159.731,156.4584,158.068,757017
equity,INE877F01012,2024-08-13,163.6749,158.2511,159.4869,834197
equity,INE877F01012,2024-08-14,169.2665,159.8378,160.6388,3535145
equity,INE877F01012,2024-08-16,162.7061,155.9244,157.0535,1743801
equity,INE877F01012,2024-08-19,160.1201,158.0757,159.342,731957
equity,INE877F01012,2024-08-20,160.6998,157.1526,157.8087,1347259
equity,INE877F01012,2024-08-21,161.3025,158.2892,159.8912,924159
equity,INE877F01012,2024-08-22,160.8829,157.145,157.801,1572500
equity,INE877F01012,2024-08-23,159.2428,155.7337,155.9244,1464850
equity,INE877F01012,2024-08-26,158.4647,156.5347,157.1679,717638
equity,INE877F01012,2024-08-27,162.79,157.145,162.0424,1978777
equity,INE877F01012,2024-08-28,166.5737,162.2636,162.6145,1710926
equity,INE877F01012,2024-08-29,163.5528,158.9758,160.9439,1190820
equity,INE877F01012,2024-08-30,163.0188,160.1963,162.4848,1413511
equity,INE877F01012,2024-09-02,164.0105,162.1034,163.0112,713522
equity,INE877F01012,2024-09-03,168.4274,162.8663,165.0023,2015844
equity,INE877F01012,2024-09-04,166.2914,163.2782,164.72,1026427
equity,INE877F01012,2024-09-05,169.1216,164.4988,167.0467,2120389
equity,INE877F01012,2024-09-06,167.9392,164.0105,164.3004,992353
equity,INE877F01012,2024-09-09,164.3004,161.127,162.7366,1042343
equity,INE877F01012,2024-09-10,167.7485,163.2553,166.7797,1531152
equity,INE877F01012,2024-09-11,171.1812,165.5362,166.238,1795536
equity,INE877F01012,2024-09-12,169.1216,165.521,167.2984,1441308
equity,INE877F01012,2024-09-13,182.3187,167.8171,181.7313,14066455
equity,INE877F01012,2024-09-16,188.307,183.2341,184.7293,5459354
equity,INE877F01012,2024-09-17,184.3402,181.6398,182.9824,2446555
equity,INE877F01012,2024-09-18,183.5698,178.6037,180.3353,2881538
equity,INE877F01012,2024-09-19,182.5442,167.3584,169.3306,4303720
equity,INE877F01012,2024-09-20,170.9872,163.5797,167.1849,3297904
equity,INE877F01012,2024-09-23,169.015,164.2582,166.9245,1813881
equity,INE877F01012,2024-09-24,168.3287,165.4257,166.6326,1190665
equity,INE877F01012,2024-09-25,167.6346,164.1635,165.1891,1135524
equity,INE877F01012,2024-09-26,165.8517,161.4025,161.7101,1548358
equity,INE877F01012,2024-09-27,166.2146,161.718,163.5403,1767725
equity,INE877F01012,2024-09-30,165.899,161.0001,165.4809,1804730
equity,INE877F01012,2024-10-01,167.5556,165.4809,165.7018,1062170
equity,INE877F01012,2024-10-03,165.189,159.7222,160.3848,1425114
equity,INE877F01012,2024-10-04,161.6391,156.685,158.8308,1269690
equity,INE877F01012,2024-10-07,160.0141,146.7138,148.4177,2294148
equity,INE877F01012,2024-10-08,157.2215,146.5008,156.0618,1499174
equity,INE877F01012,2024-10-09,159.3514,154.6261,154.9732,789674
equity,INE877F01012,2024-10-10,157.3004,154.2632,155.0205,577569
equity,INE877F01012,2024-10-11,156.7955,154.2238,155.7068,564107
equity,INE877F01012,2024-10-14,155.9908,151.5416,152.1412,935744
equity,INE877F01012,2024-10-15,154.4368,150.0033,150.3268,1286217
equity,INE877F01012,2024-10-16,150.2163,147.9996,148.3073,1237920
equity,INE877F01012,2024-10-17,150.2005,146.8873,147.9286,1030815
equity,INE877F01012,2024-10-18,148.2284,143.8975,145.704,1853528
equity,INE877F01012,2024-10-21,146.5717,140.9708,142.446,1488847
equity,INE877F01012,2024-10-22,141.0497,133.0427,134.3916,2033331
equity,INE877F01012,2024-10-23,138.2098,130.0055,136.0483,1697889
equity,INE877F01012,2024-10-24,139.5429,135.1568,136.6793,762776
equity,INE877F01012,2024-10-25,137.6576,131.3466,135.1095,1318997
equity,INE877F01012,2024-10-28,139.8664,133.9499,138.5253,1059918
equity,INE877F01012,2024-10-29,144.284,138.6042,143.8028,1044251
equity,INE877F01012,2024-10-30,148.2205,143.574,147.4632,930225
equity,INE877F01012,2024-10-31,148.181,143.0692,143.4794,1034105
equity,INE877F01012,2024-11-01,148.465,144.7574,146.9031,406032
equity,INE877F01012,2024-11-04,146.3351,139.89,141.9963,1160154
equity,INE877F01012,2024-11-05,143.3768,139.4719,142.4144,856740
equity,INE877F01012,2024-11-06,148.11,143.5741,147.4237,929745
equity,INE877F01012,2024-11-07,149.7114,145.3885,146.7137,832548
equity,INE877F01012,2024-11-08,146.3351,142.0358,142.4223,1094122
equity,INE877F01012,2024-11-11,143.5583,140.458,141.736,789491
equity,INE877F01012,2024-11-12,141.2784,134.1155,135.1963,1171857
equity,INE877F01012,2024-11-13,141.5072,134.2654,134.8334,2611884
equity,INE877F01012,2024-11-14,137.5787,131.0311,131.4018,1573768
equity,INE877F01012,2024-11-18,134.2575,129.1457,131.4097,974663
equity,INE877F01012,2024-11-19,136.5768,130.6051,133.3898,1408272
equity,INE877F01012,2024-11-21,133.3188,124.6491,127.2208,2220518
equity,INE877F01012,2024-11-22,130.747,127.0473,129.6032,1026220
equity,INE877F01012,2024-11-25,136.8292,131.1178,132.5457,2135349
equity,INE877F01012,2024-11-26,134.3048,131.8199,132.5141,794199
equity,INE877F01012,2024-11-27,135.6459,131.8199,135.3619,948712
equity,INE877F01012,2024-11-28,139.6297,135.6065,137.0028,1109759
equity,INE877F01012,2024-11-29,138.265,135.6932,136.987,933352
equity,INE877F01012,2024-12-02,139.1564,136.3954,138.3044,592370
equity,INE877F01012,2024-12-03,141.665,138.4464,139.6928,1013228
equity,INE877F01012,2024-12-04,143.929,139.7086,140.5764,1631526
equity,INE877F01012,2024-12-05,141.6019,137.626,139.1327,1422938
equity,INE877F01012,2024-12-06,143.9054,138.6831,142.4539,1753421
equity,INE877F01012,2024-12-09,143.2191,140.0241,140.529,1266220
equity,INE877F01012,2024-12-10,140.7736,138.1309,139.4561,923778
equity,INE877F01012,2024-12-11,139.9137,137.4209,138.0756,1544330
equity,INE877F01012,2024-12-12,138.3991,133.3188,134.6756,2524956
equity,INE877F01012,2024-12-13,134.0366,129.6505,131.4097,2298207
equity,INE877F01012,2024-12-16,131.2677,127.8992,128.2542,2642723
equity,INE877F01012,2024-12-17,129.5322,126.0612,126.4793,2407159
equity,INE877F01012,2024-12-18,126.8264,123.379,123.8287,2014056
equity,INE877F01012,2024-12-19,122.8978,120.0658,121.612,2134885
equity,INE877F01012,2024-12-20,122.0379,113.0606,116.3108,3230521
equity,INE877F01012,2024-12-23,117.4073,110.7177,112.327,3762432
equity,INE877F01012,2024-12-24,114.6541,111.6801,113.1395,1983185
equity,INE877F01012,2024-12-26,117.2259,112.2165,116.7683,2043937
equity,INE877F01012,2024-12-27,117.4467,115.4903,116.721,1274971
equity,INE877F01012,2024-12-30,117.3836,111.7038,112.1613,1933477
equity,INE877F01012,2024-12-31,115.0012,111.3882,114.3701,1491581
equity,INE877F01012,2025-01-01,119.9474,113.8021,119.5925,1537044
equity,INE877F01012,2025-01-02,120.6969,118.7326,120.0106,1441226
equity,INE877F01012,2025-01-03,122.0379,119.5609,120.1999,1291334
equity,INE877F01012,2025-01-06,120.3024,110.4416,111.901,2952313
equity,INE877F01012,2025-01-07,114.8908,111.7826,114.3701,1945918
equity,INE877F01012,2025-01-08,114.4806,112.3428,113.4156,1244419
equity,INE877F01012,2025-01-09,113.0764,108.8638,108.9664,2639697
equity,INE877F01012,2025-01-10,109.416,105.7242,106.3474,1932885
equity,INE877F01012,2025-01-13,105.7241,100.7306,101.5195,2425648
equity,INE877F01012,2025-01-14,106.5919,101.8508,105.4717,1928358
equity,INE877F01012,2025-01-15,109.14,104.9353,107.4518,1743671
equity,INE877F01012,2025-01-16,109.8105,107.1283,108.9664,1499290
equity,INE877F01012,2025-01-17,109.6369,105.7084,107.4991,1962919
equity,INE877F01012,2025-01-20,112.8082,108.0276,112.2481,1615276
equity,INE877F01012,2025-01-21,114.7251,112.2086,114.023,2024016
equity,INE877F01012,2025-01-22,117.4625,112.0982,116.9813,2164323
equity,INE877F01012,2025-01-23,118.1646,113.3998,114.4333,1927121
equity,INE877F01012,2025-01-24,114.8119,111.2383,112.256,1260410
equity,INE877F01012,2025-01-27,112.7293,107.4044,109.6764,993849
equity,INE877F01012,2025-01-28,110.4652,105.0773,105.9608,1430138
equity,INE877F01012,2025-01-29,112.256,106.4499,111.759,1193585
equity,INE877F01012,2025-01-30,112.7056,110.2128,111.1437,1628593
equity,INE877F01012,2025-01-31,114.3859,110.4416,113.5813,1029293
equity,INE877F01012,2025-02-01,115.5534,111.3093,113.1632,996830
equity,INE877F01012,2025-02-03,111.2305,106.9706,108.0671,1455439
equity,INE877F01012,2025-02-04,111.0648,108.1223,110.0787,1348773
equity,INE877F01012,2025-02-05,112.2165,110.2838,110.6073,1632232
equity,INE877F01012,2025-02-06,112.5636,110.2207,111.6091,1158542
equity,INE877F01012,2025-02-07,112.611,110.268,112.0035,2180754
equity,INE877F01012,2025-02-10,112.4769,110.4416,111.759,1520963
equity,INE877F01012,2025-02-11,111.6249,105.7084,106.9469,1299244
equity,INE877F01012,2025-02-12,107.2861,101.6063,104.5803,1400579
equity,INE877F01012,2025-02-13,111.1516,107.2861,108.8244,3347455
equity,INE877F01012,2025-02-14,111.7038,106.9075,108.6745,2775093
equity,INE877F01012,2025-02-17,113.4314,106.655,112.0509,2517613
equity,INE877F01012,2025-02-18,113.5182,109.8026,113.2578,1754579
equity,INE877F01012,2025-02-19,116.8314,112.2008,116.153,1829514
equity,INE877F01012,2025-02-20,119.1191,115.301,118.2987,2022166
equity,INE877F01012,2025-02-21,120.7284,117.1943,119.3873,2254219
equity,INE877F01012,2025-02-24,119.8291,115.5456,117.6597,1990720
equity,INE877F01012,2025-02-25,120.7048,114.4964,115.7033,1799012
equity,INE877F01012,2025-02-27,115.8848,110.4337,111.2936,1242412
equity,INE877F01012,2025-02-28,112.0982,106.584,109.5107,2827171
equity,INE877F01012,2025-03-03,114.378,106.4972,113.739,1967199
equity,INE877F01012,2025-03-04,114.3938,109.9367,113.6996,1568457
equity,INE877F01012,2025-03-05,118.2829,114.9697,117.1706,2277120
equity,INE877F01012,2025-03-06,120.3024,117.5493,119.5136,1993566
equity,INE877F01012,2025-03-07,122.4482,118.9771,120.9493,2052651
equity,INE877F01012,2025-03-10,122.7085,120.1131,121.3437,1713866
equity,INE877F01012,2025-03-11,121.9117,117.9753,120.831,2575114
equity,INE877F01012,2025-03-12,122.6691,119.7423,122.3377,2064158
equity,INE877F01012,2025-03-13,123.8524,121.8092,123.0398,2078153
equity,INE877F01012,2025-03-17,124.6412,122.4797,124.1285,1678790
equity,INE877F01012,2025-03-19,128.1044,123.8524,124.373,2057099
equity,INE877F01012,2025-03-20,126.6292,122.8347,123.6394,3131504
equity,INE877F01012,2025-03-21,126.3767,123.2055,123.9549,2531177
equity,INE877F01012,2025-03-24,129.0036,124.3809,127.7414,1789167
equity,INE877F01012,2025-03-25,128.9011,125.3039,126.2742,1445755
equity,INE877F01012,2025-03-26,127.3549,124.3967,125.5011,1394012
equity,INE877F01012,2025-03-27,132.1355,125.6667,128.9169,3535792
equity,INE877F01012,2025-03-28,131.5044,127.7967,129.0668,1519074
equity,INE877F01012,2025-04-01,131.8199,127.8756,131.2519,1359087
equity,INE877F01012,2025-04-02,133.3188,129.7215,132.7429,882552
equity,INE877F01012,2025-04-03,137.4761,131.4018,135.9772,2132498
equity,INE877F01012,2025-04-04,135.8747,128.4278,129.2719,1322888
equity,INE877F01012,2025-04-07,126.1006,112.8161,124.5702,1454306
equity,INE877F01012,2025-04-08,132.6877,126.6213,131.883,1329385
equity,INE877F01012,2025-04-09,132.5299,127.0157,131.1809,1033543
equity,INE877F01012,2025-04-11,136.4742,131.5753,136.1902,2299488
equity,INE877F01012,2025-04-15,139.9453,137.3026,138.9828,1304872
equity,INE877F01012,2025-04-16,139.9295,138.1782,139.2195,705969
equity,INE877F01012,2025-04-17,142.7063,138.8566,142.0436,1444119
equity,INE877F01012,2025-04-21,143.8896,140.3239,141.7754,1242534
equity,INE877F01012,2025-04-22,143.6529,141.2469,141.8149,1247863
equity,INE877F01012,2025-04-23,147.3212,142.7063,143.858,2363268
equity,INE877F01012,2025-04-24,147.5184,143.3926,146.9346,1980283
equity,INE877F01012,2025-04-25,147.6919,140.5842,141.594,1971126
equity,INE877F01012,2025-04-28,142.4617,138.5332,142.1146,1144411
equity,INE877F01012,2025-04-29,144.5838,141.6019,142.2172,1377755
equity,INE877F01012,2025-04-30,143.8107,138.8408,139.2747,1485502
equity,INE877F01012,2025-05-02,143.2111,140.0241,141.4835,1419714
equity,INE877F01012,2025-05-05,143.5528,139.2844,142.6277,1043379
equity,INE877F01012,2025-05-06,142.6927,134.7888,137.3044,1327055
equity,INE877F01012,2025-05-07,141.0291,136.0953,140.6964,1165937
equity,INE877F01012,2025-05-08,142.6602,136.3387,140.6802,821162
equity,INE877F01012,2025-05-09,139.9011,135.1133,139.041,852563
equity,INE877F01012,2025-05-12,144.9649,142.1409,143.2039,964555
equity,INE877F01012,2025-05-13,149.3144,143.0254,148.6084,1529885
equity,INE877F01012,2025-05-14,151.3432,148.998,150.41,1187709
equity,INE877F01012,2025-05-15,152.5523,150.3288,151.822,1153314
equity,INE877F01012,2025-05-16,152.885,150.1259,150.9293,664421
equity,INE877F01012,2025-05-19,154.0211,149.8176,151.6434,773120
equity,INE877F01012,2025-05-20,153.6965,147.7239,148.3975,1251731
equity,INE877F01012,2025-05-21,150.8157,147.9349,149.4118,846833
equity,INE877F01012,2025-05-22,150.4505,145.4599,146.6528,1060432
equity,INE877F01012,2025-05-23,150.5723,146.4742,149.9636,760470
equity,INE877F01012,2025-05-26,152.9662,146.9611,150.905,846602
equity,INE877F01012,2025-05-27,153.8994,148.1946,149.8663,2463891
equity,INE877F01012,2025-05-28,153.9399,149.7283,150.061,1761116
equity,INE877F01012,2025-05-29,150.8888,148.2595,149.1603,770668
equity,INE877F01012,2025-05-30,149.6228,142.2545,142.9361,2441334
equity,INE877F01012,2025-06-02,143.7476,140.3069,140.6802,1315058
equity,INE877F01012,2025-06-03,143.4149,141.1833,142.2545,1279980
equity,INE877F01012,2025-06-04,142.9037,140.8668,141.0778,694527
equity,INE877F01012,2025-06-05,142.011,139.9336,140.3312,862931
equity,INE877F01012,2025-06-06,142.4979,139.7064,140.948,1804581
equity,INE877F01012,2025-06-09,143.5528,141.6053,142.6034,1452982
equity,INE877F01012,2025-06-10,143.6908,142.7008,143.3905,701016
equity,INE877F01012,2025-06-11,148.7464,143.1309,145.9955,4006005
equity,INE877F01012,2025-06-12,148.4948,142.6196,143.1309,1821026
equity,INE877F01012,2025-06-13,145.5004,139.6171,144.7782,1667394
equity,INE877F01012,2025-06-16,145.257,142.5304,144.3806,782233
equity,INE877F01012,2025-06-17,146.3931,142.9848,143.5123,670742
equity,INE877F01012,2025-06-18,143.35,140.4854,141.1914,649805
equity,INE877F01012,2025-06-19,141.9461,137.3044,137.6939,787524
equity,INE877F01012,2025-06-20,139.8443,136.5416,137.702,1151937
equity,INE877F01012,2025-06-23,140.3799,137.2557,139.5846,650696
equity,INE877F01012,2025-06-24,142.3275,139.5522,140.5747,985198
equity,INE877F01012,2025-06-25,145.1596,141.5647,143.0578,1117708
equity,INE877F01012,2025-06-26,144.2994,142.3518,143.0092,882014
equity,INE877F01012,2025-06-27,147.1234,144.4455,145.7195,1609680
equity,INE877F01012,2025-06-30,146.7177,144.9162,146.385,965293
equity,INE877F01012,2025-07-01,147.2451,144.6484,145.0947,854168
equity,INE877F01012,2025-07-02,147.6915,144.7701,145.9386,1069389
equity,INE877F01012,2025-07-03,146.6771,145.257,145.6222,549307
equity,INE877F01012,2025-07-04,146.3931,144.8188,145.4193,318214
equity,INE877F01012,2025-07-07,148.3407,145.541,146.6203,948221
equity,INE877F01012,2025-07-08,150.0042,146.2227,148.2271,1264676
equity,INE877F01012,2025-07-09,148.9899,146.7177,147.0828,641978
equity,INE877F01012,2025-07-10,149.1522,146.9043,147.7645,858221
equity,INE877F01012,2025-07-11,151.6353,147.6915,150.3694,3177536
equity,INE877F01012,2025-07-14,151.3351,148.9899,150.0204,1269322
equity,INE877F01012,2025-07-15,155.8875,150.1259,155.0923,2748540
equity,INE877F01012,2025-07-16,157.1859,155.4006,156.8045,1493604
equity,INE877F01012,2025-07-17,157.8513,154.5891,154.8732,1352390
equity,INE877F01012,2025-07-18,155.636,152.8039,153.4449,1126919
equity,INE877F01012,2025-07-21,155.709,152.8039,154.9056,837188
equity,INE877F01012,2025-07-22,157.3076,154.3619,154.7271,907528
equity,INE877F01012,2025-07-23,156.2121,153.6072,154.4431,953763
equity,INE877F01012,2025-07-24,167.9788,155.8064,160.7321,12110458
equity,INE877F01012,2025-07-25,163.5561,154.1834,155.0598,3477194
equity,INE877F01012,2025-07-28,157.7539,153.7776,154.4512,1978142
equity,INE877F01012,2025-07-29,156.1148,152.7633,155.5143,1770124
equity,INE877F01012,2025-07-30,156.9019,154.4268,156.4556,1354141
equity,INE877F01012,2025-07-31,156.7964,153.6965,155.7252,1929807
equity,INE877F01012,2025-08-01,155.5571,150.6717,151.8153,2025729
equity,INE877F01012,2025-08-04,151.7648,143.8693,146.4002,1611639
equity,INE877F01012,2025-08-05,150.924,146.1396,150.512,1507117
equity,INE877F01012,2025-08-06,153.539,150.596,153.0681,1345174
equity,INE877F01012,2025-08-07,153.4381,149.6879,152.0087,1357213
equity,INE877F01012,2025-08-08,153.8754,145.8873,146.6272,1556290
equity,INE877F01012,2025-08-11,150.3438,145.8873,149.9486,914019
equity,INE877F01012,2025-08-12,157.9955,149.5534,156.7763,1827296
equity,INE877F01012,2025-08-13,159.8117,155.557,158.6514,1384400
equity,INE877F01012,2025-08-14,159.9715,155.2712,156.8099,1141473
equity,INE877F01012,2025-08-18,157.8105,154.9264,155.8766,584083
equity,INE877F01012,2025-08-19,161.8634,155.3048,161.4514,1579810
equity,INE877F01012,2025-08-20,161.4514,159.3409,159.7109,682375
equity,INE877F01012,2025-08-21,161.8634,159.9883,161.0394,897026
equity,INE877F01012,2025-08-22,160.804,157.6592,157.8778,703488
equity,INE877F01012,2025-08-25,160.1733,157.2808,157.8105,720333
equity,INE877F01012,2025-08-26,157.8694,149.6627,150.3354,1792196
equity,INE877F01012,2025-08-28,151.6976,148.1996,148.9564,876850
equity,INE877F01012,2025-08-29,150.0243,146.5179,147.2411,693660
equity,INE877F01012,2025-09-01,148.8303,145.9714,148.5864,941640
equity,INE877F01012,2025-09-02,152.9925,147.2495,151.4874,1012410
equity,INE877F01012,2025-09-03,152.2441,149.6795,150.7979,661398
equity,INE877F01012,2025-09-04,152.1096,147.5774,148.1324,768727
equity,INE877F01012,2025-09-05,149.4525,146.4759,147.6867,573904
equity,INE877F01012,2025-09-08,149.3011,147.3252,148.2333,430276
equity,INE877F01012,2025-09-09,149.1582,146.8206,147.6026,395838
equity,INE877F01012,2025-09-10,148.0062,146.4002,147.1317,874013
equity,INE877F01012,2025-09-11,148.536,146.602,147.3756,652720
equity,INE877F01012,2025-09-12,148.2249,146.9131,147.1486,583081
equity,INE877F01012,2025-09-15,148.7294,146.7534,147.4008,684225
equity,INE877F01012,2025-09-16,148.0315,146.7365,147.4681,544698
equity,INE877F01012,2025-09-17,147.9894,146.3918,146.9468,923457
equity,INE877F01012,2025-09-18,147.5522,146.0975,146.5179,614282
equity,INE877F01012,2025-09-19,147.2663,145.0464,146.9131,1386891
equity,INE877F01012,2025-09-22,147.569,145.6771,146.0807,1332189
equity,INE877F01012,2025-09-23,146.56,144.626,144.8783,843765
equity,INE877F01012,2025-09-24,145.9966,143.6843,144.4831,782701
equity,INE877F01012,2025-09-25,145.366,142.3557,142.5407,1074489
equity,INE877F01012,2025-09-26,143.432,140.2368,140.5311,841080
equity,INE877F01012,2025-09-29,141.271,137.8992,138.5971,1556968
equity,INE877F01012,2025-09-30,142.2296,138.3617,140.0182,1576316
equity,INE877F01012,2025-10-01,142.2632,139.4128,141.3887,760345
equity,INE877F01012,2025-10-03,142.5239,140.5479,142.1035,707347
equity,INE877F01012,2025-10-06,143.3647,139.7155,140.6908,787614
equity,INE877F01012,2025-10-07,141.0945,139.7071,140.5731,779866
equity,INE877F01012,2025-10-08,141.2206,138.5299,138.9335,855901
equity,INE877F01012,2025-10-09,139.4548,138.3281,138.5719,727590
equity,INE877F01012,2025-10-10,140.0855,137.8992,138.4962,1351736
equity,INE877F01012,2025-10-13,139.0428,137.277,138.3449,1147928
equity,INE877F01012,2025-10-14,139.3371,137.2097,138.2188,1083839
equity,INE877F01012,2025-10-15,138.8242,137.7311,138.3449,1147533
equity,INE877F01012,2025-10-16,139.9509,138.244,139.0932,970871
equity,INE877F01012,2025-10-17,139.9845,137.1425,137.9245,2575969
equity,INE877F01012,2025-10-20,138.6896,135.3851,137.235,1392240
equity,INE877F01012,2025-10-21,139.4884,137.235,139.2866,158032
equity,INE877F01012,2025-10-23,140.0014,138.0674,139.1773,937983
equity,INE877F01012,2025-10-24,140.8422,139.2026,139.7912,1698214
equity,INE877F01012,2025-10-27,144.8615,139.3791,143.4572,2923462
equity,INE877F01012,2025-10-28,144.6092,142.3894,143.8104,1335187
equity,INE877F01012,2025-10-29,146.0891,142.6921,145.3323,1427082
equity,INE877F01012,2025-10-30,145.2903,142.0194,142.7089,990265
equity,INE877F01012,2025-10-31,143.9113,140.9263,141.3299,1178936
equity,INE877F01012,2025-11-03,142.4735,139.5893,140.2704,1043328
equity,INE877F01012,2025-11-04,140.8254,138.4374,140.1527,1147221
equity,INE877F01012,2025-11-06,140.3125,137.689,138.1263,806563
equity,INE877F01012,2025-11-07,139.85,136.8902,139.1773,738471
equity,INE877F01012,2025-11-10,140.0686,138.7401,139.2362,381062
equity,INE877F01012,2025-11-11,139.7911,137.9833,138.6728,874267
equity,INE877F01012,2025-11-12,142.6248,138.7401,141.4476,1866989
equity,INE877F01012,2025-11-13,141.8512,140.1191,140.632,481878
equity,INE877F01012,2025-11-14,141.0104,137.7311,138.3449,745251
equity,INE877F01012,2025-11-17,140.2116,138.4878,139.2278,634045
equity,INE877F01012,2025-11-18,139.4128,137.8236,138.698,604878
equity,INE877F01012,2025-11-19,138.9671,137.647,137.8992,527787
equity,INE877F01012,2025-11-20,138.698,136.8482,137.3022,632149
equity,INE877F01012,2025-11-21,138.3701,136.3184,136.8566,933931
equity,INE877F01012,2025-11-24,137.2265,134.0481,134.3761,828901
equity,INE877F01012,2025-11-25,135.2506,133.8463,134.4433,540372
equity,INE877F01012,2025-11-26,135.8728,134.1995,135.4271,543619
equity,INE877F01012,2025-11-27,135.8476,134.292,134.5947,526417
equity,INE877F01012,2025-11-28,134.9479,132.4505,132.686,643488
equity,INE877F01012,2025-12-01,133.5184,130.71,131.0211,655169
equity,INE877F01012,2025-12-02,134.4686,130.9706,132.3664,846340
equity,INE877F01012,2025-12-03,133.4848,129.9112,131.6517,851480
equity,INE877F01012,2025-12-04,132.5178,130.4998,132.1226,565021
equity,INE877F01012,2025-12-05,132.4253,130.567,131.576,433979
equity,INE877F01012,2025-12-08,131.946,127.8511,128.2883,790510
equity,INE877F01012,2025-12-09,129.8271,126.8589,129.1124,969981
equity,INE877F01012,2025-12-10,131.8031,129.1124,130.3568,707000
equity,INE877F01012,2025-12-11,131.5845,129.331,130.3736,370369
equity,INE877F01012,2025-12-12,131.8451,129.9112,131.0883,372756
equity,INE877F01012,2025-12-15,132.9382,130.5166,132.7448,391942
equity,INE877F01012,2025-12-16,134.5611,132.4085,134.1659,590672
equity,INE877F01012,2025-12-17,138.0674,134.1659,135.8812,1208665
equity,INE877F01012,2025-12-18,136.1419,132.4337,132.6355,734349
equity,INE877F01012,2025-12-19,133.1484,128.3556,129.8271,1988598
equity,INE877F01012,2025-12-22,133.0223,130.3316,132.6944,525285
equity,INE877F01012,2025-12-23,134.1575,132.3917,133.8295,585838
equity,INE877F01012,2025-12-24,134.9058,132.4337,132.7785,522491
equity,INE877F01012,2025-12-26,136.3437,132.1226,135.1581,975455
equity,INE877F01012,2025-12-29,136.8902,134.5358,135.9821,693962
equity,INE877F01012,2025-12-30,136.3016,132.8205,133.4007,702216
equity,INE877F01012,2025-12-31,137.4452,133.2998,135.6878,1051121
equity,INE877F01012,2026-01-01,137.5545,135.3178,136.9154,851756
equity,INE877F01012,2026-01-02,141.2542,136.4362,140.7497,1437370
equity,INE877F01012,2026-01-05,142.5071,139.5893,140.3041,1125008
equity,INE877F01012,2026-01-06,140.8422,138.5719,139.6398,733399
equity,INE877F01012,2026-01-07,140.4975,138.2356,138.9335,703756
equity,INE877F01012,2026-01-08,139.5389,134.6199,135.3851,821923
equity,INE877F01012,2026-01-09,136.638,133.1148,134.0145,919256
equity,INE877F01012,2026-01-12,134.5358,131.3574,132.9382,837989
equity,INE877F01012,2026-01-13,134.9731,132.4589,133.3082,632383
equity,INE877F01012,2026-01-14,135.6794,132.8541,135.1833,652133
equity,INE877F01012,2026-01-16,136.1166,129.9028,131.2649,3385865
equity,INE877F01012,2026-01-19,132.9382,130.6679,131.1304,869938
equity,INE877F01012,2026-01-20,131.307,128.0613,128.5994,1116152
equity,INE877F01012,2026-01-21,129.9616,125.7826,128.4817,1304231
equity,INE877F01012,2026-01-22,132.77,129.4907,132.1478,983291
equity,INE877F01012,2026-01-23,133.0643,131.5004,132.4505,845586
equity,INE877F01012,2026-01-27,145.4669,133.1064,141.2626,6783177
equity,INE877F01012,2026-01-28,147.569,140.0098,146.8459,2961100
equity,INE877F01012,2026-01-29,150.5036,145.3408,147.0981,1934125
equity,INE877F01012,2026-01-30,146.8963,143.0705,144.9708,1367365
equity,INE877F01012,2026-02-02,144.4578,138.8662,142.7509,944523
equity,INE877F01012,2026-02-03,148.9984,142.5491,147.7372,2329619
equity,INE877F01012,2026-02-04,154.6321,145.7191,152.7991,2351052
equity,INE877F01012,2026-02-05,154.136,151.336,151.9414,862535
equity,INE877F01012,2026-02-06,152.7823,149.2339,151.8321,796331
equity,INE877F01012,2026-02-09,158.4832,151.8741,157.5583,2058401
equity,INE877F01012,2026-02-10,161.0226,157.8862,159.3073,1863088
equity,INE877F01012,2026-02-11,161.6868,158.8616,160.0051,955478
equity,INE877F01012,2026-02-12,159.9042,155.33,155.8766,1445736
equity,INE877F01012,2026-02-13,156.3727,152.8159,155.5991,1060806
equity,INE877F01012,2026-02-16,152.0255,143.0284,145.4248,3196669
equity,INE877F01012,2026-02-17,148.0903,145.3408,146.7534,1016552
equity,INE877F01012,2026-02-18,147.4849,144.6849,146.8711,918447
equity,INE877F01012,2026-02-19,147.569,143.3816,144.1467,1533525
equity,INE877F01012,2026-02-20,145.3192,142.2982,144.3693,828040
equity,INE877F01012,2026-02-23,145.1994,142.5035,144.044,769554
equity,INE877F01012,2026-02-24,144.0355,139.5082,141.6392,1279811
equity,INE877F01012,2026-02-25,142.6662,139.9275,141.7162,818478
equity,INE877F01012,2026-02-26,142.2725,139.9361,140.3212,939096
equity,INE877F01012,2026-02-27,144.2066,139.4996,142.5121,1107967
equity,INE877F01012,2026-03-02,143.3166,137.6253,139.2942,1757312
equity,INE877F01012,2026-03-04,138.9775,133.8084,134.6214,1262292
equity,INE877F01012,2026-03-05,137.1632,134.2534,135.734,1202449
equity,INE877F01012,2026-03-06,138.2159,135.0322,135.3317,846809
equity,INE877F01012,2026-03-09,134.1079,130.6161,131.5575,1194491
equity,INE877F01012,2026-03-10,135.8196,131.8742,135.289,1105936
equity,INE877F01012,2026-03-11,138.1731,134.707,134.8011,714885
equity,INE877F01012,2026-03-12,140.6122,132.0197,137.6767,1399360
equity,INE877F01012,2026-03-13,139.7478,134.7926,135.6313,1235175
equity,INE877F01012,2026-03-16,136.5299,132.8413,134.6385,980981
equity,INE877F01012,2026-03-17,136.6925,134.5872,136.1619,894196
equity,INE877F01012,2026-03-18,140.9117,136.1619,140.1415,1142577
equity,INE877F01012,2026-03-19,139.996,136.6754,137.129,715427
equity,INE877F01012,2026-03-20,143.0941,138.0105,141.3653,1167570
equity,INE877F01012,2026-03-23,140.9545,135.0921,136.1533,1004111
equity,INE877F01012,2026-03-24,141.0401,136.5641,138.156,1121023
equity,INE877F01012,2026-03-25,141.4167,138.6267,138.9348,963443
equity,INE877F01012,2026-03-27,140.7405,137.4627,139.6194,1559213
equity,INE877F01012,2026-03-30,139.5595,134.1935,134.8354,1351346
equity,INE877F01012,2026-04-01,143.522,137.651,143.1968,1586686
equity,INE877F01012,2026-04-02,142.0756,138.3956,141.3824,663487
equity,INE877F01012,2026-04-06,142.7004,139.5852,141.1257,731968
equity,INE877F01012,2026-04-07,141.5964,138.2587,139.2856,923776
equity,INE877F01012,2026-04-08,145.0111,141.2113,144.3265,1805915
equity,INE877F01012,2026-04-09,144.549,141.6648,142.5891,1181252
equity,INE877F01012,2026-04-10,143.6931,142.1527,142.4436,709021
equity,INE877F01012,2026-04-13,145.9183,138.6438,145.2251,2029118
equity,INE877F01012,2026-04-15,150.6253,147.202,150.0862,1612662
equity,INE877F01012,2026-04-16,159.1836,149.9835,156.6589,4347622
equity,INE877F01012,2026-04-17,160.7155,155.7089,158.1138,6904081
equity,INE877F01012,2026-04-20,169.2396,158.4134,164.4555,5890151
equity,INE877F01012,2026-04-21,166.0388,158.3278,159.9367,2020969
equity,INE877F01012,2026-04-22,161.3232,157.9854,159.6286,1390185
equity,INE877F01012,2026-04-23,161.9993,158.1395,159.1066,1381414
equity,INE877F01012,2026-04-24,160.416,156.3508,157.1724,1106224
equity,INE877F01012,2026-04-27,167.3995,157.6346,167.0572,3618942
equity,INE877F01012,2026-04-28,176.9762,167.4765,176.0519,6119448
equity,INE877F01012,2026-04-29,180.4081,173.861,174.5542,2541858
equity,INE877F01012,2026-04-30,180.1513,169.4877,177.755,4410027
equity,INE877F01012,2026-05-04,186.2191,178.5766,185.7912,3607069
equity,INE877F01012,2026-05-05,187.2205,182.0342,184.7728,2529009
equity,INE877F01012,2026-05-06,187.9993,181.9999,186.9637,1917913
equity,INE877F01012,2026-05-07,196.4206,186.9723,194.5977,4050893
equity,INE877F01012,2026-05-08,196.3093,189.9933,190.6866,1727878
equity,INE877F01012,2026-05-11,189.7366,181.5207,182.7873,1810311
equity,INE877F01012,2026-05-12,183.3778,171.9354,172.8169,2124772
equity,INE877F01012,2026-05-13,179.0816,171.5931,176.6938,1252834
equity,INE877F01012,2026-05-14,182.1026,176.6938,181.2126,1243933
equity,INE877F01012,2026-05-15,184.3877,178.4397,180.6905,1322198
equity,INE877F01012,2026-05-18,180.6905,173.6214,175.701,1473049
equity,INE877F01012,2026-05-19,182.231,176.0434,177.2758,672407
equity,INE877F01012,2026-05-20,172.7656,160.6727,168.0157,6097777
equity,INE877F01012,2026-05-21,173.6471,167.0572,167.7504,1361894
equity,INE877F01012,2026-05-22,169.4963,165.1915,165.8334,600980
equity,INE877F01012,2026-05-25,169.4107,162.547,164.2587,1201066
equity,INE877F01012,2026-05-26,166.4581,163.4627,163.9591,828013
equity,INE877F01012,2026-05-27,167.4423,161.152,162.3416,1288767
equity,INE877F01012,2026-05-29,163.3344,155.0756,156.7445,2033853
equity,INE877F01012,2026-06-01,163.283,154.8788,159.5602,2326093
equity,INE877F01012,2026-06-02,162.3929,156.7017,161.2889,921541
equity,INE877F01012,2026-06-03,161.4515,157.4805,158.4989,645421
equity,INE877F01012,2026-06-04,159.0124,156.4364,156.6076,602053
equity,INE877F01012,2026-06-05,159.4403,157.258,157.8057,629420
equity,INE877F01012,2026-06-08,166.8689,155.9315,165.2257,2931550
equity,INE877F01012,2026-06-09,166.4581,159.5259,160.0394,1444045
equity,INE877F01012,2026-06-10,161.2034,154.9045,155.3238,1152615
equity,INE877F01012,2026-06-11,158.1994,154.9216,156.7531,1345904
equity,INE877F01012,2026-06-12,163.1204,157.9255,161.9222,1237733
equity,INE877F01012,2026-06-15,166.2356,162.6754,163.129,1157165
equity,INE877F01012,2026-06-16,168.8544,162.7609,167.0914,1595577
equity,INE877F01012,2026-06-17,167.5621,162.6925,163.1889,945727
equity,INE877F01012,2026-06-18,165.0717,160.1336,161.7083,791938
equity,INE877F01012,2026-06-19,162.3074,159.4147,159.7399,714746
equity,INE877F01012,2026-06-22,163.4627,159.7399,162.5641,606012
equity,INE877F01012,2026-06-23,163.5483,158.3962,159.5773,659546
equity,INE877F01012,2026-06-24,159.757,156.8215,158.1224,477271
equity,INE877F01012,2026-06-25,158.8413,154.9216,155.5891,979758
equity,INE877F01012,2026-06-29,157.2494,154.1342,155.6662,703261
equity,INE877F01012,2026-06-30,156.4193,154.2284,154.8873,481889
equity,INE877F01012,2026-07-01,156.1882,152.2856,152.9018,631215
equity,INE877F01012,2026-07-02,153.5694,151.4812,151.7208,502639
equity,INE877F01012,2026-07-03,153.1415,151.6267,152.046,473876
equity,INE877F01012,2026-07-06,152.6793,149.0849,149.5727,640161
equity,INE877F01012,2026-07-07,150.283,146.7656,148.0322,663989
equity,INE877F01012,2026-07-08,148.7682,142.5549,144.1382,1161278
equity,INE877F01012,2026-07-09,145.4818,143.5134,143.7959,637491
equity,INE877F01012,2026-07-10,148.0151,144.2066,147.5957,662460
equity,INE877F01012,2026-07-13,147.3732,145.0625,146.1408,511850
equity,INE877F01012,2026-07-14,149.3416,145.0625,148.6997,659531
equity,INE877F01012,2026-07-15,149.2731,147.2363,148.3317,400645
equity,INE877F01012,2026-07-16,148.7596,145.2336,145.9268,383014
equity,INE877F01012,2026-07-17,146.3291,143.967,144.703,544525
equity,INE877F01012,2026-07-20,148.8709,144.412,148.0493,515991
equity,INE877F01012,2026-07-21,148.1006,145.3449,145.4989,461492
equity,INE877F01012,2026-07-22,146.3462,143.2995,143.5305,626978
equity,INE877F01012,2026-07-23,147.202,142.3238,144.1039,625576
equity,INE877F01012,2026-07-24,143.9328,140.1843,140.6978,1325001
equity,INE877F01012,2026-07-27,143.6076,141.2541,142.3495,430444
equity,INE877F01012,2026-07-28,143.0598,141.2968,141.9901,366729
equity,INE877F01012,2026-07-29,144.6346,141.5622,143.6161,835603
equity,INE877F01012,2026-07-30,145.1481,142.4094,144.7458,402504
equity,INE877F01012,2026-07-31,150.5397,142.7603,150.2145,2195575
equity,INE877F01012,2026-08-03,155.9315,150.5398,154.1428,4283556
equity,INE877F01012,2026-08-04,157.8057,153.9631,156.9927,2170561
equity,INE877F01012,2026-08-05,170.994,161.1948,169.7616,17703096
equity,INE877F01012,2026-08-06,172.466,169.5562,171.3107,7809024
equity,INE877F01012,2026-08-07,174.7596,167.2284,173.9894,12883295
equity,INE877F01012,2026-08-10,173.6999,169.7144,171.7602,4133683
equity,INE877F01012,2026-08-11,170.7566,165.2079,165.9316,2078585
equity,INE877F01012,2026-08-12,166.0474,159.2731,159.6205,2677463
equity,INE877F01012,2026-08-13,160.8558,158.5977,159.0319,1472019
equity,INE877F01012,2026-08-14,158.9064,154.9789,155.8185,1981660
equity,INE877F01012,2026-08-17,157.7195,154.3999,154.9982,1418832
equity,INE877F01012,2026-08-18,156.8124,153.02,153.3288,1401008
equity,INE877F01012,2026-08-19,153.4349,149.7196,150.0574,1876714
equity,INE877F01012,2026-08-20,152.6533,150.5399,151.5532,1448112
equity,INE877F01012,2026-08-21,152.2673,150.6847,151.0803,1253565
equity,INE877F01012,2026-08-24,152.1321,150.1539,151.3505,1288256
equity,INE877F01012,2026-08-25,153.02,150.8197,152.5182,986291
equity,INE877F01012,2026-08-26,153.7727,151.5145,151.7751,963657
equity,INE877F01012,2026-08-27,153.4349,151.2636,152.4313,711786
equity,INE877F01012,2026-08-28,152.5761,150.5496,152.1708,1285321
equity,INE877F01012,2026-08-31,152.1707,144.9912,145.6087,9086084
equity,INE877F01012,2026-09-01,153.3577,146.622,149.7679,3061118
equity,INE877F01012,2026-09-02,150.4434,148.0406,149.9995,761035
equity,INE877F01012,2026-09-03,151.5049,149.1889,149.8161,794952
equity,INE877F01012,2026-09-04,151.3119,149.8162,150.8197,849440
equity,INE877F01012,2026-09-07,151.5049,148.9959,149.3626,953200
equity,INE877F01012,2026-09-08,150.0092,147.9634,148.8029,1017313
equity,INE877F01012,2026-09-09,149.1792,147.4326,147.7607,1062150
equity,INE877F01012,2026-09-10,150.9259,147.6546,148.3108,1569043
equity,INE877F01012,2026-09-11,148.2721,146.9694,147.4326,878717
equity,INE877F01012,2026-09-15,150.1057,146.7282,147.0756,1610691
equity,INE877F01012,2026-09-16,148.4072,145.2421,146.6413,1795094
equity,INE877F01012,2026-09-17,150.9742,146.4001,150.4724,1571624
equity,INE877F01012,2026-09-18,151.5049,148.4169,150.7619,1628957
equity,INE877F01012,2026-09-21,152.8366,150.3469,150.8101,1151478
equity,INE877F01012,2026-09-22,152.4217,149.6521,150.1829,1053065
equity,INE877F01012,2026-09-23,151.8909,150.2311,151.5821,724814
equity,INE877F01012,2026-09-24,152.2672,149.8258,150.4337,1398404
equity,INE877F01012,2026-09-25,151.0031,149.0441,149.6617,997223
equity,INE877F01012,2026-09-28,150.3372,148.8029,149.4591,1099040
equity,INE877F01012,2026-09-29,150.6268,148.1564,150.2987,1273851
equity,INE877F01012,2026-09-30,150.9162,149.2854,150.1153,1233686
equity,INE877F01012,2026-10-01,149.9995,147.78,149.3723,1221503
equity,INE877F01012,2026-10-05,152.3734,149.5749,152.0067,3047215
equity,INE877F01012,2026-10-06,153.1454,150.6364,151.64,3439913
equity,INE877F01012,2026-10-07,152.14,149.35,151.72,1807621
equity,INE24OJ01011,2026-01-09,178.7378,161.7208,161.7208,1486795
equity,INE24OJ01011,2026-01-12,161.7208,153.6402,153.6402,121995
equity,INE24OJ01011,2026-01-13,151.8589,145.9677,145.9677,963835
equity,INE24OJ01011,2026-01-14,153.2621,138.6733,152.665,1019345
equity,INE24OJ01011,2026-01-16,160.2978,146.8136,152.456,341665
equity,INE24OJ01011,2026-01-19,151.0529,144.8332,144.8332,154380
equity,INE24OJ01011,2026-01-20,142.3056,137.5985,137.5985,254535
equity,INE24OJ01011,2026-01-21,135.3396,130.7221,130.7221,91310
equity,INE24OJ01011,2026-01-22,137.2502,131.558,134.9514,198985
equity,INE24OJ01011,2026-01-23,138.325,129.5777,132.7024,65945
equity,INE24OJ01011,2026-01-27,135.5386,126.5823,130.0852,291545
equity,INE24OJ01011,2026-01-28,148.0774,127.5973,145.5597,433045
equity,INE24OJ01011,2026-01-29,149.4806,137.3199,142.0966,317325
equity,INE24OJ01011,2026-01-30,153.2521,136.8124,149.5004,297265
equity,INE24OJ01011,2026-02-02,149.0526,139.3201,146.8633,166600
equity,INE24OJ01011,2026-02-03,163.532,147.2912,157.2626,1207870
equity,INE24OJ01011,2026-02-04,160.6162,156.5958,159.5614,109830
equity,INE24OJ01011,2026-02-05,165.791,157.2327,165.0446,206075
equity,INE24OJ01011,2026-02-06,167.1841,157.6308,161.9099,226160
equity,INE24OJ01011,2026-02-09,171.5628,163.2633,168.9057,331705
equity,INE24OJ01011,2026-02-10,176.6778,162.5468,167.1344,198320
equity,INE24OJ01011,2026-02-11,179.3249,158.6359,171.105,674760
equity,INE24OJ01011,2026-02-12,192.6598,175.4737,184.2708,1363205
equity,INE24OJ01011,2026-02-13,187.4453,166.388,169.7516,568160
equity,INE24OJ01011,2026-02-16,176.5385,165.4128,169.463,348330
equity,INE24OJ01011,2026-02-17,173.0655,164.0196,166.7861,272045
equity,INE24OJ01011,2026-02-18,176.031,167.1842,173.8815,130440
equity,INE24OJ01011,2026-02-19,203.8851,170.289,201.1584,1990650
equity,INE24OJ01011,2026-02-20,208.3732,194.6302,204.3926,435585
equity,INE24OJ01011,2026-02-23,204.1936,196.1329,198.0834,135825
equity,INE24OJ01011,2026-02-24,200.2826,185.6242,188.7688,133660
equity,INE24OJ01011,2026-02-25,207.786,189.4853,204.92,471785
equity,INE24OJ01011,2026-02-26,209.02,196.1329,200.0139,135930
equity,INE24OJ01011,2026-02-27,198.6108,190.172,192.8688,123115
equity,INE24OJ01011,2026-03-02,194.5506,180.1409,182.3103,201800
equity,INE24OJ01011,2026-03-04,184.9574,176.9366,183.0567,103465
equity,INE24OJ01011,2026-03-05,193.4559,183.1064,192.4906,187085
equity,INE24OJ01011,2026-03-06,202.3923,188.0822,199.387,881760
equity,INE24OJ01011,2026-03-09,199.0288,187.097,190.7591,163675
equity,INE24OJ01011,2026-03-10,200.3822,193.6749,197.3072,91900
equity,INE24OJ01011,2026-03-11,207.985,186.1914,189.9331,197945
equity,INE24OJ01011,2026-03-12,193.9436,187.087,192.1822,242535
equity,INE24OJ01011,2026-03-13,194.1127,177.1356,186.5596,187430
equity,INE24OJ01011,2026-03-16,189.0773,178.1307,182.579,156035
equity,INE24OJ01011,2026-03-17,191.7642,182.5094,189.1569,96620
equity,INE24OJ01011,2026-03-18,195.0482,189.0674,190.0725,96485
equity,INE24OJ01011,2026-03-19,188.6594,179.3448,180.7579,193570
equity,INE24OJ01011,2026-03-20,191.8438,181.3252,188.2115,123915
equity,INE24OJ01011,2026-03-23,189.0176,179.3647,182.4198,773680
equity,INE24OJ01011,2026-03-24,207.3581,187.4453,201.7355,411825
equity,INE24OJ01011,2026-03-25,204.3926,195.8443,197.4067,139285
equity,INE24OJ01011,2026-03-27,200.2229,187.1368,190.3312,139555
equity,INE24OJ01011,2026-03-30,200.004,185.7038,190.9482,255490
equity,INE24OJ01011,2026-04-01,204.5617,192.4409,200.5712,177960
equity,INE24OJ01011,2026-04-02,206.7113,191.0278,202.3824,209255
equity,INE24OJ01011,2026-04-06,217.7375,198.3322,215.5183,599235
equity,INE24OJ01011,2026-04-07,228.4552,212.3239,214.5231,451420
equity,INE24OJ01011,2026-04-08,226.853,214.5232,221.1409,323465
equity,INE24OJ01011,2026-04-09,227.6889,217.618,220.912,187080
equity,INE24OJ01011,2026-04-10,224.6935,209.1792,213.319,378475
equity,INE24OJ01011,2026-04-13,226.853,204.8006,219.2202,1249745
equity,INE24OJ01011,2026-04-15,225.7782,215.4188,217.837,365440
equity,INE24OJ01011,2026-04-16,232.0277,216.2447,222.4743,785455
equity,INE24OJ01011,2026-04-17,226.2957,217.1404,220.1358,312590
equity,INE24OJ01011,2026-04-20,247.5918,221.1309,235.9386,1947700
equity,INE24OJ01011,2026-04-21,242.5663,226.9027,237.2821,682020
equity,INE24OJ01011,2026-04-22,240.5362,232.9831,234.7644,165020
equity,INE24OJ01011,2026-04-23,235.4809,226.2161,229.1518,247805
equity,INE24OJ01011,2026-04-24,233.8588,213.6176,218.7923,309695
equity,INE24OJ01011,2026-04-27,228.8831,215.5083,224.6637,350575
equity,INE24OJ01011,2026-04-28,228.8831,223.9471,225.9573,127890
equity,INE24OJ01011,2026-04-29,228.8831,214.9511,217.4588,326145
equity,INE24OJ01011,2026-04-30,225.0816,214.1649,220.3348,149190
equity,INE24OJ01011,2026-05-04,224.5044,209.0598,217.1404,264280
equity,INE24OJ01011,2026-05-05,225.8976,215.7074,222.0365,140750
equity,INE24OJ01011,2026-05-06,228.485,214.1948,218.0758,446395
equity,INE24OJ01011,2026-05-07,228.8831,214.9511,226.8729,918040
equity,INE24OJ01011,2026-05-08,230.0374,218.3544,222.3151,482195
equity,INE24OJ01011,2026-05-11,223.9074,215.9462,218.1355,185540
equity,INE24OJ01011,2026-05-12,223.4297,214.9511,218.9117,145715
equity,INE24OJ01011,2026-05-13,223.9073,216.0258,219.2103,226385
equity,INE24OJ01011,2026-05-14,223.9273,206.9899,218.9714,380430
equity,INE24OJ01011,2026-05-15,236.8442,212.9608,229.7389,616335
equity,INE24OJ01011,2026-05-18,236.1675,219.4491,231.4505,350365
equity,INE24OJ01011,2026-05-19,242.4568,220.0462,224.0865,1616920
equity,INE24OJ01011,2026-05-20,228.3855,215.2496,217.7375,392400
equity,INE24OJ01011,2026-05-21,222.0962,207.9851,210.5724,339325
equity,INE24OJ01011,2026-05-22,215.7472,200.1234,210.5525,678425
equity,INE24OJ01011,2026-05-25,214.9511,206.9899,210.453,199910
equity,INE24OJ01011,2026-05-26,228.8831,209.4181,226.4151,744280
equity,INE24OJ01011,2026-05-27,235.451,223.9073,230.9928,340385
equity,INE24OJ01011,2026-05-29,235.6501,227.8879,231.8287,274330
equity,INE24OJ01011,2026-06-01,231.8287,223.9073,225.3005,80380
equity,INE24OJ01011,2026-06-02,230.0175,224.3253,228.1467,96105
equity,INE24OJ01011,2026-06-03,238.6355,227.1117,230.5151,233455
equity,INE24OJ01011,2026-06-04,236.0083,226.8928,230.7539,83875
equity,INE24OJ01011,2026-06-05,233.0428,223.1311,225.8379,128180
equity,INE24OJ01011,2026-06-08,226.8729,211.2093,213.0006,207310
equity,INE24OJ01011,2026-06-09,221.2603,213.319,216.2845,116135
equity,INE24OJ01011,2026-06-10,222.9122,215.2695,216.0258,78105
equity,INE24OJ01011,2026-06-11,216.4637,204.0045,204.6613,94420
equity,INE24OJ01011,2026-06-12,210.652,201.3574,203.069,134955
equity,INE24OJ01011,2026-06-15,218.3345,195.3069,198.2127,354825
equity,INE24OJ01011,2026-06-16,204.2035,197.2574,202.0142,242195
equity,INE24OJ01011,2026-06-17,212.702,199.2676,208.4428,732500
equity,INE24OJ01011,2026-06-18,209.6569,202.5715,208.5423,182010
equity,INE24OJ01011,2026-06-19,217.7375,202.452,211.2491,184465
equity,INE24OJ01011,2026-06-22,214.2345,206.1938,209.2986,169545
equity,INE24OJ01011,2026-06-23,209.7763,202.0142,204.92,174170
equity,INE24OJ01011,2026-06-24,207.94,202.4,203.1,81995
equity,INE24OJ01011,2026-06-25,208.18,202.6,206.38,235895
equity,INE24OJ01011,2026-06-29,208.38,202.4,203.12,110980
equity,INE24OJ01011,2026-06-30,205.86,199,203.94,79745
equity,INE24OJ01011,2026-07-01,204.56,201.16,201.74,248360
equity,INE24OJ01011,2026-07-02,204.82,200,200.46,97770
equity,INE24OJ01011,2026-07-03,203.18,195.02,196.38,145175
equity,INE24OJ01011,2026-07-06,210.4,194.4,208.6,1493410
equity,INE24OJ01011,2026-07-07,207.1,199.42,200.14,94625
equity,INE24OJ01011,2026-07-08,214,198,211.42,529425
equity,INE24OJ01011,2026-07-09,246,211.06,240.06,3274525
equity,INE24OJ01011,2026-07-10,253,238,250.1,2168065
equity,INE24OJ01011,2026-07-13,273,251.2,259.68,3467695
equity,INE24OJ01011,2026-07-14,260,250.26,254.52,265470
equity,INE24OJ01011,2026-07-15,263.78,251.06,253.72,1645470
equity,INE24OJ01011,2026-07-16,254.6,247,248.62,141745
equity,INE24OJ01011,2026-07-17,248.64,242.54,246.68,158175
equity,INE24OJ01011,2026-07-20,252.78,242.46,245.26,102085
equity,INE24OJ01011,2026-07-21,251.56,244.64,247.08,90205
equity,INE24OJ01011,2026-07-22,248.86,240.4,242.4,143100
equity,INE24OJ01011,2026-07-23,254.4,236.16,249,387510
equity,INE24OJ01011,2026-07-24,251.6,241,247.24,319710
equity,INE24OJ01011,2026-07-27,251.6,241,243.86,173395
equity,INE24OJ01011,2026-07-28,254.8,235.12,238.5,248275
equity,INE24OJ01011,2026-07-29,251.4,238.94,246.04,202390
equity,INE24OJ01011,2026-07-30,247,240.62,242.44,129235
equity,INE24OJ01011,2026-07-31,255.1,241.62,248.44,256415
equity,INE24OJ01011,2026-08-03,272,249.82,268.72,1112170
equity,INE24OJ01011,2026-08-04,276,261.48,267.56,821520
equity,INE24OJ01011,2026-08-05,273.02,259,269.56,950775
equity,INE24OJ01011,2026-08-06,273.74,238.44,267.04,2427255
equity,INE24OJ01011,2026-08-07,274,259,267.24,584895
equity,INE24OJ01011,2026-08-10,267.24,250.2,254.64,325495
equity,INE24OJ01011,2026-08-11,258.74,248.22,254,254705
equity,INE24OJ01011,2026-08-12,255.18,246.86,248.56,186755
equity,INE24OJ01011,2026-08-13,265.66,246.8,253.68,482875
equity,INE24OJ01011,2026-08-14,257.58,249,249.72,200115
equity,INE24OJ01011,2026-08-17,250.44,246.1,248.84,139510
equity,INE24OJ01011,2026-08-18,255.32,246.4,254.02,250530
equity,INE24OJ01011,2026-08-19,256.58,250.62,254.6,175025
equity,INE24OJ01011,2026-08-20,256.28,250.9,252.62,155925
equity,INE24OJ01011,2026-08-21,253.58,250.62,251.28,91385
equity,INE24OJ01011,2026-08-24,253.34,244.1,249.98,403475
equity,INE24OJ01011,2026-08-25,252.9,240,248.26,474245
equity,INE24OJ01011,2026-08-26,260.24,245.36,252.58,474850
equity,INE24OJ01011,2026-08-27,251.8,245.02,248.42,169355
equity,INE24OJ01011,2026-08-28,253.64,248.02,248.74,90535
equity,INE24OJ01011,2026-08-31,255.16,246,250.8,90830
equity,INE24OJ01011,2026-09-01,256,249.16,254.48,156775
equity,INE24OJ01011,2026-09-02,259.6,246.82,252.36,646425
equity,INE24OJ01011,2026-09-03,259.4,252.26,257.76,112085
equity,INE24OJ01011,2026-09-04,261,256.5,259.64,1756845
equity,INE24OJ01011,2026-09-07,264,251,254.28,596030
equity,INE24OJ01011,2026-09-08,264,244.34,260.22,699440
equity,INE24OJ01011,2026-09-09,262.98,258.8,260.54,181720
equity,INE24OJ01011,2026-09-10,272,252.84,254.44,597605
equity,INE24OJ01011,2026-09-11,254.8,248,250.5,193970
equity,INE24OJ01011,2026-09-15,266.8,254.96,256.6,478740
equity,INE24OJ01011,2026-09-16,261.88,250.54,254.2,215660
equity,INE24OJ01011,2026-09-17,255.2,247.64,248.98,91185
equity,INE24OJ01011,2026-09-18,254,239.7,250.76,618905
equity,INE24OJ01011,2026-09-21,262.7,251.88,256,317900
equity,INE24OJ01011,2026-09-22,268.8,257,262.16,554600
equity,INE24OJ01011,2026-09-23,266.56,256.12,258.46,137000
equity,INE24OJ01011,2026-09-24,260.1,251,254.52,971975
equity,INE24OJ01011,2026-09-25,257.06,251.86,255.22,257045
equity,INE24OJ01011,2026-09-28,256.26,250,251.34,345610
equity,INE24OJ01011,2026-09-29,255.82,245.9,248.84,250170
equity,INE24OJ01011,2026-09-30,251.58,244.22,246.2,423570
equity,INE24OJ01011,2026-10-01,251.28,243.8,249.84,259785
equity,INE24OJ01011,2026-10-05,256.8,247.24,253.18,403925
equity,INE24OJ01011,2026-10-06,264.2,255.4,260.3,630775
equity,INE24OJ01011,2026-10-07,265.2,255.12,260.4,557935
commodity,CL=F,2026-10-08,93.2,88.77,90.71,298379
commodity,BZ=F,2026-10-08,105.91,100.75,103.35,46275
commodity,NG=F,2026-10-08,3.298,3.106,3.133,249088
commodity,RB=F,2026-10-08,3.22,3.0798,3.1457,50779
commodity,HO=F,2026-10-08,4.9126,4.6539,4.8441,46764
commodity,HG=F,2026-10-08,6.763,6.557,6.562,45246
commodity,ALI=F,2026-10-08,3263,3151.5,3160.5,3178
commodity,HRC=F,2026-10-08,1299,1293,1295,256
commodity,GC=F,2026-10-08,4170.7002,4128.1001,4159.3999,143297
commodity,SI=F,2026-10-08,60.84,58.73,59.435,46565
commodity,PL=F,2026-10-08,1675,1633,1648.4,17638
commodity,PA=F,2026-10-08,1150,1117.5,1131.5,6651
commodity,ZS=F,2026-10-08,1302,1286.5,1286.5,171356
commodity,ZL=F,2026-10-08,68.31,67.33,67.91,82011
commodity,ZM=F,2026-10-08,368.5,357,357.2,107976
commodity,ZW=F,2026-10-08,691.75,682,683.5,58361
commodity,ZC=F,2026-10-08,503.75,497.75,499.75,185319
commodity,KC=F,2026-10-08,294.9,286,287.85,14516
commodity,SB=F,2026-10-08,21.03,20.09,20.19,71294
commodity,CC=F,2026-10-08,5715,5431,5617,15790
commodity,CT=F,2026-10-08,81.07,80.01,80.11,13608
commodity,ZR=F,2026-10-08,16.935,16.605,16.855,685
commodity,DC=F,2026-10-08,16.18,15.85,16.12,742
crypto,BTC-USD,2026-10-08,83427.1172,80464.0469,81706.2109,46222561280
crypto,ETH-USD,2026-10-08,2583.7615,2410.0891,2467.02,19967137792
crypto,USDT-USD,2026-10-08,0.99963,0.99909,0.99921,98813804544
crypto,BNB-USD,2026-10-08,775.4213,719.5208,732.03,1837997184
crypto,XRP-USD,2026-10-08,1.4273,1.3238,1.3758,4498821120
crypto,SOL-USD,2026-10-08,116.6959,106.1093,109.21,4877270528
crypto,TRX-USD,2026-10-08,0.33631,0.33263,0.33283,487569984
crypto,HYPE32196-USD,2026-10-08,88.7954,82.8076,84.36,1021125376
crypto,DOGE-USD,2026-10-08,0.089584,0.081315,0.08408,1581191296
crypto,XMR-USD,2026-10-08,561.2392,519.7327,526.7432,112152616
crypto,LINK-USD,2026-10-08,13.3538,12.1562,12.63,497450144
crypto,LEO-USD,2026-10-08,8.9583,8.8904,8.8993,190605
crypto,ADA-USD,2026-10-08,0.25763,0.22488,0.23453,874800768
crypto,XLM-USD,2026-10-08,0.20157,0.18591,0.19243,266806896
crypto,DAI-USD,2026-10-08,1.0006,0.99838,0.99957,72613616
crypto,LTC-USD,2026-10-08,66.2448,61.2117,62.884,458294944
crypto,HBAR-USD,2026-10-08,0.096282,0.088441,0.09242,174938032
crypto,AVAX-USD,2026-10-08,11.155,9.8169,10.167,676645440
crypto,SUI20947-USD,2026-10-08,1.1443,1.0002,1.0502,1081607040
crypto,SHIB-USD,2026-10-08,0.0000054792,0.0000051111,0.00000531,88152336
crypto,NEAR-USD,2026-10-08,5.524,4.333,4.5872,2015624064
crypto,USDE29470-USD,2026-10-08,0.99969,0.99932,0.9995,30158006
crypto,POL28321-USD,2026-10-08,0.10338,0.094907,0.09884,171343872
crypto,UNI7083-USD,2026-10-08,8.0167,7.0336,7.3054,900679232
currency,DX-Y.NYB,2026-10-08,102.467,102.033,102.087,
currency,EURUSD=X,2026-10-08,1.1228,1.1176,1.1218,
currency,JPY=X,2026-10-08,158.37,157.504,157.858,
currency,GBPUSD=X,2026-10-08,1.3247,1.3185,1.3232,
currency,CHF=X,2026-10-08,0.83465,0.83061,0.83138,
currency,AUDUSD=X,2026-10-08,0.6975,0.69358,0.69628,
currency,CAD=X,2026-10-08,1.4278,1.4213,1.4223,
currency,INR=X,2026-10-08,96.795,96.658,96.75,
currency,KRW=X,2026-10-08,1345.78,1336.1801,1342.21,
currency,SEK=X,2026-10-08,10.0305,9.9552,9.9669,
currency,MXN=X,2026-10-08,18.228,17.943,18.192,
currency,NZDUSD=X,2026-10-08,0.56142,0.55841,0.56054,
currency,NOK=X,2026-10-08,9.5942,9.5449,9.5618,
currency,TWD=X,2026-10-08,31.972,31.78,31.951,
currency,BRL=X,2026-10-08,5.027,4.9971,5.0207,
currency,ZAR=X,2026-10-08,16.7214,16.5522,16.5788,
currency,PLN=X,2026-10-08,3.9201,3.8976,3.9021,
currency,DKK=X,2026-10-08,6.6896,6.6577,6.6648,
currency,IDR=X,2026-10-08,17898,17875,17890,
currency,TRY=X,2026-10-08,49.2197,49.0389,49.2078,
currency,THB=X,2026-10-08,33.7,33.57,33.61,
currency,ILS=X,2026-10-08,3.0845,3.0558,3.0607,
currency,HUF=X,2026-10-08,328.29,325,325.58,
currency,CZK=X,2026-10-08,21.8457,21.698,21.7207,
currency,CLP=X,2026-10-08,986.79,974.78,977.15,
currency,PHP=X,2026-10-08,63.007,62.649,62.89,
currency,COP=X,2026-10-08,3245.1899,3204.78,3219.3899,
equity,INE025R01021,2026-10-08,319.2,307.65,308.45,339500
equity,INE927X01018,2026-10-08,102700,99250,99260,16
equity,INE131C01011,2026-10-08,11793,11211,11359,43
equity,INE887D01024,2026-10-08,46.85,44.11,44.84,286728
equity,INE1U6D01014,2026-10-08,312.5,296.9,308.6,76800
equity,INE638A01035,2026-10-08,77.45,75.1,75.8,94414
index,^GSPC,2026-10-08,7797.79,7731.2598,7765.3599,3511694000
index,^NDX,2026-10-08,31125.1309,30556.3965,30725.8086,1245672000
index,^RUT,2026-10-08,2795.3818,2762.5806,2794.1282,
index,^DJI,2026-10-08,51245.2813,50939,51231.6406,448658392
index,^FTSE,2026-10-08,10498.5898,10367.25,10441.5996,
index,^GDAXI,2026-10-08,24997.2598,24792.7891,24806.9707,
index,^FCHI,2026-10-08,7768.8999,7679.3599,7729.6899,
index,^STOXX50E,2026-10-08,6165.9399,6090.3101,6126.73,
index,000300.SS,2026-10-08,4383.5674,4289.7944,4310.2764,1975401916
index,^AXJO,2026-10-08,8727.7002,8658.7002,8660.9004,
index,^BVSP,2026-10-08,207953.7344,203984.5625,206227.5156,
index,^MXX,2026-10-08,65045.3008,64498.9297,64968.3984,142421964
index,^GSPTSE,2026-10-08,35215.4297,34952.9492,35145.3789,291664654
index,^IBEX,2026-10-08,19105.0996,18821.9004,18928.9004,107858866
index,FTSEMIB.MI,2026-10-08,49729.9492,49105.8906,49297.8789,
index,^AEX,2026-10-08,1126.23,1107.67,1121.2,
